TCGplayer Id,Product Line,Set Name,Product Name,Title,Number,Rarity,Condition,TCG Market Price,TCG Direct Low,TCG Low Price With Shipping,TCG Low Price,Total Quantity,Add to Quantity,TCG Marketplace Price,Photo URL
"9196764","One Piece Card Game","Adventure on Kami's Island","Absalom","","OP15-079","C","Near Mint","0.08","","1.5000","0.0100","","0","",""
"9196765","One Piece Card Game","Adventure on Kami's Island","Absalom","","OP15-079","C","Lightly Played","0.16","","1.5400","0.0500","","0","",""
"9196766","One Piece Card Game","Adventure on Kami's Island","Absalom","","OP15-079","C","Moderately Played","","","","","","0","",""
"9196767","One Piece Card Game","Adventure on Kami's Island","Absalom","","OP15-079","C","Heavily Played","","","6.2400","0.2500","","0","",""
"9196768","One Piece Card Game","Adventure on Kami's Island","Absalom","","OP15-079","C","Damaged","","","","","","0","",""
"9201361","One Piece Card Game","Adventure on Kami's Island","Adventure on Kami's Island - Dash Pack","","","None","Unopened","4.82","","5.0000","5.0000","","0","",""
"9233365","One Piece Card Game","Adventure on Kami's Island","Adventure on Kami's Island - Sleeved Booster Pack","","","None","Unopened","14.51","","15.0000","15.0000","0","0","10.0000",""
"9177875","One Piece Card Game","Adventure on Kami's Island","Adventure on Kami's Island Booster Box","","","None","Unopened","253.45","","251.6900","251.6900","","0","",""
"9177876","One Piece Card Game","Adventure on Kami's Island","Adventure on Kami's Island Booster Box Case","","","None","Unopened","2902.94","","3100.0000","3097.0000","","0","",""
"9177874","One Piece Card Game","Adventure on Kami's Island","Adventure on Kami's Island Booster Pack","","","None","Unopened","7.62","","7.4900","7.4900","","0","",""
"9196149","One Piece Card Game","Adventure on Kami's Island","Alpha","","EB04-042","C","Near Mint","0.03","","1.5000","0.0100","","0","",""
"9196150","One Piece Card Game","Adventure on Kami's Island","Alpha","","EB04-042","C","Lightly Played","0.13","","1.5200","0.0300","","0","",""
"9196151","One Piece Card Game","Adventure on Kami's Island","Alpha","","EB04-042","C","Moderately Played","","","","","","0","",""
"9196152","One Piece Card Game","Adventure on Kami's Island","Alpha","","EB04-042","C","Heavily Played","","","","","","0","",""
"9196153","One Piece Card Game","Adventure on Kami's Island","Alpha","","EB04-042","C","Damaged","","","","","","0","",""
"9196309","One Piece Card Game","Adventure on Kami's Island","Alvida","","OP15-003","R","Near Mint Foil","0.16","","1.5100","0.0100","","0","",""
"9196310","One Piece Card Game","Adventure on Kami's Island","Alvida","","OP15-003","R","Lightly Played Foil","0.22","","1.6900","0.2000","","0","",""
"9196311","One Piece Card Game","Adventure on Kami's Island","Alvida","","OP15-003","R","Moderately Played Foil","","","","","","0","",""
"9196312","One Piece Card Game","Adventure on Kami's Island","Alvida","","OP15-003","R","Heavily Played Foil","","","","","","0","",""
"9196313","One Piece Card Game","Adventure on Kami's Island","Alvida","","OP15-003","R","Damaged Foil","","","","","","0","",""
"9196314","One Piece Card Game","Adventure on Kami's Island","Alvida (Alternate Art)","","OP15-003","R","Near Mint Foil","5.62","","6.4500","6.4500","","0","",""
"9196315","One Piece Card Game","Adventure on Kami's Island","Alvida (Alternate Art)","","OP15-003","R","Lightly Played Foil","8.09","","6.4000","6.4000","","0","",""
"9196316","One Piece Card Game","Adventure on Kami's Island","Alvida (Alternate Art)","","OP15-003","R","Moderately Played Foil","4.50","","","","","0","",""
"9196317","One Piece Card Game","Adventure on Kami's Island","Alvida (Alternate Art)","","OP15-003","R","Heavily Played Foil","","","","","","0","",""
"9196318","One Piece Card Game","Adventure on Kami's Island","Alvida (Alternate Art)","","OP15-003","R","Damaged Foil","","","","","","0","",""
"9196644","One Piece Card Game","Adventure on Kami's Island","Amazon","","OP15-059","C","Near Mint","0.03","","1.5000","0.0100","","0","",""
"9196645","One Piece Card Game","Adventure on Kami's Island","Amazon","","OP15-059","C","Lightly Played","","","1.5100","0.0200","","0","",""
"9196646","One Piece Card Game","Adventure on Kami's Island","Amazon","","OP15-059","C","Moderately Played","","","","","","0","",""
"9196647","One Piece Card Game","Adventure on Kami's Island","Amazon","","OP15-059","C","Heavily Played","","","","","","0","",""
"9196648","One Piece Card Game","Adventure on Kami's Island","Amazon","","OP15-059","C","Damaged","","","","","","0","",""
"9196614","One Piece Card Game","Adventure on Kami's Island","And No One Else Can Have It! It's Our Memento of Him","","OP15-054","C","Near Mint","0.12","","1.5000","0.0100","","0","",""
"9196615","One Piece Card Game","Adventure on Kami's Island","And No One Else Can Have It! It's Our Memento of Him","","OP15-054","C","Lightly Played","0.09","","1.5500","0.0600","","0","",""
"9196616","One Piece Card Game","Adventure on Kami's Island","And No One Else Can Have It! It's Our Memento of Him","","OP15-054","C","Moderately Played","","","","","","0","",""
"9196617","One Piece Card Game","Adventure on Kami's Island","And No One Else Can Have It! It's Our Memento of Him","","OP15-054","C","Heavily Played","","","","","","0","",""
"9196618","One Piece Card Game","Adventure on Kami's Island","And No One Else Can Have It! It's Our Memento of Him","","OP15-054","C","Damaged","","","","","","0","",""
"9196429","One Piece Card Game","Adventure on Kami's Island","Arlong","","OP15-023","R","Near Mint Foil","0.22","","1.5400","0.0500","","0","",""
"9196430","One Piece Card Game","Adventure on Kami's Island","Arlong","","OP15-023","R","Lightly Played Foil","0.30","","1.7200","0.2300","","0","",""
"9196431","One Piece Card Game","Adventure on Kami's Island","Arlong","","OP15-023","R","Moderately Played Foil","","","12.3000","0.3100","","0","",""
"9196432","One Piece Card Game","Adventure on Kami's Island","Arlong","","OP15-023","R","Heavily Played Foil","","","","","","0","",""
"9196433","One Piece Card Game","Adventure on Kami's Island","Arlong","","OP15-023","R","Damaged Foil","","","","","","0","",""
"9201362","One Piece Card Game","Adventure on Kami's Island","Arlong (Dash Pack)","","OP15-023","R","Near Mint Foil","1.30","","2.4900","1.0000","","0","",""
"9201363","One Piece Card Game","Adventure on Kami's Island","Arlong (Dash Pack)","","OP15-023","R","Lightly Played Foil","2.42","","2.5100","1.0200","","0","",""
"9201364","One Piece Card Game","Adventure on Kami's Island","Arlong (Dash Pack)","","OP15-023","R","Moderately Played Foil","0.99","","","","","0","",""
"9201365","One Piece Card Game","Adventure on Kami's Island","Arlong (Dash Pack)","","OP15-023","R","Heavily Played Foil","","","","","","0","",""
"9201366","One Piece Card Game","Adventure on Kami's Island","Arlong (Dash Pack)","","OP15-023","R","Damaged Foil","1.00","","2.9800","0.9900","","0","",""
"9196404","One Piece Card Game","Adventure on Kami's Island","Barrier Bulls","","OP15-019","UC","Near Mint","0.15","","1.5200","0.0300","","0","",""
"9196405","One Piece Card Game","Adventure on Kami's Island","Barrier Bulls","","OP15-019","UC","Lightly Played","0.18","","1.5500","0.0600","","0","",""
"9196406","One Piece Card Game","Adventure on Kami's Island","Barrier Bulls","","OP15-019","UC","Moderately Played","","","","","","0","",""
"9196407","One Piece Card Game","Adventure on Kami's Island","Barrier Bulls","","OP15-019","UC","Heavily Played","","","","","","0","",""
"9196408","One Piece Card Game","Adventure on Kami's Island","Barrier Bulls","","OP15-019","UC","Damaged","","","","","","0","",""
"9196234","One Piece Card Game","Adventure on Kami's Island","Bartholomew Kuma (EB04-054)","","EB04-054","R","Near Mint Foil","0.17","","1.5400","0.0500","","0","",""
"9196235","One Piece Card Game","Adventure on Kami's Island","Bartholomew Kuma (EB04-054)","","EB04-054","R","Lightly Played Foil","0.29","","1.6900","0.2000","","0","",""
"9196236","One Piece Card Game","Adventure on Kami's Island","Bartholomew Kuma (EB04-054)","","EB04-054","R","Moderately Played Foil","0.25","","1.8900","0.4000","","0","",""
"9196237","One Piece Card Game","Adventure on Kami's Island","Bartholomew Kuma (EB04-054)","","EB04-054","R","Heavily Played Foil","","","","","","0","",""
"9196238","One Piece Card Game","Adventure on Kami's Island","Bartholomew Kuma (EB04-054)","","EB04-054","R","Damaged Foil","","","","","","0","",""
"9196239","One Piece Card Game","Adventure on Kami's Island","Bartholomew Kuma (EB04-055)","","EB04-055","C","Near Mint","0.04","","1.5000","0.0100","","0","",""
"9196240","One Piece Card Game","Adventure on Kami's Island","Bartholomew Kuma (EB04-055)","","EB04-055","C","Lightly Played","0.14","","1.5300","0.0400","","0","",""
"9196241","One Piece Card Game","Adventure on Kami's Island","Bartholomew Kuma (EB04-055)","","EB04-055","C","Moderately Played","","","","","","0","",""
"9196242","One Piece Card Game","Adventure on Kami's Island","Bartholomew Kuma (EB04-055)","","EB04-055","C","Heavily Played","","","","","","0","",""
"9196243","One Piece Card Game","Adventure on Kami's Island","Bartholomew Kuma (EB04-055)","","EB04-055","C","Damaged","","","","","","0","",""
"9196464","One Piece Card Game","Adventure on Kami's Island","Bartholomew Kuma (OP15-029)","","OP15-029","C","Near Mint","0.04","","1.5000","0.0100","","0","",""
"9196465","One Piece Card Game","Adventure on Kami's Island","Bartholomew Kuma (OP15-029)","","OP15-029","C","Lightly Played","0.15","","1.5300","0.0400","","0","",""
"9196466","One Piece Card Game","Adventure on Kami's Island","Bartholomew Kuma (OP15-029)","","OP15-029","C","Moderately Played","","","","","","0","",""
"9196467","One Piece Card Game","Adventure on Kami's Island","Bartholomew Kuma (OP15-029)","","OP15-029","C","Heavily Played","","","","","","0","",""
"9196468","One Piece Card Game","Adventure on Kami's Island","Bartholomew Kuma (OP15-029)","","OP15-029","C","Damaged","","","1.7700","0.2500","","0","",""
"9196379","One Piece Card Game","Adventure on Kami's Island","Bartolomeo","","OP15-014","R","Near Mint Foil","0.17","","1.5600","0.0700","","0","",""
"9196380","One Piece Card Game","Adventure on Kami's Island","Bartolomeo","","OP15-014","R","Lightly Played Foil","0.14","","1.6300","0.1400","","0","",""
"9196381","One Piece Card Game","Adventure on Kami's Island","Bartolomeo","","OP15-014","R","Moderately Played Foil","","","10.1900","0.2000","","0","",""
"9196382","One Piece Card Game","Adventure on Kami's Island","Bartolomeo","","OP15-014","R","Heavily Played Foil","","","","","","0","",""
"9196383","One Piece Card Game","Adventure on Kami's Island","Bartolomeo","","OP15-014","R","Damaged Foil","","","","","","0","",""
"9201367","One Piece Card Game","Adventure on Kami's Island","Bartolomeo (Dash Pack)","","OP15-014","R","Near Mint Foil","0.35","","1.7000","0.2100","","0","",""
"9201368","One Piece Card Game","Adventure on Kami's Island","Bartolomeo (Dash Pack)","","OP15-014","R","Lightly Played Foil","0.76","","2.3400","0.8500","","0","",""
"9201369","One Piece Card Game","Adventure on Kami's Island","Bartolomeo (Dash Pack)","","OP15-014","R","Moderately Played Foil","0.50","","","","","0","",""
"9201370","One Piece Card Game","Adventure on Kami's Island","Bartolomeo (Dash Pack)","","OP15-014","R","Heavily Played Foil","","","","","","0","",""
"9201371","One Piece Card Game","Adventure on Kami's Island","Bartolomeo (Dash Pack)","","OP15-014","R","Damaged Foil","","","","","","0","",""
"9196264","One Piece Card Game","Adventure on Kami's Island","Black Rope Dragon Twister","","EB04-059","R","Near Mint Foil","0.22","","1.5400","0.0500","","0","",""
"9196265","One Piece Card Game","Adventure on Kami's Island","Black Rope Dragon Twister","","EB04-059","R","Lightly Played Foil","0.30","","1.6900","0.2000","","0","",""
"9196266","One Piece Card Game","Adventure on Kami's Island","Black Rope Dragon Twister","","EB04-059","R","Moderately Played Foil","0.25","","1.9300","0.4400","","0","",""
"9196267","One Piece Card Game","Adventure on Kami's Island","Black Rope Dragon Twister","","EB04-059","R","Heavily Played Foil","","","","","","0","",""
"9196268","One Piece Card Game","Adventure on Kami's Island","Black Rope Dragon Twister","","EB04-059","R","Damaged Foil","","","1.5000","0.0100","","0","",""
"9193980","One Piece Card Game","Adventure on Kami's Island","Boa Hancock (SP)","","OP12-014","SR","Near Mint Foil","560.90","","514.9900","514.0000","","0","",""
"9193981","One Piece Card Game","Adventure on Kami's Island","Boa Hancock (SP)","","OP12-014","SR","Lightly Played Foil","493.50","","479.4400","479.4400","","0","",""
"9193982","One Piece Card Game","Adventure on Kami's Island","Boa Hancock (SP)","","OP12-014","SR","Moderately Played Foil","299.00","","","","","0","",""
"9193983","One Piece Card Game","Adventure on Kami's Island","Boa Hancock (SP)","","OP12-014","SR","Heavily Played Foil","","","","","","0","",""
"9193984","One Piece Card Game","Adventure on Kami's Island","Boa Hancock (SP)","","OP12-014","SR","Damaged Foil","","","","","","0","",""
"9196589","One Piece Card Game","Adventure on Kami's Island","Bobby Funk","","OP15-050","C","Near Mint","0.03","","1.5000","0.0100","","0","",""
"9196590","One Piece Card Game","Adventure on Kami's Island","Bobby Funk","","OP15-050","C","Lightly Played","0.15","","1.5300","0.0400","","0","",""
"9196591","One Piece Card Game","Adventure on Kami's Island","Bobby Funk","","OP15-050","C","Moderately Played","","","","","","0","",""
"9196592","One Piece Card Game","Adventure on Kami's Island","Bobby Funk","","OP15-050","C","Heavily Played","","","","","","0","",""
"9196593","One Piece Card Game","Adventure on Kami's Island","Bobby Funk","","OP15-050","C","Damaged","","","","","","0","",""
"9196254","One Piece Card Game","Adventure on Kami's Island","Borsalino","","EB04-058","SR","Near Mint Foil","21.97","","20.7400","20.7400","0","0","16.2900",""
"9196255","One Piece Card Game","Adventure on Kami's Island","Borsalino","","EB04-058","SR","Lightly Played Foil","24.82","","25.2100","22.2100","","0","",""
"9196256","One Piece Card Game","Adventure on Kami's Island","Borsalino","","EB04-058","SR","Moderately Played Foil","19.74","","","","","0","",""
"9196257","One Piece Card Game","Adventure on Kami's Island","Borsalino","","EB04-058","SR","Heavily Played Foil","23.99","","","","","0","",""
"9196258","One Piece Card Game","Adventure on Kami's Island","Borsalino","","EB04-058","SR","Damaged Foil","19.99","","","","","0","",""
"9196259","One Piece Card Game","Adventure on Kami's Island","Borsalino (Alternate Art)","","EB04-058","SR","Near Mint Foil","68.29","","66.9800","65.4900","","0","",""
"9196260","One Piece Card Game","Adventure on Kami's Island","Borsalino (Alternate Art)","","EB04-058","SR","Lightly Played Foil","77.59","","77.1400","75.6000","","0","",""
"9196261","One Piece Card Game","Adventure on Kami's Island","Borsalino (Alternate Art)","","EB04-058","SR","Moderately Played Foil","72.99","","","","","0","",""
"9196262","One Piece Card Game","Adventure on Kami's Island","Borsalino (Alternate Art)","","EB04-058","SR","Heavily Played Foil","","","","","","0","",""
"9196263","One Piece Card Game","Adventure on Kami's Island","Borsalino (Alternate Art)","","EB04-058","SR","Damaged Foil","","","","","","0","",""
"9196939","One Piece Card Game","Adventure on Kami's Island","Braham","","OP15-110","C","Near Mint","0.06","","1.5000","0.0100","","0","",""
"9196940","One Piece Card Game","Adventure on Kami's Island","Braham","","OP15-110","C","Lightly Played","0.13","","1.5300","0.0400","","0","",""
"9196941","One Piece Card Game","Adventure on Kami's Island","Braham","","OP15-110","C","Moderately Played","","","","","","0","",""
"9196942","One Piece Card Game","Adventure on Kami's Island","Braham","","OP15-110","C","Heavily Played","","","","","","0","",""
"9196943","One Piece Card Game","Adventure on Kami's Island","Braham","","OP15-110","C","Damaged","","","","","","0","",""
"9196419","One Piece Card Game","Adventure on Kami's Island","Brook (OP15-022)","","OP15-022","L","Near Mint","0.14","","1.5000","0.0100","","0","",""
"9196420","One Piece Card Game","Adventure on Kami's Island","Brook (OP15-022)","","OP15-022","L","Lightly Played","0.08","","1.5700","0.0800","","0","",""
"9196421","One Piece Card Game","Adventure on Kami's Island","Brook (OP15-022)","","OP15-022","L","Moderately Played","","","5.4800","3.9900","","0","",""
"9196422","One Piece Card Game","Adventure on Kami's Island","Brook (OP15-022)","","OP15-022","L","Heavily Played","","","","","","0","",""
"9196423","One Piece Card Game","Adventure on Kami's Island","Brook (OP15-022)","","OP15-022","L","Damaged","","","","","","0","",""
"9196424","One Piece Card Game","Adventure on Kami's Island","Brook (OP15-022) (Alternate Art)","","OP15-022","L","Near Mint Foil","68.29","","63.9900","62.0000","","0","",""
"9196425","One Piece Card Game","Adventure on Kami's Island","Brook (OP15-022) (Alternate Art)","","OP15-022","L","Lightly Played Foil","69.23","","73.1000","73.1000","","0","",""
"9196426","One Piece Card Game","Adventure on Kami's Island","Brook (OP15-022) (Alternate Art)","","OP15-022","L","Moderately Played Foil","","","","","","0","",""
"9196427","One Piece Card Game","Adventure on Kami's Island","Brook (OP15-022) (Alternate Art)","","OP15-022","L","Heavily Played Foil","","","","","","0","",""
"9196428","One Piece Card Game","Adventure on Kami's Island","Brook (OP15-022) (Alternate Art)","","OP15-022","L","Damaged Foil","49.99","","","","","0","",""
"9196479","One Piece Card Game","Adventure on Kami's Island","Brook (OP15-032)","","OP15-032","SR","Near Mint Foil","2.77","","3.9400","2.4500","","0","",""
"9196480","One Piece Card Game","Adventure on Kami's Island","Brook (OP15-032)","","OP15-032","SR","Lightly Played Foil","3.13","","4.4900","3.0000","","0","",""
"9196481","One Piece Card Game","Adventure on Kami's Island","Brook (OP15-032)","","OP15-032","SR","Moderately Played Foil","3.70","","6.2800","4.7900","","0","",""
"9196482","One Piece Card Game","Adventure on Kami's Island","Brook (OP15-032)","","OP15-032","SR","Heavily Played Foil","","","","","","0","",""
"9196483","One Piece Card Game","Adventure on Kami's Island","Brook (OP15-032)","","OP15-032","SR","Damaged Foil","","","","","","0","",""
"9196484","One Piece Card Game","Adventure on Kami's Island","Brook (OP15-032) (Alternate Art)","","OP15-032","SR","Near Mint Foil","38.07","","34.0000","33.0000","","0","",""
"9196485","One Piece Card Game","Adventure on Kami's Island","Brook (OP15-032) (Alternate Art)","","OP15-032","SR","Lightly Played Foil","28.90","","42.5400","42.5400","","0","",""
"9196486","One Piece Card Game","Adventure on Kami's Island","Brook (OP15-032) (Alternate Art)","","OP15-032","SR","Moderately Played Foil","33.50","","","","","0","",""
"9196487","One Piece Card Game","Adventure on Kami's Island","Brook (OP15-032) (Alternate Art)","","OP15-032","SR","Heavily Played Foil","","","","","","0","",""
"9196488","One Piece Card Game","Adventure on Kami's Island","Brook (OP15-032) (Alternate Art)","","OP15-032","SR","Damaged Foil","","","","","","0","",""
"9196369","One Piece Card Game","Adventure on Kami's Island","Buggy","","OP15-012","C","Near Mint","0.09","","1.5000","0.0100","","0","",""
"9196370","One Piece Card Game","Adventure on Kami's Island","Buggy","","OP15-012","C","Lightly Played","0.08","","1.5400","0.0500","","0","",""
"9196371","One Piece Card Game","Adventure on Kami's Island","Buggy","","OP15-012","C","Moderately Played","","","","","","0","",""
"9196372","One Piece Card Game","Adventure on Kami's Island","Buggy","","OP15-012","C","Heavily Played","","","","","","0","",""
"9196373","One Piece Card Game","Adventure on Kami's Island","Buggy","","OP15-012","C","Damaged","","","","","","0","",""
"9196324","One Piece Card Game","Adventure on Kami's Island","Cabaji","","OP15-005","C","Near Mint","0.06","","1.5000","0.0100","","0","",""
"9196325","One Piece Card Game","Adventure on Kami's Island","Cabaji","","OP15-005","C","Lightly Played","0.11","","1.5300","0.0400","","0","",""
"9196326","One Piece Card Game","Adventure on Kami's Island","Cabaji","","OP15-005","C","Moderately Played","","","1.7200","0.2000","","0","",""
"9196327","One Piece Card Game","Adventure on Kami's Island","Cabaji","","OP15-005","C","Heavily Played","","","","","","0","",""
"9196328","One Piece Card Game","Adventure on Kami's Island","Cabaji","","OP15-005","C","Damaged","","","","","","0","",""
"9196669","One Piece Card Game","Adventure on Kami's Island","Captain Seamars","","OP15-062","UC","Near Mint","0.04","","1.5000","0.0100","","0","",""
"9196670","One Piece Card Game","Adventure on Kami's Island","Captain Seamars","","OP15-062","UC","Lightly Played","0.06","","1.5000","0.0100","","0","",""
"9196671","One Piece Card Game","Adventure on Kami's Island","Captain Seamars","","OP15-062","UC","Moderately Played","","","","","","0","",""
"9196672","One Piece Card Game","Adventure on Kami's Island","Captain Seamars","","OP15-062","UC","Heavily Played","","","","","","0","",""
"9196673","One Piece Card Game","Adventure on Kami's Island","Captain Seamars","","OP15-062","UC","Damaged","","","","","","0","",""
"9196329","One Piece Card Game","Adventure on Kami's Island","Cavendish","","OP15-006","UC","Near Mint","0.13","","1.5000","0.0100","","0","",""
"9196330","One Piece Card Game","Adventure on Kami's Island","Cavendish","","OP15-006","UC","Lightly Played","0.14","","1.5300","0.0400","","0","",""
"9196331","One Piece Card Game","Adventure on Kami's Island","Cavendish","","OP15-006","UC","Moderately Played","","","1.8900","0.4000","","0","",""
"9196332","One Piece Card Game","Adventure on Kami's Island","Cavendish","","OP15-006","UC","Heavily Played","","","","","","0","",""
"9196333","One Piece Card Game","Adventure on Kami's Island","Cavendish","","OP15-006","UC","Damaged","","","","","","0","",""
"9196779","One Piece Card Game","Adventure on Kami's Island","Charlotte Lola","","OP15-082","C","Near Mint","0.05","","1.5000","0.0100","","0","",""
"9196780","One Piece Card Game","Adventure on Kami's Island","Charlotte Lola","","OP15-082","C","Lightly Played","0.11","","1.5300","0.0400","","0","",""
"9196781","One Piece Card Game","Adventure on Kami's Island","Charlotte Lola","","OP15-082","C","Moderately Played","","","","","","0","",""
"9196782","One Piece Card Game","Adventure on Kami's Island","Charlotte Lola","","OP15-082","C","Heavily Played","","","","","","0","",""
"9196783","One Piece Card Game","Adventure on Kami's Island","Charlotte Lola","","OP15-082","C","Damaged","","","","","","0","",""
"9196579","One Piece Card Game","Adventure on Kami's Island","Chinjao","","OP15-048","C","Near Mint","0.06","","1.5000","0.0100","","0","",""
"9196580","One Piece Card Game","Adventure on Kami's Island","Chinjao","","OP15-048","C","Lightly Played","0.13","","1.5300","0.0400","","0","",""
"9196581","One Piece Card Game","Adventure on Kami's Island","Chinjao","","OP15-048","C","Moderately Played","","","","","","0","",""
"9196582","One Piece Card Game","Adventure on Kami's Island","Chinjao","","OP15-048","C","Heavily Played","","","","","","0","",""
"9196583","One Piece Card Game","Adventure on Kami's Island","Chinjao","","OP15-048","C","Damaged","","","","","","0","",""
"9196904","One Piece Card Game","Adventure on Kami's Island","Conis","","OP15-104","C","Near Mint","0.04","","1.5000","0.0100","","0","",""
"9196905","One Piece Card Game","Adventure on Kami's Island","Conis","","OP15-104","C","Lightly Played","0.12","","1.5300","0.0400","","0","",""
"9196906","One Piece Card Game","Adventure on Kami's Island","Conis","","OP15-104","C","Moderately Played","","","","","","0","",""
"9196907","One Piece Card Game","Adventure on Kami's Island","Conis","","OP15-104","C","Heavily Played","","","","","","0","",""
"9196908","One Piece Card Game","Adventure on Kami's Island","Conis","","OP15-104","C","Damaged","","","","","","0","",""
"9196134","One Piece Card Game","Adventure on Kami's Island","Distorted Future","","EB04-008","R","Near Mint Foil","0.16","","1.5100","0.0200","","0","",""
"9196135","One Piece Card Game","Adventure on Kami's Island","Distorted Future","","EB04-008","R","Lightly Played Foil","0.37","","1.6900","0.2000","","0","",""
"9196136","One Piece Card Game","Adventure on Kami's Island","Distorted Future","","EB04-008","R","Moderately Played Foil","0.18","","12.3000","0.3100","","0","",""
"9196137","One Piece Card Game","Adventure on Kami's Island","Distorted Future","","EB04-008","R","Heavily Played Foil","","","1.7400","0.2500","","0","",""
"9196138","One Piece Card Game","Adventure on Kami's Island","Distorted Future","","EB04-008","R","Damaged Foil","0.25","","","","","0","",""
"9196184","One Piece Card Game","Adventure on Kami's Island","Doll","","EB04-046","C","Near Mint","0.09","","1.5000","0.0100","","0","",""
"9196185","One Piece Card Game","Adventure on Kami's Island","Doll","","EB04-046","C","Lightly Played","0.13","","1.5300","0.0400","","0","",""
"9196186","One Piece Card Game","Adventure on Kami's Island","Doll","","EB04-046","C","Moderately Played","","","","","","0","",""
"9196187","One Piece Card Game","Adventure on Kami's Island","Doll","","EB04-046","C","Heavily Played","","","","","","0","",""
"9196188","One Piece Card Game","Adventure on Kami's Island","Doll","","EB04-046","C","Damaged","","","","","","0","",""
"9255382","One Piece Card Game","Adventure on Kami's Island","DON!! Card (Enel Lightning) (Double Pack Set Vol. 10)","","","DON!!","Near Mint Foil","4.25","","5.0600","5.0600","","0","",""
"9255383","One Piece Card Game","Adventure on Kami's Island","DON!! Card (Enel Lightning) (Double Pack Set Vol. 10)","","","DON!!","Lightly Played Foil","3.88","","5.8300","3.8800","","0","",""
"9255384","One Piece Card Game","Adventure on Kami's Island","DON!! Card (Enel Lightning) (Double Pack Set Vol. 10)","","","DON!!","Moderately Played Foil","2.64","","","","","0","",""
"9255385","One Piece Card Game","Adventure on Kami's Island","DON!! Card (Enel Lightning) (Double Pack Set Vol. 10)","","","DON!!","Heavily Played Foil","","","","","","0","",""
"9255386","One Piece Card Game","Adventure on Kami's Island","DON!! Card (Enel Lightning) (Double Pack Set Vol. 10)","","","DON!!","Damaged Foil","1.85","","","","","0","",""
"9209357","One Piece Card Game","Adventure on Kami's Island","DON!! Card (Luffy)","","","DON!!","Near Mint Foil","0.31","","1.5700","0.0800","","0","",""
"9209358","One Piece Card Game","Adventure on Kami's Island","DON!! Card (Luffy)","","","DON!!","Lightly Played Foil","0.31","","1.6900","0.2000","","0","",""
"9209359","One Piece Card Game","Adventure on Kami's Island","DON!! Card (Luffy)","","","DON!!","Moderately Played Foil","0.20","","1.7000","0.2000","","0","",""
"9209360","One Piece Card Game","Adventure on Kami's Island","DON!! Card (Luffy)","","","DON!!","Heavily Played Foil","","","6.0000","6.0000","","0","",""
"9209361","One Piece Card Game","Adventure on Kami's Island","DON!! Card (Luffy)","","","DON!!","Damaged Foil","","","2.4900","1.0000","","0","",""
"9209362","One Piece Card Game","Adventure on Kami's Island","DON!! Card (Luffy) (Gold)","","","DON!!","Near Mint Foil","6.85","","6.3600","4.8600","","0","",""
"9209363","One Piece Card Game","Adventure on Kami's Island","DON!! Card (Luffy) (Gold)","","","DON!!","Lightly Played Foil","7.56","","9.5100","7.5600","","0","",""
"9209364","One Piece Card Game","Adventure on Kami's Island","DON!! Card (Luffy) (Gold)","","","DON!!","Moderately Played Foil","8.07","","","","","0","",""
"9209365","One Piece Card Game","Adventure on Kami's Island","DON!! Card (Luffy) (Gold)","","","DON!!","Heavily Played Foil","","","","","","0","",""
"9209366","One Piece Card Game","Adventure on Kami's Island","DON!! Card (Luffy) (Gold)","","","DON!!","Damaged Foil","","","","","","0","",""
"9255387","One Piece Card Game","Adventure on Kami's Island","DON!! Card (Sky Island Map) (Double Pack Set Vol. 10)","","","DON!!","Near Mint Foil","1.19","","2.3900","0.8900","","0","",""
"9255388","One Piece Card Game","Adventure on Kami's Island","DON!! Card (Sky Island Map) (Double Pack Set Vol. 10)","","","DON!!","Lightly Played Foil","1.19","","2.4300","0.9400","","0","",""
"9255389","One Piece Card Game","Adventure on Kami's Island","DON!! Card (Sky Island Map) (Double Pack Set Vol. 10)","","","DON!!","Moderately Played Foil","1.00","","","","","0","",""
"9255390","One Piece Card Game","Adventure on Kami's Island","DON!! Card (Sky Island Map) (Double Pack Set Vol. 10)","","","DON!!","Heavily Played Foil","","","","","","0","",""
"9255391","One Piece Card Game","Adventure on Kami's Island","DON!! Card (Sky Island Map) (Double Pack Set Vol. 10)","","","DON!!","Damaged Foil","1.99","","2.3400","0.8500","","0","",""
"9182187","One Piece Card Game","Adventure on Kami's Island","Double Pack Set Vol. 10","","","None","Unopened","41.42","","44.0000","37.0000","","0","",""
"9182188","One Piece Card Game","Adventure on Kami's Island","Double Pack Set Vol. 10 Display","","","None","Unopened","254.76","","338.0000","338.0000","","0","",""
"9196789","One Piece Card Game","Adventure on Kami's Island","Dr. Hogback","","OP15-084","C","Near Mint","0.08","","1.5000","0.0100","","0","",""
"9196790","One Piece Card Game","Adventure on Kami's Island","Dr. Hogback","","OP15-084","C","Lightly Played","0.10","","1.5300","0.0400","","0","",""
"9196791","One Piece Card Game","Adventure on Kami's Island","Dr. Hogback","","OP15-084","C","Moderately Played","","","","","","0","",""
"9196792","One Piece Card Game","Adventure on Kami's Island","Dr. Hogback","","OP15-084","C","Heavily Played","","","1.7200","0.2000","","0","",""
"9196793","One Piece Card Game","Adventure on Kami's Island","Dr. Hogback","","OP15-084","C","Damaged","","","","","","0","",""
"9196454","One Piece Card Game","Adventure on Kami's Island","Dracule Mihawk","","OP15-027","C","Near Mint","0.10","","1.5000","0.0100","","0","",""
"9196455","One Piece Card Game","Adventure on Kami's Island","Dracule Mihawk","","OP15-027","C","Lightly Played","0.10","","1.5400","0.0500","","0","",""
"9196456","One Piece Card Game","Adventure on Kami's Island","Dracule Mihawk","","OP15-027","C","Moderately Played","","","","","","0","",""
"9196457","One Piece Card Game","Adventure on Kami's Island","Dracule Mihawk","","OP15-027","C","Heavily Played","","","","","","0","",""
"9196458","One Piece Card Game","Adventure on Kami's Island","Dracule Mihawk","","OP15-027","C","Damaged","","","","","","0","",""
"9196629","One Piece Card Game","Adventure on Kami's Island","Dressrosa Kingdom","","OP15-057","C","Near Mint","0.11","","1.5000","0.0100","","0","",""
"9196630","One Piece Card Game","Adventure on Kami's Island","Dressrosa Kingdom","","OP15-057","C","Lightly Played","0.08","","1.5500","0.0600","","0","",""
"9196631","One Piece Card Game","Adventure on Kami's Island","Dressrosa Kingdom","","OP15-057","C","Moderately Played","","","","","","0","",""
"9196632","One Piece Card Game","Adventure on Kami's Island","Dressrosa Kingdom","","OP15-057","C","Heavily Played","","","","","","0","",""
"9196633","One Piece Card Game","Adventure on Kami's Island","Dressrosa Kingdom","","OP15-057","C","Damaged","","","","","","0","",""
"9194016","One Piece Card Game","Adventure on Kami's Island","Edward.Newgate (SP)","","OP13-042","SR","Near Mint Foil","208.85","","158.7400","158.7400","","0","",""
"9194017","One Piece Card Game","Adventure on Kami's Island","Edward.Newgate (SP)","","OP13-042","SR","Lightly Played Foil","220.89","","175.0000","175.0000","","0","",""
"9194018","One Piece Card Game","Adventure on Kami's Island","Edward.Newgate (SP)","","OP13-042","SR","Moderately Played Foil","","","","","","0","",""
"9194019","One Piece Card Game","Adventure on Kami's Island","Edward.Newgate (SP)","","OP13-042","SR","Heavily Played Foil","140.00","","","","","0","",""
"9194020","One Piece Card Game","Adventure on Kami's Island","Edward.Newgate (SP)","","OP13-042","SR","Damaged Foil","100.00","","180.0000","180.0000","","0","",""
"9196734","One Piece Card Game","Adventure on Kami's Island","El Thor","","OP15-075","UC","Near Mint","0.12","","1.5400","0.0500","","0","",""
"9196735","One Piece Card Game","Adventure on Kami's Island","El Thor","","OP15-075","UC","Lightly Played","0.15","","1.5400","0.0500","","0","",""
"9196736","One Piece Card Game","Adventure on Kami's Island","El Thor","","OP15-075","UC","Moderately Played","","","","","","0","",""
"9196737","One Piece Card Game","Adventure on Kami's Island","El Thor","","OP15-075","UC","Heavily Played","","","","","","0","",""
"9196738","One Piece Card Game","Adventure on Kami's Island","El Thor","","OP15-075","UC","Damaged","","","","","","0","",""
"9196214","One Piece Card Game","Adventure on Kami's Island","Emet","","EB04-051","C","Near Mint","0.05","","1.5000","0.0100","","0","",""
"9196215","One Piece Card Game","Adventure on Kami's Island","Emet","","EB04-051","C","Lightly Played","0.15","","1.5200","0.0300","","0","",""
"9196216","One Piece Card Game","Adventure on Kami's Island","Emet","","EB04-051","C","Moderately Played","","","","","","0","",""
"9196217","One Piece Card Game","Adventure on Kami's Island","Emet","","EB04-051","C","Heavily Played","","","","","","0","",""
"9196218","One Piece Card Game","Adventure on Kami's Island","Emet","","EB04-051","C","Damaged","","","3.0000","0.0100","","0","",""
"9196634","One Piece Card Game","Adventure on Kami's Island","Enel (OP15-058)","","OP15-058","L","Near Mint","0.14","","1.5500","0.0500","","0","",""
"9196635","One Piece Card Game","Adventure on Kami's Island","Enel (OP15-058)","","OP15-058","L","Lightly Played","0.22","","1.7000","0.2100","","0","",""
"9196636","One Piece Card Game","Adventure on Kami's Island","Enel (OP15-058)","","OP15-058","L","Moderately Played","","","4.4900","3.0000","","0","",""
"9196637","One Piece Card Game","Adventure on Kami's Island","Enel (OP15-058)","","OP15-058","L","Heavily Played","","","","","","0","",""
"9196638","One Piece Card Game","Adventure on Kami's Island","Enel (OP15-058)","","OP15-058","L","Damaged","","","","","","0","",""
"9196639","One Piece Card Game","Adventure on Kami's Island","Enel (OP15-058) (Alternate Art)","","OP15-058","L","Near Mint Foil","28.54","","27.9900","27.9900","","0","",""
"9196640","One Piece Card Game","Adventure on Kami's Island","Enel (OP15-058) (Alternate Art)","","OP15-058","L","Lightly Played Foil","50.04","","34.7700","32.7800","","0","",""
"9196641","One Piece Card Game","Adventure on Kami's Island","Enel (OP15-058) (Alternate Art)","","OP15-058","L","Moderately Played Foil","49.99","","","","","0","",""
"9196642","One Piece Card Game","Adventure on Kami's Island","Enel (OP15-058) (Alternate Art)","","OP15-058","L","Heavily Played Foil","34.95","","","","","0","",""
"9196643","One Piece Card Game","Adventure on Kami's Island","Enel (OP15-058) (Alternate Art)","","OP15-058","L","Damaged Foil","","","","","","0","",""
"9196649","One Piece Card Game","Adventure on Kami's Island","Enel (OP15-060)","","OP15-060","SR","Near Mint Foil","0.35","","1.5000","0.0100","","0","",""
"9196650","One Piece Card Game","Adventure on Kami's Island","Enel (OP15-060)","","OP15-060","SR","Lightly Played Foil","0.44","","1.8900","0.4000","","0","",""
"9196651","One Piece Card Game","Adventure on Kami's Island","Enel (OP15-060)","","OP15-060","SR","Moderately Played Foil","","","8.0000","8.0000","","0","",""
"9196652","One Piece Card Game","Adventure on Kami's Island","Enel (OP15-060)","","OP15-060","SR","Heavily Played Foil","0.30","","","","","0","",""
"9196653","One Piece Card Game","Adventure on Kami's Island","Enel (OP15-060)","","OP15-060","SR","Damaged Foil","","","","","","0","",""
"9196654","One Piece Card Game","Adventure on Kami's Island","Enel (OP15-060) (Alternate Art)","","OP15-060","SR","Near Mint Foil","4.98","","5.1300","5.1300","","0","",""
"9196655","One Piece Card Game","Adventure on Kami's Island","Enel (OP15-060) (Alternate Art)","","OP15-060","SR","Lightly Played Foil","12.15","","5.4400","5.4400","","0","",""
"9196656","One Piece Card Game","Adventure on Kami's Island","Enel (OP15-060) (Alternate Art)","","OP15-060","SR","Moderately Played Foil","17.00","","","","","0","",""
"9196657","One Piece Card Game","Adventure on Kami's Island","Enel (OP15-060) (Alternate Art)","","OP15-060","SR","Heavily Played Foil","","","","","","0","",""
"9196658","One Piece Card Game","Adventure on Kami's Island","Enel (OP15-060) (Alternate Art)","","OP15-060","SR","Damaged Foil","","","","","","0","",""
"9196994","One Piece Card Game","Adventure on Kami's Island","Enel (OP15-118)","","OP15-118","SEC","Near Mint Foil","9.73","","9.7500","8.2500","0","0","18.0000",""
"9196995","One Piece Card Game","Adventure on Kami's Island","Enel (OP15-118)","","OP15-118","SEC","Lightly Played Foil","9.79","","10.0000","10.0000","","0","",""
"9196996","One Piece Card Game","Adventure on Kami's Island","Enel (OP15-118)","","OP15-118","SEC","Moderately Played Foil","14.62","","","","","0","",""
"9196997","One Piece Card Game","Adventure on Kami's Island","Enel (OP15-118)","","OP15-118","SEC","Heavily Played Foil","21.01","","","","","0","",""
"9196998","One Piece Card Game","Adventure on Kami's Island","Enel (OP15-118)","","OP15-118","SEC","Damaged Foil","20.00","","","","","0","",""
"9196999","One Piece Card Game","Adventure on Kami's Island","Enel (OP15-118) (Alternate Art)","","OP15-118","SEC","Near Mint Foil","27.08","","27.7500","27.0000","","0","",""
"9197000","One Piece Card Game","Adventure on Kami's Island","Enel (OP15-118) (Alternate Art)","","OP15-118","SEC","Lightly Played Foil","41.40","","33.2300","31.2400","","0","",""
"9197001","One Piece Card Game","Adventure on Kami's Island","Enel (OP15-118) (Alternate Art)","","OP15-118","SEC","Moderately Played Foil","","","","","","0","",""
"9197002","One Piece Card Game","Adventure on Kami's Island","Enel (OP15-118) (Alternate Art)","","OP15-118","SEC","Heavily Played Foil","","","","","","0","",""
"9197003","One Piece Card Game","Adventure on Kami's Island","Enel (OP15-118) (Alternate Art)","","OP15-118","SEC","Damaged Foil","","","","","","0","",""
"9197004","One Piece Card Game","Adventure on Kami's Island","Enel (OP15-118) (Manga)","","OP15-118","SEC","Near Mint Foil","1051.34","","984.9800","984.9800","","0","",""
"9197005","One Piece Card Game","Adventure on Kami's Island","Enel (OP15-118) (Manga)","","OP15-118","SEC","Lightly Played Foil","909.24","","904.9900","904.9900","","0","",""
"9197006","One Piece Card Game","Adventure on Kami's Island","Enel (OP15-118) (Manga)","","OP15-118","SEC","Moderately Played Foil","750.00","","","","","0","",""
"9197007","One Piece Card Game","Adventure on Kami's Island","Enel (OP15-118) (Manga)","","OP15-118","SEC","Heavily Played Foil","","","","","","0","",""
"9197008","One Piece Card Game","Adventure on Kami's Island","Enel (OP15-118) (Manga)","","OP15-118","SEC","Damaged Foil","","","","","","0","",""
"9193969","One Piece Card Game","Adventure on Kami's Island","Enel (SP)","","EB02-052","SR","Near Mint Foil","132.10","","130.9800","128.9900","","0","",""
"9193970","One Piece Card Game","Adventure on Kami's Island","Enel (SP)","","EB02-052","SR","Lightly Played Foil","166.50","","130.5200","130.5200","","0","",""
"9193971","One Piece Card Game","Adventure on Kami's Island","Enel (SP)","","EB02-052","SR","Moderately Played Foil","125.00","","","","","0","",""
"9193972","One Piece Card Game","Adventure on Kami's Island","Enel (SP)","","EB02-052","SR","Heavily Played Foil","","","","","","0","",""
"9193973","One Piece Card Game","Adventure on Kami's Island","Enel (SP)","","EB02-052","SR","Damaged Foil","","","","","","0","",""
"9196204","One Piece Card Game","Adventure on Kami's Island","Finger Pistol Yellow Lotus","","EB04-049","C","Near Mint","0.09","","1.5000","0.0100","","0","",""
"9196205","One Piece Card Game","Adventure on Kami's Island","Finger Pistol Yellow Lotus","","EB04-049","C","Lightly Played","0.19","","1.5300","0.0400","","0","",""
"9196206","One Piece Card Game","Adventure on Kami's Island","Finger Pistol Yellow Lotus","","EB04-049","C","Moderately Played","","","3.8900","2.4000","","0","",""
"9196207","One Piece Card Game","Adventure on Kami's Island","Finger Pistol Yellow Lotus","","EB04-049","C","Heavily Played","","","","","","0","",""
"9196208","One Piece Card Game","Adventure on Kami's Island","Finger Pistol Yellow Lotus","","EB04-049","C","Damaged","","","","","","0","",""
"9196409","One Piece Card Game","Adventure on Kami's Island","Fire Fist","","OP15-020","R","Near Mint Foil","0.34","","1.5900","0.1000","","0","",""
"9196410","One Piece Card Game","Adventure on Kami's Island","Fire Fist","","OP15-020","R","Lightly Played Foil","0.52","","1.8400","0.3500","","0","",""
"9196411","One Piece Card Game","Adventure on Kami's Island","Fire Fist","","OP15-020","R","Moderately Played Foil","","","","","","0","",""
"9196412","One Piece Card Game","Adventure on Kami's Island","Fire Fist","","OP15-020","R","Heavily Played Foil","","","","","","0","",""
"9196413","One Piece Card Game","Adventure on Kami's Island","Fire Fist","","OP15-020","R","Damaged Foil","","","","","","0","",""
"9196819","One Piece Card Game","Adventure on Kami's Island","Franky","","OP15-089","UC","Near Mint","0.09","","1.5000","0.0100","","0","",""
"9196820","One Piece Card Game","Adventure on Kami's Island","Franky","","OP15-089","UC","Lightly Played","0.13","","1.5000","0.0100","","0","",""
"9196821","One Piece Card Game","Adventure on Kami's Island","Franky","","OP15-089","UC","Moderately Played","","","","","","0","",""
"9196822","One Piece Card Game","Adventure on Kami's Island","Franky","","OP15-089","UC","Heavily Played","","","","","","0","",""
"9196823","One Piece Card Game","Adventure on Kami's Island","Franky","","OP15-089","UC","Damaged","","","","","","0","",""
"9196389","One Piece Card Game","Adventure on Kami's Island","Fullbody","","OP15-016","UC","Near Mint","0.05","","1.5000","0.0100","","0","",""
"9196390","One Piece Card Game","Adventure on Kami's Island","Fullbody","","OP15-016","UC","Lightly Played","0.06","","1.5000","0.0100","","0","",""
"9196391","One Piece Card Game","Adventure on Kami's Island","Fullbody","","OP15-016","UC","Moderately Played","","","","","","0","",""
"9196392","One Piece Card Game","Adventure on Kami's Island","Fullbody","","OP15-016","UC","Heavily Played","","","","","","0","",""
"9196393","One Piece Card Game","Adventure on Kami's Island","Fullbody","","OP15-016","UC","Damaged","","","","","","0","",""
"9196709","One Piece Card Game","Adventure on Kami's Island","Fuza","","OP15-070","C","Near Mint","0.06","","1.5000","0.0100","","0","",""
"9196710","One Piece Card Game","Adventure on Kami's Island","Fuza","","OP15-070","C","Lightly Played","0.12","","1.5400","0.0500","","0","",""
"9196711","One Piece Card Game","Adventure on Kami's Island","Fuza","","OP15-070","C","Moderately Played","","","","","","0","",""
"9196712","One Piece Card Game","Adventure on Kami's Island","Fuza","","OP15-070","C","Heavily Played","","","","","","0","",""
"9196713","One Piece Card Game","Adventure on Kami's Island","Fuza","","OP15-070","C","Damaged","","","","","","0","",""
"9196894","One Piece Card Game","Adventure on Kami's Island","Gan.Fall","","OP15-102","R","Near Mint Foil","0.09","","1.5000","0.0100","","0","",""
"9196895","One Piece Card Game","Adventure on Kami's Island","Gan.Fall","","OP15-102","R","Lightly Played Foil","0.13","","1.5600","0.0700","","0","",""
"9196896","One Piece Card Game","Adventure on Kami's Island","Gan.Fall","","OP15-102","R","Moderately Played Foil","","","2.6000","0.1000","","0","",""
"9196897","One Piece Card Game","Adventure on Kami's Island","Gan.Fall","","OP15-102","R","Heavily Played Foil","","","","","","0","",""
"9196898","One Piece Card Game","Adventure on Kami's Island","Gan.Fall","","OP15-102","R","Damaged Foil","","","","","","0","",""
"9196674","One Piece Card Game","Adventure on Kami's Island","Gedatsu","","OP15-063","R","Near Mint Foil","0.10","","1.5100","0.0200","","0","",""
"9196675","One Piece Card Game","Adventure on Kami's Island","Gedatsu","","OP15-063","R","Lightly Played Foil","0.21","","1.6500","0.1600","","0","",""
"9196676","One Piece Card Game","Adventure on Kami's Island","Gedatsu","","OP15-063","R","Moderately Played Foil","0.04","","","","","0","",""
"9196677","One Piece Card Game","Adventure on Kami's Island","Gedatsu","","OP15-063","R","Heavily Played Foil","","","","","","0","",""
"9196678","One Piece Card Game","Adventure on Kami's Island","Gedatsu","","OP15-063","R","Damaged Foil","","","","","","0","",""
"9196899","One Piece Card Game","Adventure on Kami's Island","Genbo","","OP15-103","C","Near Mint","0.04","","1.5000","0.0100","","0","",""
"9196900","One Piece Card Game","Adventure on Kami's Island","Genbo","","OP15-103","C","Lightly Played","0.13","","1.5100","0.0200","","0","",""
"9196901","One Piece Card Game","Adventure on Kami's Island","Genbo","","OP15-103","C","Moderately Played","","","","","","0","",""
"9196902","One Piece Card Game","Adventure on Kami's Island","Genbo","","OP15-103","C","Heavily Played","","","","","","0","",""
"9196903","One Piece Card Game","Adventure on Kami's Island","Genbo","","OP15-103","C","Damaged","","","","","","0","",""
"9196334","One Piece Card Game","Adventure on Kami's Island","Gin","","OP15-007","SR","Near Mint Foil","0.35","","1.6000","0.1100","","0","",""
"9196335","One Piece Card Game","Adventure on Kami's Island","Gin","","OP15-007","SR","Lightly Played Foil","0.36","","1.8500","0.3600","","0","",""
"9196336","One Piece Card Game","Adventure on Kami's Island","Gin","","OP15-007","SR","Moderately Played Foil","0.53","","","","","0","",""
"9196337","One Piece Card Game","Adventure on Kami's Island","Gin","","OP15-007","SR","Heavily Played Foil","","","1.9900","0.5000","","0","",""
"9196338","One Piece Card Game","Adventure on Kami's Island","Gin","","OP15-007","SR","Damaged Foil","","","1.9800","0.4900","","0","",""
"9196339","One Piece Card Game","Adventure on Kami's Island","Gin (Alternate Art)","","OP15-007","SR","Near Mint Foil","3.03","","3.9900","2.4900","","0","",""
"9196340","One Piece Card Game","Adventure on Kami's Island","Gin (Alternate Art)","","OP15-007","SR","Lightly Played Foil","4.93","","4.4800","2.9900","","0","",""
"9196341","One Piece Card Game","Adventure on Kami's Island","Gin (Alternate Art)","","OP15-007","SR","Moderately Played Foil","5.00","","7.8800","6.3900","","0","",""
"9196342","One Piece Card Game","Adventure on Kami's Island","Gin (Alternate Art)","","OP15-007","SR","Heavily Played Foil","","","","","","0","",""
"9196343","One Piece Card Game","Adventure on Kami's Island","Gin (Alternate Art)","","OP15-007","SR","Damaged Foil","","","","","","0","",""
"9196179","One Piece Card Game","Adventure on Kami's Island","Ginny","","EB04-045","C","Near Mint","0.08","","1.5000","0.0100","","0","",""
"9196180","One Piece Card Game","Adventure on Kami's Island","Ginny","","EB04-045","C","Lightly Played","0.14","","1.5400","0.0500","","0","",""
"9196181","One Piece Card Game","Adventure on Kami's Island","Ginny","","EB04-045","C","Moderately Played","","","","","","0","",""
"9196182","One Piece Card Game","Adventure on Kami's Island","Ginny","","EB04-045","C","Heavily Played","","","","","","0","",""
"9196183","One Piece Card Game","Adventure on Kami's Island","Ginny","","EB04-045","C","Damaged","","","","","","0","",""
"9196619","One Piece Card Game","Adventure on Kami's Island","Go Ahead and Use 'Em, Mr. Luffy!!!","","OP15-055","R","Near Mint Foil","0.17","","1.5100","0.0200","","0","",""
"9196620","One Piece Card Game","Adventure on Kami's Island","Go Ahead and Use 'Em, Mr. Luffy!!!","","OP15-055","R","Lightly Played Foil","0.15","","1.6000","0.1000","","0","",""
"9196621","One Piece Card Game","Adventure on Kami's Island","Go Ahead and Use 'Em, Mr. Luffy!!!","","OP15-055","R","Moderately Played Foil","0.05","","","","","0","",""
"9196622","One Piece Card Game","Adventure on Kami's Island","Go Ahead and Use 'Em, Mr. Luffy!!!","","OP15-055","R","Heavily Played Foil","","","","","","0","",""
"9196623","One Piece Card Game","Adventure on Kami's Island","Go Ahead and Use 'Em, Mr. Luffy!!!","","OP15-055","R","Damaged Foil","","","","","","0","",""
"9196684","One Piece Card Game","Adventure on Kami's Island","Goro","","OP15-065","C","Near Mint","0.03","","1.5000","0.0100","","0","",""
"9196685","One Piece Card Game","Adventure on Kami's Island","Goro","","OP15-065","C","Lightly Played","0.13","","1.5200","0.0300","","0","",""
"9196686","One Piece Card Game","Adventure on Kami's Island","Goro","","OP15-065","C","Moderately Played","","","1.8200","0.3000","","0","",""
"9196687","One Piece Card Game","Adventure on Kami's Island","Goro","","OP15-065","C","Heavily Played","","","1.7200","0.2000","","0","",""
"9196688","One Piece Card Game","Adventure on Kami's Island","Goro","","OP15-065","C","Damaged","","","","","","0","",""
"9196979","One Piece Card Game","Adventure on Kami's Island","Gum-Gum Golden Rifle","","OP15-116","R","Near Mint Foil","0.18","","1.5000","0.0100","","0","",""
"9196980","One Piece Card Game","Adventure on Kami's Island","Gum-Gum Golden Rifle","","OP15-116","R","Lightly Played Foil","0.22","","1.5400","0.0500","","0","",""
"9196981","One Piece Card Game","Adventure on Kami's Island","Gum-Gum Golden Rifle","","OP15-116","R","Moderately Played Foil","0.05","","1.8900","0.4000","","0","",""
"9196982","One Piece Card Game","Adventure on Kami's Island","Gum-Gum Golden Rifle","","OP15-116","R","Heavily Played Foil","","","1.7900","0.3000","","0","",""
"9196983","One Piece Card Game","Adventure on Kami's Island","Gum-Gum Golden Rifle","","OP15-116","R","Damaged Foil","","","","","","0","",""
"9196984","One Piece Card Game","Adventure on Kami's Island","Gum-Gum Golden Rifle (Alternate Art)","","OP15-116","R","Near Mint Foil","60.97","","59.9900","59.9900","","0","",""
"9196985","One Piece Card Game","Adventure on Kami's Island","Gum-Gum Golden Rifle (Alternate Art)","","OP15-116","R","Lightly Played Foil","70.36","","59.9900","59.9900","","0","",""
"9196986","One Piece Card Game","Adventure on Kami's Island","Gum-Gum Golden Rifle (Alternate Art)","","OP15-116","R","Moderately Played Foil","80.00","","","","","0","",""
"9196987","One Piece Card Game","Adventure on Kami's Island","Gum-Gum Golden Rifle (Alternate Art)","","OP15-116","R","Heavily Played Foil","","","","","","0","",""
"9196988","One Piece Card Game","Adventure on Kami's Island","Gum-Gum Golden Rifle (Alternate Art)","","OP15-116","R","Damaged Foil","44.99","","","","","0","",""
"9196269","One Piece Card Game","Adventure on Kami's Island","Gum-Gum Hawk Gatling","","EB04-060","C","Near Mint","0.07","","1.5000","0.0100","","0","",""
"9196270","One Piece Card Game","Adventure on Kami's Island","Gum-Gum Hawk Gatling","","EB04-060","C","Lightly Played","0.12","","1.5300","0.0400","","0","",""
"9196271","One Piece Card Game","Adventure on Kami's Island","Gum-Gum Hawk Gatling","","EB04-060","C","Moderately Played","","","","","","0","",""
"9196272","One Piece Card Game","Adventure on Kami's Island","Gum-Gum Hawk Gatling","","EB04-060","C","Heavily Played","","","","","","0","",""
"9196273","One Piece Card Game","Adventure on Kami's Island","Gum-Gum Hawk Gatling","","EB04-060","C","Damaged","","","","","","0","",""
"9196854","One Piece Card Game","Adventure on Kami's Island","Gum-Gum Storm","","OP15-095","UC","Near Mint","0.11","","1.5000","0.0100","","0","",""
"9196855","One Piece Card Game","Adventure on Kami's Island","Gum-Gum Storm","","OP15-095","UC","Lightly Played","0.13","","1.5900","0.1000","","0","",""
"9196856","One Piece Card Game","Adventure on Kami's Island","Gum-Gum Storm","","OP15-095","UC","Moderately Played","","","","","","0","",""
"9196857","One Piece Card Game","Adventure on Kami's Island","Gum-Gum Storm","","OP15-095","UC","Heavily Played","","","","","","0","",""
"9196858","One Piece Card Game","Adventure on Kami's Island","Gum-Gum Storm","","OP15-095","UC","Damaged","","","","","","0","",""
"9196584","One Piece Card Game","Adventure on Kami's Island","Hajrudin","","OP15-049","UC","Near Mint","0.06","","1.5000","0.0100","","0","",""
"9196585","One Piece Card Game","Adventure on Kami's Island","Hajrudin","","OP15-049","UC","Lightly Played","0.10","","1.5000","0.0100","","0","",""
"9196586","One Piece Card Game","Adventure on Kami's Island","Hajrudin","","OP15-049","UC","Moderately Played","","","","","","0","",""
"9196587","One Piece Card Game","Adventure on Kami's Island","Hajrudin","","OP15-049","UC","Heavily Played","","","","","","0","",""
"9196588","One Piece Card Game","Adventure on Kami's Island","Hajrudin","","OP15-049","UC","Damaged","","","","","","0","",""
"9196699","One Piece Card Game","Adventure on Kami's Island","Heavenly Warriors","","OP15-068","C","Near Mint","0.05","","1.5000","0.0100","","0","",""
"9196700","One Piece Card Game","Adventure on Kami's Island","Heavenly Warriors","","OP15-068","C","Lightly Played","0.15","","1.5300","0.0400","","0","",""
"9196701","One Piece Card Game","Adventure on Kami's Island","Heavenly Warriors","","OP15-068","C","Moderately Played","","","","","","0","",""
"9196702","One Piece Card Game","Adventure on Kami's Island","Heavenly Warriors","","OP15-068","C","Heavily Played","","","","","","0","",""
"9196703","One Piece Card Game","Adventure on Kami's Island","Heavenly Warriors","","OP15-068","C","Damaged","","","","","","0","",""
"9196189","One Piece Card Game","Adventure on Kami's Island","Helmeppo","","EB04-047","R","Near Mint Foil","0.17","","1.5000","0.0100","","0","",""
"9196190","One Piece Card Game","Adventure on Kami's Island","Helmeppo","","EB04-047","R","Lightly Played Foil","0.27","","1.7200","0.2300","","0","",""
"9196191","One Piece Card Game","Adventure on Kami's Island","Helmeppo","","EB04-047","R","Moderately Played Foil","","","","","","0","",""
"9196192","One Piece Card Game","Adventure on Kami's Island","Helmeppo","","EB04-047","R","Heavily Played Foil","","","","","","0","",""
"9196193","One Piece Card Game","Adventure on Kami's Island","Helmeppo","","EB04-047","R","Damaged Foil","","","","","","0","",""
"9196989","One Piece Card Game","Adventure on Kami's Island","Heso!!","","OP15-117","UC","Near Mint","0.12","","1.5000","0.0100","","0","",""
"9196990","One Piece Card Game","Adventure on Kami's Island","Heso!!","","OP15-117","UC","Lightly Played","0.16","","1.5400","0.0500","","0","",""
"9196991","One Piece Card Game","Adventure on Kami's Island","Heso!!","","OP15-117","UC","Moderately Played","","","","","","0","",""
"9196992","One Piece Card Game","Adventure on Kami's Island","Heso!!","","OP15-117","UC","Heavily Played","","","","","","0","",""
"9196993","One Piece Card Game","Adventure on Kami's Island","Heso!!","","OP15-117","UC","Damaged","","","","","","0","",""
"9196384","One Piece Card Game","Adventure on Kami's Island","Higuma","","OP15-015","C","Near Mint","0.10","","1.5000","0.0100","","0","",""
"9196385","One Piece Card Game","Adventure on Kami's Island","Higuma","","OP15-015","C","Lightly Played","0.07","","1.5300","0.0400","","0","",""
"9196386","One Piece Card Game","Adventure on Kami's Island","Higuma","","OP15-015","C","Moderately Played","","","3.0000","0.0100","","0","",""
"9196387","One Piece Card Game","Adventure on Kami's Island","Higuma","","OP15-015","C","Heavily Played","","","","","","0","",""
"9196388","One Piece Card Game","Adventure on Kami's Island","Higuma","","OP15-015","C","Damaged","","","","","","0","",""
"9196489","One Piece Card Game","Adventure on Kami's Island","Hody Jones","","OP15-033","C","Near Mint","0.04","","1.5000","0.0100","","0","",""
"9196490","One Piece Card Game","Adventure on Kami's Island","Hody Jones","","OP15-033","C","Lightly Played","0.16","","1.5300","0.0400","","0","",""
"9196491","One Piece Card Game","Adventure on Kami's Island","Hody Jones","","OP15-033","C","Moderately Played","","","3.4800","1.9900","","0","",""
"9196492","One Piece Card Game","Adventure on Kami's Island","Hody Jones","","OP15-033","C","Heavily Played","","","","","","0","",""
"9196493","One Piece Card Game","Adventure on Kami's Island","Hody Jones","","OP15-033","C","Damaged","","","","","","0","",""
"9196714","One Piece Card Game","Adventure on Kami's Island","Holly","","OP15-071","C","Near Mint","0.11","","1.5000","0.0100","","0","",""
"9196715","One Piece Card Game","Adventure on Kami's Island","Holly","","OP15-071","C","Lightly Played","0.08","","1.5500","0.0600","","0","",""
"9196716","One Piece Card Game","Adventure on Kami's Island","Holly","","OP15-071","C","Moderately Played","","","","","","0","",""
"9196717","One Piece Card Game","Adventure on Kami's Island","Holly","","OP15-071","C","Heavily Played","","","","","","0","",""
"9196718","One Piece Card Game","Adventure on Kami's Island","Holly","","OP15-071","C","Damaged","","","","","","0","",""
"9196719","One Piece Card Game","Adventure on Kami's Island","Hotori","","OP15-072","C","Near Mint","0.04","","1.5000","0.0100","","0","",""
"9196720","One Piece Card Game","Adventure on Kami's Island","Hotori","","OP15-072","C","Lightly Played","0.10","","1.5200","0.0300","","0","",""
"9196721","One Piece Card Game","Adventure on Kami's Island","Hotori","","OP15-072","C","Moderately Played","","","","","","0","",""
"9196722","One Piece Card Game","Adventure on Kami's Island","Hotori","","OP15-072","C","Heavily Played","","","","","","0","",""
"9196723","One Piece Card Game","Adventure on Kami's Island","Hotori","","OP15-072","C","Damaged","","","","","","0","",""
"9196469","One Piece Card Game","Adventure on Kami's Island","Hyouzou","","OP15-030","UC","Near Mint","0.08","","1.5000","0.0100","","0","",""
"9196470","One Piece Card Game","Adventure on Kami's Island","Hyouzou","","OP15-030","UC","Lightly Played","0.24","","1.5000","0.0100","","0","",""
"9196471","One Piece Card Game","Adventure on Kami's Island","Hyouzou","","OP15-030","UC","Moderately Played","","","1.8900","0.4000","","0","",""
"9196472","One Piece Card Game","Adventure on Kami's Island","Hyouzou","","OP15-030","UC","Heavily Played","","","","","","0","",""
"9196473","One Piece Card Game","Adventure on Kami's Island","Hyouzou","","OP15-030","UC","Damaged","","","","","","0","",""
"9196864","One Piece Card Game","Adventure on Kami's Island","I Find It Embarrassing as a Human Being","","OP15-097","C","Near Mint","0.11","","1.5000","0.0100","","0","",""
"9196865","One Piece Card Game","Adventure on Kami's Island","I Find It Embarrassing as a Human Being","","OP15-097","C","Lightly Played","0.11","","1.5500","0.0600","","0","",""
"9196866","One Piece Card Game","Adventure on Kami's Island","I Find It Embarrassing as a Human Being","","OP15-097","C","Moderately Played","","","","","","0","",""
"9196867","One Piece Card Game","Adventure on Kami's Island","I Find It Embarrassing as a Human Being","","OP15-097","C","Heavily Played","","","","","","0","",""
"9196868","One Piece Card Game","Adventure on Kami's Island","I Find It Embarrassing as a Human Being","","OP15-097","C","Damaged","","","","","","0","",""
"9196209","One Piece Card Game","Adventure on Kami's Island","I'll Whip You Into Shape.","","EB04-050","R","Near Mint Foil","0.11","","1.5000","0.0100","","0","",""
"9196210","One Piece Card Game","Adventure on Kami's Island","I'll Whip You Into Shape.","","EB04-050","R","Lightly Played Foil","0.18","","1.6000","0.1000","","0","",""
"9196211","One Piece Card Game","Adventure on Kami's Island","I'll Whip You Into Shape.","","EB04-050","R","Moderately Played Foil","","","","","","0","",""
"9196212","One Piece Card Game","Adventure on Kami's Island","I'll Whip You Into Shape.","","EB04-050","R","Heavily Played Foil","","","","","","0","",""
"9196213","One Piece Card Game","Adventure on Kami's Island","I'll Whip You Into Shape.","","EB04-050","R","Damaged Foil","","","","","","0","",""
"9196974","One Piece Card Game","Adventure on Kami's Island","Impact Dial","","OP15-115","C","Near Mint","0.05","","1.5000","0.0100","","0","",""
"9196975","One Piece Card Game","Adventure on Kami's Island","Impact Dial","","OP15-115","C","Lightly Played","0.14","","1.5200","0.0300","","0","",""
"9196976","One Piece Card Game","Adventure on Kami's Island","Impact Dial","","OP15-115","C","Moderately Played","","","1.8900","0.4000","","0","",""
"9196977","One Piece Card Game","Adventure on Kami's Island","Impact Dial","","OP15-115","C","Heavily Played","","","","","","0","",""
"9196978","One Piece Card Game","Adventure on Kami's Island","Impact Dial","","OP15-115","C","Damaged","","","","","","0","",""
"9196514","One Piece Card Game","Adventure on Kami's Island","It's an Order! Do Not Defy Me!!!","","OP15-038","R","Near Mint Foil","0.17","","1.5800","0.0900","","0","",""
"9196515","One Piece Card Game","Adventure on Kami's Island","It's an Order! Do Not Defy Me!!!","","OP15-038","R","Lightly Played Foil","0.19","","1.6400","0.1500","","0","",""
"9196516","One Piece Card Game","Adventure on Kami's Island","It's an Order! Do Not Defy Me!!!","","OP15-038","R","Moderately Played Foil","0.09","","","","","0","",""
"9196517","One Piece Card Game","Adventure on Kami's Island","It's an Order! Do Not Defy Me!!!","","OP15-038","R","Heavily Played Foil","","","1.6400","0.1500","","0","",""
"9196518","One Piece Card Game","Adventure on Kami's Island","It's an Order! Do Not Defy Me!!!","","OP15-038","R","Damaged Foil","","","","","","0","",""
"9196139","One Piece Card Game","Adventure on Kami's Island","It's My Student's Farewell. I Want It to Be Proper.","","EB04-009","C","Near Mint","0.08","","1.5000","0.0100","","0","",""
"9196140","One Piece Card Game","Adventure on Kami's Island","It's My Student's Farewell. I Want It to Be Proper.","","EB04-009","C","Lightly Played","","","1.5300","0.0400","","0","",""
"9196141","One Piece Card Game","Adventure on Kami's Island","It's My Student's Farewell. I Want It to Be Proper.","","EB04-009","C","Moderately Played","","","1.8900","0.4000","","0","",""
"9196142","One Piece Card Game","Adventure on Kami's Island","It's My Student's Farewell. I Want It to Be Proper.","","EB04-009","C","Heavily Played","","","","","","0","",""
"9196143","One Piece Card Game","Adventure on Kami's Island","It's My Student's Farewell. I Want It to Be Proper.","","EB04-009","C","Damaged","","","","","","0","",""
"9196449","One Piece Card Game","Adventure on Kami's Island","Jango","","OP15-026","UC","Near Mint","0.13","","1.5500","0.0600","","0","",""
"9196450","One Piece Card Game","Adventure on Kami's Island","Jango","","OP15-026","UC","Lightly Played","0.14","","1.5900","0.1000","","0","",""
"9196451","One Piece Card Game","Adventure on Kami's Island","Jango","","OP15-026","UC","Moderately Played","","","1.7700","0.2500","","0","",""
"9196452","One Piece Card Game","Adventure on Kami's Island","Jango","","OP15-026","UC","Heavily Played","","","","","","0","",""
"9196453","One Piece Card Game","Adventure on Kami's Island","Jango","","OP15-026","UC","Damaged","","","","","","0","",""
"9196084","One Piece Card Game","Adventure on Kami's Island","Jewelry Bonney (EB04-001)","","EB04-001","L","Near Mint","0.16","","1.5200","0.0300","","0","",""
"9196085","One Piece Card Game","Adventure on Kami's Island","Jewelry Bonney (EB04-001)","","EB04-001","L","Lightly Played","0.22","","1.6800","0.1900","","0","",""
"9196086","One Piece Card Game","Adventure on Kami's Island","Jewelry Bonney (EB04-001)","","EB04-001","L","Moderately Played","","","1.5400","0.0500","","0","",""
"9196087","One Piece Card Game","Adventure on Kami's Island","Jewelry Bonney (EB04-001)","","EB04-001","L","Heavily Played","","","","","","0","",""
"9196088","One Piece Card Game","Adventure on Kami's Island","Jewelry Bonney (EB04-001)","","EB04-001","L","Damaged","","","","","","0","",""
"9196089","One Piece Card Game","Adventure on Kami's Island","Jewelry Bonney (EB04-001) (Alternate Art)","","EB04-001","L","Near Mint Foil","42.09","","40.1800","40.1800","","0","",""
"9196090","One Piece Card Game","Adventure on Kami's Island","Jewelry Bonney (EB04-001) (Alternate Art)","","EB04-001","L","Lightly Played Foil","52.25","","42.9800","42.9800","","0","",""
"9196091","One Piece Card Game","Adventure on Kami's Island","Jewelry Bonney (EB04-001) (Alternate Art)","","EB04-001","L","Moderately Played Foil","54.49","","","","","0","",""
"9196092","One Piece Card Game","Adventure on Kami's Island","Jewelry Bonney (EB04-001) (Alternate Art)","","EB04-001","L","Heavily Played Foil","","","","","","0","",""
"9196093","One Piece Card Game","Adventure on Kami's Island","Jewelry Bonney (EB04-001) (Alternate Art)","","EB04-001","L","Damaged Foil","39.99","","","","","0","",""
"9196094","One Piece Card Game","Adventure on Kami's Island","Jewelry Bonney (EB04-002)","","EB04-002","R","Near Mint Foil","0.38","","1.6300","0.1400","","0","",""
"9196095","One Piece Card Game","Adventure on Kami's Island","Jewelry Bonney (EB04-002)","","EB04-002","R","Lightly Played Foil","0.34","","1.7700","0.2300","","0","",""
"9196096","One Piece Card Game","Adventure on Kami's Island","Jewelry Bonney (EB04-002)","","EB04-002","R","Moderately Played Foil","0.17","","","","","0","",""
"9196097","One Piece Card Game","Adventure on Kami's Island","Jewelry Bonney (EB04-002)","","EB04-002","R","Heavily Played Foil","","","","","","0","",""
"9196098","One Piece Card Game","Adventure on Kami's Island","Jewelry Bonney (EB04-002)","","EB04-002","R","Damaged Foil","","","","","","0","",""
"9196099","One Piece Card Game","Adventure on Kami's Island","Jewelry Bonney (EB04-002) (Alternate Art)","","EB04-002","R","Near Mint Foil","26.21","","23.8800","23.8800","","0","",""
"9196100","One Piece Card Game","Adventure on Kami's Island","Jewelry Bonney (EB04-002) (Alternate Art)","","EB04-002","R","Lightly Played Foil","23.40","","26.0600","26.0600","","0","",""
"9196101","One Piece Card Game","Adventure on Kami's Island","Jewelry Bonney (EB04-002) (Alternate Art)","","EB04-002","R","Moderately Played Foil","","","","","","0","",""
"9196102","One Piece Card Game","Adventure on Kami's Island","Jewelry Bonney (EB04-002) (Alternate Art)","","EB04-002","R","Heavily Played Foil","","","","","","0","",""
"9196103","One Piece Card Game","Adventure on Kami's Island","Jewelry Bonney (EB04-002) (Alternate Art)","","EB04-002","R","Damaged Foil","","","","","","0","",""
"9196909","One Piece Card Game","Adventure on Kami's Island","Jewelry Bonney (OP15-105)","","OP15-105","UC","Near Mint","0.16","","1.5100","0.0200","","0","",""
"9196910","One Piece Card Game","Adventure on Kami's Island","Jewelry Bonney (OP15-105)","","OP15-105","UC","Lightly Played","0.16","","1.6000","0.1100","","0","",""
"9196911","One Piece Card Game","Adventure on Kami's Island","Jewelry Bonney (OP15-105)","","OP15-105","UC","Moderately Played","","","","","","0","",""
"9196912","One Piece Card Game","Adventure on Kami's Island","Jewelry Bonney (OP15-105)","","OP15-105","UC","Heavily Played","","","","","","0","",""
"9196913","One Piece Card Game","Adventure on Kami's Island","Jewelry Bonney (OP15-105)","","OP15-105","UC","Damaged","","","","","","0","",""
"9196414","One Piece Card Game","Adventure on Kami's Island","Just Watch Me, Ace!!!","","OP15-021","UC","Near Mint","0.15","","1.5000","0.0100","","0","",""
"9196415","One Piece Card Game","Adventure on Kami's Island","Just Watch Me, Ace!!!","","OP15-021","UC","Lightly Played","0.10","","1.5600","0.0700","","0","",""
"9196416","One Piece Card Game","Adventure on Kami's Island","Just Watch Me, Ace!!!","","OP15-021","UC","Moderately Played","","","","","","0","",""
"9196417","One Piece Card Game","Adventure on Kami's Island","Just Watch Me, Ace!!!","","OP15-021","UC","Heavily Played","","","","","","0","",""
"9196418","One Piece Card Game","Adventure on Kami's Island","Just Watch Me, Ace!!!","","OP15-021","UC","Damaged","","","","","","0","",""
"9196154","One Piece Card Game","Adventure on Kami's Island","Kaku","","EB04-043","R","Near Mint Foil","0.17","","1.5000","0.0100","","0","",""
"9196155","One Piece Card Game","Adventure on Kami's Island","Kaku","","EB04-043","R","Lightly Played Foil","0.25","","1.6800","0.1900","","0","",""
"9196156","One Piece Card Game","Adventure on Kami's Island","Kaku","","EB04-043","R","Moderately Played Foil","","","1.8900","0.4000","","0","",""
"9196157","One Piece Card Game","Adventure on Kami's Island","Kaku","","EB04-043","R","Heavily Played Foil","","","","","","0","",""
"9196158","One Piece Card Game","Adventure on Kami's Island","Kaku","","EB04-043","R","Damaged Foil","","","","","","0","",""
"9196159","One Piece Card Game","Adventure on Kami's Island","Kaku (Alternate Art)","","EB04-043","R","Near Mint Foil","3.13","","3.9800","2.4800","","0","",""
"9196160","One Piece Card Game","Adventure on Kami's Island","Kaku (Alternate Art)","","EB04-043","R","Lightly Played Foil","3.88","","5.9200","4.4300","","0","",""
"9196161","One Piece Card Game","Adventure on Kami's Island","Kaku (Alternate Art)","","EB04-043","R","Moderately Played Foil","","","5.9900","3.0000","","0","",""
"9196162","One Piece Card Game","Adventure on Kami's Island","Kaku (Alternate Art)","","EB04-043","R","Heavily Played Foil","","","","","","0","",""
"9196163","One Piece Card Game","Adventure on Kami's Island","Kaku (Alternate Art)","","EB04-043","R","Damaged Foil","2.27","","","","","0","",""
"9196889","One Piece Card Game","Adventure on Kami's Island","Kalgara","","OP15-101","UC","Near Mint","0.09","","1.5000","0.0100","","0","",""
"9196890","One Piece Card Game","Adventure on Kami's Island","Kalgara","","OP15-101","UC","Lightly Played","0.12","","1.5400","0.0500","","0","",""
"9196891","One Piece Card Game","Adventure on Kami's Island","Kalgara","","OP15-101","UC","Moderately Played","","","","","","0","",""
"9196892","One Piece Card Game","Adventure on Kami's Island","Kalgara","","OP15-101","UC","Heavily Played","","","","","","0","",""
"9196893","One Piece Card Game","Adventure on Kami's Island","Kalgara","","OP15-101","UC","Damaged","","","","","","0","",""
"9196884","One Piece Card Game","Adventure on Kami's Island","Kamakiri","","OP15-100","C","Near Mint","0.04","","1.5000","0.0100","","0","",""
"9196885","One Piece Card Game","Adventure on Kami's Island","Kamakiri","","OP15-100","C","Lightly Played","0.10","","1.5300","0.0400","","0","",""
"9196886","One Piece Card Game","Adventure on Kami's Island","Kamakiri","","OP15-100","C","Moderately Played","","","","","","0","",""
"9196887","One Piece Card Game","Adventure on Kami's Island","Kamakiri","","OP15-100","C","Heavily Played","","","","","","0","",""
"9196888","One Piece Card Game","Adventure on Kami's Island","Kamakiri","","OP15-100","C","Damaged","","","","","","0","",""
"9196544","One Piece Card Game","Adventure on Kami's Island","Kelly Funk","","OP15-043","C","Near Mint","0.05","","1.5000","0.0100","","0","",""
"9196545","One Piece Card Game","Adventure on Kami's Island","Kelly Funk","","OP15-043","C","Lightly Played","0.15","","1.5200","0.0300","","0","",""
"9196546","One Piece Card Game","Adventure on Kami's Island","Kelly Funk","","OP15-043","C","Moderately Played","","","1.6200","0.1000","","0","",""
"9196547","One Piece Card Game","Adventure on Kami's Island","Kelly Funk","","OP15-043","C","Heavily Played","","","","","","0","",""
"9196548","One Piece Card Game","Adventure on Kami's Island","Kelly Funk","","OP15-043","C","Damaged","","","","","","0","",""
"9196549","One Piece Card Game","Adventure on Kami's Island","Koala","","OP15-044","C","Near Mint","0.07","","1.5000","0.0100","","0","",""
"9196550","One Piece Card Game","Adventure on Kami's Island","Koala","","OP15-044","C","Lightly Played","0.14","","1.5600","0.0700","","0","",""
"9196551","One Piece Card Game","Adventure on Kami's Island","Koala","","OP15-044","C","Moderately Played","","","","","","0","",""
"9196552","One Piece Card Game","Adventure on Kami's Island","Koala","","OP15-044","C","Heavily Played","","","","","","0","",""
"9196553","One Piece Card Game","Adventure on Kami's Island","Koala","","OP15-044","C","Damaged","","","","","","0","",""
"9196164","One Piece Card Game","Adventure on Kami's Island","Koby (EB04-044)","","EB04-044","SR","Near Mint Foil","0.37","","1.5900","0.1000","","0","",""
"9196165","One Piece Card Game","Adventure on Kami's Island","Koby (EB04-044)","","EB04-044","SR","Lightly Played Foil","0.50","","1.7000","0.2100","","0","",""
"9196166","One Piece Card Game","Adventure on Kami's Island","Koby (EB04-044)","","EB04-044","SR","Moderately Played Foil","2.36","","4.2000","2.7100","","0","",""
"9196167","One Piece Card Game","Adventure on Kami's Island","Koby (EB04-044)","","EB04-044","SR","Heavily Played Foil","","","","","","0","",""
"9196168","One Piece Card Game","Adventure on Kami's Island","Koby (EB04-044)","","EB04-044","SR","Damaged Foil","0.25","","","","","0","",""
"9196169","One Piece Card Game","Adventure on Kami's Island","Koby (EB04-044) (Alternate Art)","","EB04-044","SR","Near Mint Foil","24.62","","22.0700","21.0000","","0","",""
"9196170","One Piece Card Game","Adventure on Kami's Island","Koby (EB04-044) (Alternate Art)","","EB04-044","SR","Lightly Played Foil","23.34","","24.4900","24.4900","","0","",""
"9196171","One Piece Card Game","Adventure on Kami's Island","Koby (EB04-044) (Alternate Art)","","EB04-044","SR","Moderately Played Foil","23.99","","","","","0","",""
"9196172","One Piece Card Game","Adventure on Kami's Island","Koby (EB04-044) (Alternate Art)","","EB04-044","SR","Heavily Played Foil","","","","","","0","",""
"9196173","One Piece Card Game","Adventure on Kami's Island","Koby (EB04-044) (Alternate Art)","","EB04-044","SR","Damaged Foil","","","","","","0","",""
"9196174","One Piece Card Game","Adventure on Kami's Island","Koby (EB04-044) (Manga)","","EB04-044","SR","Near Mint Foil","628.94","","641.0000","640.0000","","0","",""
"9196175","One Piece Card Game","Adventure on Kami's Island","Koby (EB04-044) (Manga)","","EB04-044","SR","Lightly Played Foil","606.48","","","","","0","",""
"9196176","One Piece Card Game","Adventure on Kami's Island","Koby (EB04-044) (Manga)","","EB04-044","SR","Moderately Played Foil","500.00","","","","","0","",""
"9196177","One Piece Card Game","Adventure on Kami's Island","Koby (EB04-044) (Manga)","","EB04-044","SR","Heavily Played Foil","","","","","","0","",""
"9196178","One Piece Card Game","Adventure on Kami's Island","Koby (EB04-044) (Manga)","","EB04-044","SR","Damaged Foil","","","","","","0","",""
"9196354","One Piece Card Game","Adventure on Kami's Island","Koby (OP15-009)","","OP15-009","UC","Near Mint","0.13","","1.5400","0.0500","","0","",""
"9196355","One Piece Card Game","Adventure on Kami's Island","Koby (OP15-009)","","OP15-009","UC","Lightly Played","0.12","","1.5600","0.0700","","0","",""
"9196356","One Piece Card Game","Adventure on Kami's Island","Koby (OP15-009)","","OP15-009","UC","Moderately Played","","","","","","0","",""
"9196357","One Piece Card Game","Adventure on Kami's Island","Koby (OP15-009)","","OP15-009","UC","Heavily Played","","","","","","0","",""
"9196358","One Piece Card Game","Adventure on Kami's Island","Koby (OP15-009)","","OP15-009","UC","Damaged","","","","","","0","",""
"9196679","One Piece Card Game","Adventure on Kami's Island","Kotori","","OP15-064","C","Near Mint","0.03","","1.5000","0.0100","","0","",""
"9196680","One Piece Card Game","Adventure on Kami's Island","Kotori","","OP15-064","C","Lightly Played","0.15","","1.5300","0.0400","","0","",""
"9196681","One Piece Card Game","Adventure on Kami's Island","Kotori","","OP15-064","C","Moderately Played","","","","","","0","",""
"9196682","One Piece Card Game","Adventure on Kami's Island","Kotori","","OP15-064","C","Heavily Played","","","","","","0","",""
"9196683","One Piece Card Game","Adventure on Kami's Island","Kotori","","OP15-064","C","Damaged","","","1.9200","0.4000","","0","",""
"9196289","One Piece Card Game","Adventure on Kami's Island","Krieg (OP15-001)","","OP15-001","L","Near Mint","0.14","","1.5300","0.0400","","0","",""
"9196290","One Piece Card Game","Adventure on Kami's Island","Krieg (OP15-001)","","OP15-001","L","Lightly Played","0.22","","1.6300","0.1400","","0","",""
"9196291","One Piece Card Game","Adventure on Kami's Island","Krieg (OP15-001)","","OP15-001","L","Moderately Played","","","10.1900","0.2000","","0","",""
"9196292","One Piece Card Game","Adventure on Kami's Island","Krieg (OP15-001)","","OP15-001","L","Heavily Played","","","","","","0","",""
"9196293","One Piece Card Game","Adventure on Kami's Island","Krieg (OP15-001)","","OP15-001","L","Damaged","","","","","","0","",""
"9196294","One Piece Card Game","Adventure on Kami's Island","Krieg (OP15-001) (Alternate Art)","","OP15-001","L","Near Mint Foil","12.91","","12.8900","11.5000","","0","",""
"9196295","One Piece Card Game","Adventure on Kami's Island","Krieg (OP15-001) (Alternate Art)","","OP15-001","L","Lightly Played Foil","13.40","","15.0000","15.0000","","0","",""
"9196296","One Piece Card Game","Adventure on Kami's Island","Krieg (OP15-001) (Alternate Art)","","OP15-001","L","Moderately Played Foil","","","","","","0","",""
"9196297","One Piece Card Game","Adventure on Kami's Island","Krieg (OP15-001) (Alternate Art)","","OP15-001","L","Heavily Played Foil","","","","","","0","",""
"9196298","One Piece Card Game","Adventure on Kami's Island","Krieg (OP15-001) (Alternate Art)","","OP15-001","L","Damaged Foil","","","","","","0","",""
"9196344","One Piece Card Game","Adventure on Kami's Island","Krieg (OP15-008)","","OP15-008","SR","Near Mint Foil","0.53","","1.6900","0.2000","","0","",""
"9196345","One Piece Card Game","Adventure on Kami's Island","Krieg (OP15-008)","","OP15-008","SR","Lightly Played Foil","0.53","","2.0300","0.5400","","0","",""
"9196346","One Piece Card Game","Adventure on Kami's Island","Krieg (OP15-008)","","OP15-008","SR","Moderately Played Foil","0.62","","","","","0","",""
"9196347","One Piece Card Game","Adventure on Kami's Island","Krieg (OP15-008)","","OP15-008","SR","Heavily Played Foil","","","","","","0","",""
"9196348","One Piece Card Game","Adventure on Kami's Island","Krieg (OP15-008)","","OP15-008","SR","Damaged Foil","","","","","","0","",""
"9196349","One Piece Card Game","Adventure on Kami's Island","Krieg (OP15-008) (Alternate Art)","","OP15-008","SR","Near Mint Foil","6.22","","5.9900","5.0000","0","0","6.7900",""
"9196350","One Piece Card Game","Adventure on Kami's Island","Krieg (OP15-008) (Alternate Art)","","OP15-008","SR","Lightly Played Foil","8.72","","6.5600","6.5600","","0","",""
"9196351","One Piece Card Game","Adventure on Kami's Island","Krieg (OP15-008) (Alternate Art)","","OP15-008","SR","Moderately Played Foil","8.47","","","","","0","",""
"9196352","One Piece Card Game","Adventure on Kami's Island","Krieg (OP15-008) (Alternate Art)","","OP15-008","SR","Heavily Played Foil","","","","","","0","",""
"9196353","One Piece Card Game","Adventure on Kami's Island","Krieg (OP15-008) (Alternate Art)","","OP15-008","SR","Damaged Foil","","","","","","0","",""
"9196439","One Piece Card Game","Adventure on Kami's Island","Kuro","","OP15-025","R","Near Mint Foil","0.15","","1.5000","0.0100","","0","",""
"9196440","One Piece Card Game","Adventure on Kami's Island","Kuro","","OP15-025","R","Lightly Played Foil","0.31","","1.5700","0.0800","","0","",""
"9196441","One Piece Card Game","Adventure on Kami's Island","Kuro","","OP15-025","R","Moderately Played Foil","","","3.4800","1.9900","","0","",""
"9196442","One Piece Card Game","Adventure on Kami's Island","Kuro","","OP15-025","R","Heavily Played Foil","","","","","","0","",""
"9196443","One Piece Card Game","Adventure on Kami's Island","Kuro","","OP15-025","R","Damaged Foil","","","","","","0","",""
"9196444","One Piece Card Game","Adventure on Kami's Island","Kuro (Alternate Art)","","OP15-025","R","Near Mint Foil","4.98","","4.9900","3.0000","","0","",""
"9196445","One Piece Card Game","Adventure on Kami's Island","Kuro (Alternate Art)","","OP15-025","R","Lightly Played Foil","4.89","","4.7400","3.2500","","0","",""
"9196446","One Piece Card Game","Adventure on Kami's Island","Kuro (Alternate Art)","","OP15-025","R","Moderately Played Foil","","","","","","0","",""
"9196447","One Piece Card Game","Adventure on Kami's Island","Kuro (Alternate Art)","","OP15-025","R","Heavily Played Foil","","","","","","0","",""
"9196448","One Piece Card Game","Adventure on Kami's Island","Kuro (Alternate Art)","","OP15-025","R","Damaged Foil","","","","","","0","",""
"9196539","One Piece Card Game","Adventure on Kami's Island","Kyros","","OP15-042","R","Near Mint Foil","0.10","","1.5000","0.0100","","0","",""
"9196540","One Piece Card Game","Adventure on Kami's Island","Kyros","","OP15-042","R","Lightly Played Foil","0.08","","1.5600","0.0700","","0","",""
"9196541","One Piece Card Game","Adventure on Kami's Island","Kyros","","OP15-042","R","Moderately Played Foil","0.02","","10.2900","0.3000","","0","",""
"9196542","One Piece Card Game","Adventure on Kami's Island","Kyros","","OP15-042","R","Heavily Played Foil","","","","","","0","",""
"9196543","One Piece Card Game","Adventure on Kami's Island","Kyros","","OP15-042","R","Damaged Foil","","","","","","0","",""
"9201372","One Piece Card Game","Adventure on Kami's Island","Kyros (Dash Pack)","","OP15-042","R","Near Mint Foil","0.42","","1.5900","0.1000","","0","",""
"9201373","One Piece Card Game","Adventure on Kami's Island","Kyros (Dash Pack)","","OP15-042","R","Lightly Played Foil","0.71","","1.8900","0.4000","","0","",""
"9201374","One Piece Card Game","Adventure on Kami's Island","Kyros (Dash Pack)","","OP15-042","R","Moderately Played Foil","","","1.6800","0.1900","","0","",""
"9201375","One Piece Card Game","Adventure on Kami's Island","Kyros (Dash Pack)","","OP15-042","R","Heavily Played Foil","","","","","","0","",""
"9201376","One Piece Card Game","Adventure on Kami's Island","Kyros (Dash Pack)","","OP15-042","R","Damaged Foil","","","1.8900","0.4000","","0","",""
"9196499","One Piece Card Game","Adventure on Kami's Island","Laboon","","OP15-035","UC","Near Mint","0.24","","1.6400","0.1500","","0","",""
"9196500","One Piece Card Game","Adventure on Kami's Island","Laboon","","OP15-035","UC","Lightly Played","0.24","","1.6500","0.1600","","0","",""
"9196501","One Piece Card Game","Adventure on Kami's Island","Laboon","","OP15-035","UC","Moderately Played","","","","","","0","",""
"9196502","One Piece Card Game","Adventure on Kami's Island","Laboon","","OP15-035","UC","Heavily Played","","","","","","0","",""
"9196503","One Piece Card Game","Adventure on Kami's Island","Laboon","","OP15-035","UC","Damaged","","","","","","0","",""
"9196599","One Piece Card Game","Adventure on Kami's Island","Leo","","OP15-052","UC","Near Mint","0.19","","1.5400","0.0500","","0","",""
"9196600","One Piece Card Game","Adventure on Kami's Island","Leo","","OP15-052","UC","Lightly Played","0.22","","1.6400","0.1500","","0","",""
"9196601","One Piece Card Game","Adventure on Kami's Island","Leo","","OP15-052","UC","Moderately Played","","","","","","0","",""
"9196602","One Piece Card Game","Adventure on Kami's Island","Leo","","OP15-052","UC","Heavily Played","","","","","","0","",""
"9196603","One Piece Card Game","Adventure on Kami's Island","Leo","","OP15-052","UC","Damaged","","","","","","0","",""
"9196739","One Piece Card Game","Adventure on Kami's Island","Lightning Beast Kiten","","OP15-076","UC","Near Mint","0.18","","1.5900","0.1000","","0","",""
"9196740","One Piece Card Game","Adventure on Kami's Island","Lightning Beast Kiten","","OP15-076","UC","Lightly Played","0.19","","1.6400","0.1500","","0","",""
"9196741","One Piece Card Game","Adventure on Kami's Island","Lightning Beast Kiten","","OP15-076","UC","Moderately Played","","","","","","0","",""
"9196742","One Piece Card Game","Adventure on Kami's Island","Lightning Beast Kiten","","OP15-076","UC","Heavily Played","","","","","","0","",""
"9196743","One Piece Card Game","Adventure on Kami's Island","Lightning Beast Kiten","","OP15-076","UC","Damaged","","","","","","0","",""
"9201377","One Piece Card Game","Adventure on Kami's Island","Lightning Beast Kiten (Dash Pack)","","OP15-076","UC","Near Mint Foil","1.21","","2.2400","0.7500","","0","",""
"9201378","One Piece Card Game","Adventure on Kami's Island","Lightning Beast Kiten (Dash Pack)","","OP15-076","UC","Lightly Played Foil","3.98","","5.6000","4.1100","","0","",""
"9201379","One Piece Card Game","Adventure on Kami's Island","Lightning Beast Kiten (Dash Pack)","","OP15-076","UC","Moderately Played Foil","","","","","","0","",""
"9201380","One Piece Card Game","Adventure on Kami's Island","Lightning Beast Kiten (Dash Pack)","","OP15-076","UC","Heavily Played Foil","","","","","","0","",""
"9201381","One Piece Card Game","Adventure on Kami's Island","Lightning Beast Kiten (Dash Pack)","","OP15-076","UC","Damaged Foil","3.06","","2.3800","0.8900","","0","",""
"9196744","One Piece Card Game","Adventure on Kami's Island","Lightning Dragon","","OP15-077","R","Near Mint Foil","0.27","","1.6400","0.1500","","0","",""
"9196745","One Piece Card Game","Adventure on Kami's Island","Lightning Dragon","","OP15-077","R","Lightly Played Foil","0.31","","1.6900","0.2000","","0","",""
"9196746","One Piece Card Game","Adventure on Kami's Island","Lightning Dragon","","OP15-077","R","Moderately Played Foil","","","10.3900","0.4000","","0","",""
"9196747","One Piece Card Game","Adventure on Kami's Island","Lightning Dragon","","OP15-077","R","Heavily Played Foil","","","","","","0","",""
"9196748","One Piece Card Game","Adventure on Kami's Island","Lightning Dragon","","OP15-077","R","Damaged Foil","0.25","","","","","0","",""
"9196749","One Piece Card Game","Adventure on Kami's Island","Lightning Dragon (Alternate Art)","","OP15-077","R","Near Mint Foil","82.18","","81.3100","80.0200","","0","",""
"9196750","One Piece Card Game","Adventure on Kami's Island","Lightning Dragon (Alternate Art)","","OP15-077","R","Lightly Played Foil","105.21","","81.9900","81.9900","","0","",""
"9196751","One Piece Card Game","Adventure on Kami's Island","Lightning Dragon (Alternate Art)","","OP15-077","R","Moderately Played Foil","74.00","","","","","0","",""
"9196752","One Piece Card Game","Adventure on Kami's Island","Lightning Dragon (Alternate Art)","","OP15-077","R","Heavily Played Foil","","","","","","0","",""
"9196753","One Piece Card Game","Adventure on Kami's Island","Lightning Dragon (Alternate Art)","","OP15-077","R","Damaged Foil","","","","","","0","",""
"9196299","One Piece Card Game","Adventure on Kami's Island","Lucy","","OP15-002","L","Near Mint","0.19","","1.5800","0.0900","","0","",""
"9196300","One Piece Card Game","Adventure on Kami's Island","Lucy","","OP15-002","L","Lightly Played","0.20","","1.6500","0.1500","","0","",""
"9196301","One Piece Card Game","Adventure on Kami's Island","Lucy","","OP15-002","L","Moderately Played","","","4.4800","2.9900","","0","",""
"9196302","One Piece Card Game","Adventure on Kami's Island","Lucy","","OP15-002","L","Heavily Played","","","","","","0","",""
"9196303","One Piece Card Game","Adventure on Kami's Island","Lucy","","OP15-002","L","Damaged","","","","","","0","",""
"9196304","One Piece Card Game","Adventure on Kami's Island","Lucy (Alternate Art)","","OP15-002","L","Near Mint Foil","29.92","","29.9900","29.0000","","0","",""
"9196305","One Piece Card Game","Adventure on Kami's Island","Lucy (Alternate Art)","","OP15-002","L","Lightly Played Foil","39.30","","29.9900","29.9900","","0","",""
"9196306","One Piece Card Game","Adventure on Kami's Island","Lucy (Alternate Art)","","OP15-002","L","Moderately Played Foil","58.50","","","","","0","",""
"9196307","One Piece Card Game","Adventure on Kami's Island","Lucy (Alternate Art)","","OP15-002","L","Heavily Played Foil","","","","","","0","",""
"9196308","One Piece Card Game","Adventure on Kami's Island","Lucy (Alternate Art)","","OP15-002","L","Damaged Foil","","","","","","0","",""
"9196144","One Piece Card Game","Adventure on Kami's Island","Lulucia Kingdom","","EB04-010","C","Near Mint","0.04","","1.5000","0.0100","","0","",""
"9196145","One Piece Card Game","Adventure on Kami's Island","Lulucia Kingdom","","EB04-010","C","Lightly Played","0.02","","1.5000","0.0100","","0","",""
"9196146","One Piece Card Game","Adventure on Kami's Island","Lulucia Kingdom","","EB04-010","C","Moderately Played","","","","","","0","",""
"9196147","One Piece Card Game","Adventure on Kami's Island","Lulucia Kingdom","","EB04-010","C","Heavily Played","","","","","","0","",""
"9196148","One Piece Card Game","Adventure on Kami's Island","Lulucia Kingdom","","EB04-010","C","Damaged","","","","","","0","",""
"9196754","One Piece Card Game","Adventure on Kami's Island","Mamaragan","","OP15-078","SR","Near Mint Foil","19.98","","21.4900","19.9900","","0","",""
"9196755","One Piece Card Game","Adventure on Kami's Island","Mamaragan","","OP15-078","SR","Lightly Played Foil","18.83","","23.9400","18.9500","","0","",""
"9196756","One Piece Card Game","Adventure on Kami's Island","Mamaragan","","OP15-078","SR","Moderately Played Foil","14.02","","","","","0","",""
"9196757","One Piece Card Game","Adventure on Kami's Island","Mamaragan","","OP15-078","SR","Heavily Played Foil","9.00","","","","","0","",""
"9196758","One Piece Card Game","Adventure on Kami's Island","Mamaragan","","OP15-078","SR","Damaged Foil","6.24","","","","","0","",""
"9196759","One Piece Card Game","Adventure on Kami's Island","Mamaragan (Alternate Art)","","OP15-078","SR","Near Mint Foil","47.24","","50.3000","48.9900","","0","",""
"9196760","One Piece Card Game","Adventure on Kami's Island","Mamaragan (Alternate Art)","","OP15-078","SR","Lightly Played Foil","39.86","","50.9900","50.0000","","0","",""
"9196761","One Piece Card Game","Adventure on Kami's Island","Mamaragan (Alternate Art)","","OP15-078","SR","Moderately Played Foil","","","","","","0","",""
"9196762","One Piece Card Game","Adventure on Kami's Island","Mamaragan (Alternate Art)","","OP15-078","SR","Heavily Played Foil","","","","","","0","",""
"9196763","One Piece Card Game","Adventure on Kami's Island","Mamaragan (Alternate Art)","","OP15-078","SR","Damaged Foil","","","","","","0","",""
"9196829","One Piece Card Game","Adventure on Kami's Island","Margarita","","OP15-091","C","Near Mint","0.09","","1.5000","0.0100","","0","",""
"9196830","One Piece Card Game","Adventure on Kami's Island","Margarita","","OP15-091","C","Lightly Played","0.08","","1.5000","0.0100","","0","",""
"9196831","One Piece Card Game","Adventure on Kami's Island","Margarita","","OP15-091","C","Moderately Played","","","","","","0","",""
"9196832","One Piece Card Game","Adventure on Kami's Island","Margarita","","OP15-091","C","Heavily Played","","","","","","0","",""
"9196833","One Piece Card Game","Adventure on Kami's Island","Margarita","","OP15-091","C","Damaged","","","","","","0","",""
"9196459","One Piece Card Game","Adventure on Kami's Island","Meowban Brothers","","OP15-028","UC","Near Mint","0.14","","1.5000","0.0100","","0","",""
"9196460","One Piece Card Game","Adventure on Kami's Island","Meowban Brothers","","OP15-028","UC","Lightly Played","0.09","","1.5600","0.0700","","0","",""
"9196461","One Piece Card Game","Adventure on Kami's Island","Meowban Brothers","","OP15-028","UC","Moderately Played","","","","","","0","",""
"9196462","One Piece Card Game","Adventure on Kami's Island","Meowban Brothers","","OP15-028","UC","Heavily Played","","","","","","0","",""
"9196463","One Piece Card Game","Adventure on Kami's Island","Meowban Brothers","","OP15-028","UC","Damaged","","","","","","0","",""
"9196119","One Piece Card Game","Adventure on Kami's Island","Moda","","EB04-006","C","Near Mint","0.03","","1.5000","0.0100","","0","",""
"9196120","One Piece Card Game","Adventure on Kami's Island","Moda","","EB04-006","C","Lightly Played","","","1.5200","0.0300","","0","",""
"9196121","One Piece Card Game","Adventure on Kami's Island","Moda","","EB04-006","C","Moderately Played","","","","","","0","",""
"9196122","One Piece Card Game","Adventure on Kami's Island","Moda","","EB04-006","C","Heavily Played","","","","","","0","",""
"9196123","One Piece Card Game","Adventure on Kami's Island","Moda","","EB04-006","C","Damaged","","","","","","0","",""
"9196399","One Piece Card Game","Adventure on Kami's Island","Mohji","","OP15-018","C","Near Mint","0.05","","1.5000","0.0100","","0","",""
"9196400","One Piece Card Game","Adventure on Kami's Island","Mohji","","OP15-018","C","Lightly Played","","","1.5400","0.0500","","0","",""
"9196401","One Piece Card Game","Adventure on Kami's Island","Mohji","","OP15-018","C","Moderately Played","","","","","","0","",""
"9196402","One Piece Card Game","Adventure on Kami's Island","Mohji","","OP15-018","C","Heavily Played","","","","","","0","",""
"9196403","One Piece Card Game","Adventure on Kami's Island","Mohji","","OP15-018","C","Damaged","","","","","","0","",""
"9196274","One Piece Card Game","Adventure on Kami's Island","Monkey.D.Luffy (EB04-061)","","EB04-061","SEC","Near Mint Foil","8.95","","9.8900","8.9000","","0","",""
"9196275","One Piece Card Game","Adventure on Kami's Island","Monkey.D.Luffy (EB04-061)","","EB04-061","SEC","Lightly Played Foil","10.79","","9.9500","9.9500","","0","",""
"9196276","One Piece Card Game","Adventure on Kami's Island","Monkey.D.Luffy (EB04-061)","","EB04-061","SEC","Moderately Played Foil","12.50","","","","","0","",""
"9196277","One Piece Card Game","Adventure on Kami's Island","Monkey.D.Luffy (EB04-061)","","EB04-061","SEC","Heavily Played Foil","","","","","","0","",""
"9196278","One Piece Card Game","Adventure on Kami's Island","Monkey.D.Luffy (EB04-061)","","EB04-061","SEC","Damaged Foil","9.99","","","","","0","",""
"9196279","One Piece Card Game","Adventure on Kami's Island","Monkey.D.Luffy (EB04-061) (Alternate Art)","","EB04-061","SEC","Near Mint Foil","69.20","","49.9800","48.9900","","0","",""
"9196280","One Piece Card Game","Adventure on Kami's Island","Monkey.D.Luffy (EB04-061) (Alternate Art)","","EB04-061","SEC","Lightly Played Foil","56.63","","63.4000","63.4000","","0","",""
"9196281","One Piece Card Game","Adventure on Kami's Island","Monkey.D.Luffy (EB04-061) (Alternate Art)","","EB04-061","SEC","Moderately Played Foil","","","","","","0","",""
"9196282","One Piece Card Game","Adventure on Kami's Island","Monkey.D.Luffy (EB04-061) (Alternate Art)","","EB04-061","SEC","Heavily Played Foil","","","","","","0","",""
"9196283","One Piece Card Game","Adventure on Kami's Island","Monkey.D.Luffy (EB04-061) (Alternate Art)","","EB04-061","SEC","Damaged Foil","","","","","","0","",""
"9196594","One Piece Card Game","Adventure on Kami's Island","Monkey.D.Luffy (OP15-051)","","OP15-051","UC","Near Mint","0.14","","1.5000","0.0100","","0","",""
"9196595","One Piece Card Game","Adventure on Kami's Island","Monkey.D.Luffy (OP15-051)","","OP15-051","UC","Lightly Played","0.10","","1.5700","0.0800","","0","",""
"9196596","One Piece Card Game","Adventure on Kami's Island","Monkey.D.Luffy (OP15-051)","","OP15-051","UC","Moderately Played","","","","","","0","",""
"9196597","One Piece Card Game","Adventure on Kami's Island","Monkey.D.Luffy (OP15-051)","","OP15-051","UC","Heavily Played","","","","","","0","",""
"9196598","One Piece Card Game","Adventure on Kami's Island","Monkey.D.Luffy (OP15-051)","","OP15-051","UC","Damaged","","","","","","0","",""
"9196834","One Piece Card Game","Adventure on Kami's Island","Monkey.D.Luffy (OP15-092)","","OP15-092","R","Near Mint Foil","1.50","","2.3900","0.4000","","0","",""
"9196835","One Piece Card Game","Adventure on Kami's Island","Monkey.D.Luffy (OP15-092)","","OP15-092","R","Lightly Played Foil","2.30","","2.4900","1.0000","","0","",""
"9196836","One Piece Card Game","Adventure on Kami's Island","Monkey.D.Luffy (OP15-092)","","OP15-092","R","Moderately Played Foil","1.00","","","","","0","",""
"9196837","One Piece Card Game","Adventure on Kami's Island","Monkey.D.Luffy (OP15-092)","","OP15-092","R","Heavily Played Foil","","","","","","0","",""
"9196838","One Piece Card Game","Adventure on Kami's Island","Monkey.D.Luffy (OP15-092)","","OP15-092","R","Damaged Foil","","","99.0000","99.0000","","0","",""
"9196839","One Piece Card Game","Adventure on Kami's Island","Monkey.D.Luffy (OP15-092) (Alternate Art)","","OP15-092","R","Near Mint Foil","33.07","","32.4200","31.4300","","0","",""
"9196840","One Piece Card Game","Adventure on Kami's Island","Monkey.D.Luffy (OP15-092) (Alternate Art)","","OP15-092","R","Lightly Played Foil","33.58","","33.5800","33.5800","","0","",""
"9196841","One Piece Card Game","Adventure on Kami's Island","Monkey.D.Luffy (OP15-092) (Alternate Art)","","OP15-092","R","Moderately Played Foil","","","","","","0","",""
"9196842","One Piece Card Game","Adventure on Kami's Island","Monkey.D.Luffy (OP15-092) (Alternate Art)","","OP15-092","R","Heavily Played Foil","26.00","","","","","0","",""
"9196843","One Piece Card Game","Adventure on Kami's Island","Monkey.D.Luffy (OP15-092) (Alternate Art)","","OP15-092","R","Damaged Foil","","","","","","0","",""
"9196869","One Piece Card Game","Adventure on Kami's Island","Monkey.D.Luffy (OP15-098)","","OP15-098","L","Near Mint","0.16","","1.5000","0.0100","","0","",""
"9196870","One Piece Card Game","Adventure on Kami's Island","Monkey.D.Luffy (OP15-098)","","OP15-098","L","Lightly Played","0.25","","1.6900","0.2000","","0","",""
"9196871","One Piece Card Game","Adventure on Kami's Island","Monkey.D.Luffy (OP15-098)","","OP15-098","L","Moderately Played","","","","","","0","",""
"9196872","One Piece Card Game","Adventure on Kami's Island","Monkey.D.Luffy (OP15-098)","","OP15-098","L","Heavily Played","","","","","","0","",""
"9196873","One Piece Card Game","Adventure on Kami's Island","Monkey.D.Luffy (OP15-098)","","OP15-098","L","Damaged","","","","","","0","",""
"9196874","One Piece Card Game","Adventure on Kami's Island","Monkey.D.Luffy (OP15-098) (Alternate Art)","","OP15-098","L","Near Mint Foil","86.91","","79.7000","77.8100","","0","",""
"9196875","One Piece Card Game","Adventure on Kami's Island","Monkey.D.Luffy (OP15-098) (Alternate Art)","","OP15-098","L","Lightly Played Foil","78.71","","92.7500","92.7500","","0","",""
"9196876","One Piece Card Game","Adventure on Kami's Island","Monkey.D.Luffy (OP15-098) (Alternate Art)","","OP15-098","L","Moderately Played Foil","84.99","","","","","0","",""
"9196877","One Piece Card Game","Adventure on Kami's Island","Monkey.D.Luffy (OP15-098) (Alternate Art)","","OP15-098","L","Heavily Played Foil","","","","","","0","",""
"9196878","One Piece Card Game","Adventure on Kami's Island","Monkey.D.Luffy (OP15-098) (Alternate Art)","","OP15-098","L","Damaged Foil","","","","","","0","",""
"9197009","One Piece Card Game","Adventure on Kami's Island","Monkey.D.Luffy (OP15-119)","","OP15-119","SEC","Near Mint Foil","11.92","","11.9900","11.9900","0","0","22.9900",""
"9197010","One Piece Card Game","Adventure on Kami's Island","Monkey.D.Luffy (OP15-119)","","OP15-119","SEC","Lightly Played Foil","18.19","","15.9600","13.9700","","0","",""
"9197011","One Piece Card Game","Adventure on Kami's Island","Monkey.D.Luffy (OP15-119)","","OP15-119","SEC","Moderately Played Foil","19.45","","20.7500","19.4500","","0","",""
"9197012","One Piece Card Game","Adventure on Kami's Island","Monkey.D.Luffy (OP15-119)","","OP15-119","SEC","Heavily Played Foil","","","","","","0","",""
"9197013","One Piece Card Game","Adventure on Kami's Island","Monkey.D.Luffy (OP15-119)","","OP15-119","SEC","Damaged Foil","19.45","","","","","0","",""
"9197014","One Piece Card Game","Adventure on Kami's Island","Monkey.D.Luffy (OP15-119) (Alternate Art)","","OP15-119","SEC","Near Mint Foil","58.78","","53.2600","51.7700","","0","",""
"9197015","One Piece Card Game","Adventure on Kami's Island","Monkey.D.Luffy (OP15-119) (Alternate Art)","","OP15-119","SEC","Lightly Played Foil","71.78","","55.9900","55.9900","","0","",""
"9197016","One Piece Card Game","Adventure on Kami's Island","Monkey.D.Luffy (OP15-119) (Alternate Art)","","OP15-119","SEC","Moderately Played Foil","","","","","","0","",""
"9197017","One Piece Card Game","Adventure on Kami's Island","Monkey.D.Luffy (OP15-119) (Alternate Art)","","OP15-119","SEC","Heavily Played Foil","","","","","","0","",""
"9197018","One Piece Card Game","Adventure on Kami's Island","Monkey.D.Luffy (OP15-119) (Alternate Art)","","OP15-119","SEC","Damaged Foil","41.66","","","","","0","",""
"9195541","One Piece Card Game","Adventure on Kami's Island","Monkey.D.Luffy (SP)","","ST26-005","SR","Near Mint Foil","626.68","","502.9900","500.0000","","0","",""
"9195542","One Piece Card Game","Adventure on Kami's Island","Monkey.D.Luffy (SP)","","ST26-005","SR","Lightly Played Foil","369.19","","401.4700","401.4700","","0","",""
"9195543","One Piece Card Game","Adventure on Kami's Island","Monkey.D.Luffy (SP)","","ST26-005","SR","Moderately Played Foil","","","499.9900","499.9900","","0","",""
"9195544","One Piece Card Game","Adventure on Kami's Island","Monkey.D.Luffy (SP)","","ST26-005","SR","Heavily Played Foil","","","","","","0","",""
"9195545","One Piece Card Game","Adventure on Kami's Island","Monkey.D.Luffy (SP)","","ST26-005","SR","Damaged Foil","","","","","","0","",""
"9196944","One Piece Card Game","Adventure on Kami's Island","Mont Blanc Noland","","OP15-111","C","Near Mint","0.08","","1.5000","0.0100","","0","",""
"9196945","One Piece Card Game","Adventure on Kami's Island","Mont Blanc Noland","","OP15-111","C","Lightly Played","0.15","","1.5400","0.0500","","0","",""
"9196946","One Piece Card Game","Adventure on Kami's Island","Mont Blanc Noland","","OP15-111","C","Moderately Played","","","1.8900","0.4000","","0","",""
"9196947","One Piece Card Game","Adventure on Kami's Island","Mont Blanc Noland","","OP15-111","C","Heavily Played","","","","","","0","",""
"9196948","One Piece Card Game","Adventure on Kami's Island","Mont Blanc Noland","","OP15-111","C","Damaged","","","","","","0","",""
"9196394","One Piece Card Game","Adventure on Kami's Island","Morgan","","OP15-017","C","Near Mint","0.11","","1.5000","0.0100","","0","",""
"9196395","One Piece Card Game","Adventure on Kami's Island","Morgan","","OP15-017","C","Lightly Played","0.08","","1.5500","0.0100","","0","",""
"9196396","One Piece Card Game","Adventure on Kami's Island","Morgan","","OP15-017","C","Moderately Played","","","","","","0","",""
"9196397","One Piece Card Game","Adventure on Kami's Island","Morgan","","OP15-017","C","Heavily Played","","","","","","0","",""
"9196398","One Piece Card Game","Adventure on Kami's Island","Morgan","","OP15-017","C","Damaged","","","","","","0","",""
"9453775","One Piece Card Game","Adventure on Kami's Island","Nami (CS26-27 Regionals Season 2 Top 64)","","OP15-108","R","Near Mint Foil","","","3004.9900","3000.0000","","0","",""
"9453776","One Piece Card Game","Adventure on Kami's Island","Nami (CS26-27 Regionals Season 2 Top 64)","","OP15-108","R","Lightly Played Foil","","","","","","0","",""
"9453777","One Piece Card Game","Adventure on Kami's Island","Nami (CS26-27 Regionals Season 2 Top 64)","","OP15-108","R","Moderately Played Foil","","","","","","0","",""
"9453778","One Piece Card Game","Adventure on Kami's Island","Nami (CS26-27 Regionals Season 2 Top 64)","","OP15-108","R","Heavily Played Foil","","","","","","0","",""
"9453779","One Piece Card Game","Adventure on Kami's Island","Nami (CS26-27 Regionals Season 2 Top 64)","","OP15-108","R","Damaged Foil","","","","","","0","",""
"9196799","One Piece Card Game","Adventure on Kami's Island","Nami (OP15-086)","","OP15-086","SR","Near Mint Foil","2.04","","3.2400","1.7400","","0","",""
"9196800","One Piece Card Game","Adventure on Kami's Island","Nami (OP15-086)","","OP15-086","SR","Lightly Played Foil","3.12","","3.4600","1.9700","","0","",""
"9196801","One Piece Card Game","Adventure on Kami's Island","Nami (OP15-086)","","OP15-086","SR","Moderately Played Foil","2.16","","","","","0","",""
"9196802","One Piece Card Game","Adventure on Kami's Island","Nami (OP15-086)","","OP15-086","SR","Heavily Played Foil","","","","","","0","",""
"9196803","One Piece Card Game","Adventure on Kami's Island","Nami (OP15-086)","","OP15-086","SR","Damaged Foil","1.10","","","","","0","",""
"9196804","One Piece Card Game","Adventure on Kami's Island","Nami (OP15-086) (Alternate Art)","","OP15-086","SR","Near Mint Foil","118.69","","124.5400","124.5400","","0","",""
"9196805","One Piece Card Game","Adventure on Kami's Island","Nami (OP15-086) (Alternate Art)","","OP15-086","SR","Lightly Played Foil","186.73","","110.0000","108.7100","","0","",""
"9196806","One Piece Card Game","Adventure on Kami's Island","Nami (OP15-086) (Alternate Art)","","OP15-086","SR","Moderately Played Foil","31.79","","199.9900","199.9900","","0","",""
"9196807","One Piece Card Game","Adventure on Kami's Island","Nami (OP15-086) (Alternate Art)","","OP15-086","SR","Heavily Played Foil","","","","","","0","",""
"9196808","One Piece Card Game","Adventure on Kami's Island","Nami (OP15-086) (Alternate Art)","","OP15-086","SR","Damaged Foil","80.00","","","","","0","",""
"9196924","One Piece Card Game","Adventure on Kami's Island","Nami (OP15-108)","","OP15-108","R","Near Mint Foil","0.29","","1.5300","0.0400","","0","",""
"9196925","One Piece Card Game","Adventure on Kami's Island","Nami (OP15-108)","","OP15-108","R","Lightly Played Foil","0.46","","1.7500","0.2600","","0","",""
"9196926","One Piece Card Game","Adventure on Kami's Island","Nami (OP15-108)","","OP15-108","R","Moderately Played Foil","","","2.2400","0.2500","","0","",""
"9196927","One Piece Card Game","Adventure on Kami's Island","Nami (OP15-108)","","OP15-108","R","Heavily Played Foil","","","","","","0","",""
"9196928","One Piece Card Game","Adventure on Kami's Island","Nami (OP15-108)","","OP15-108","R","Damaged Foil","","","","","","0","",""
"9201387","One Piece Card Game","Adventure on Kami's Island","Nami (OP15-108) (Dash Pack)","","OP15-108","R","Near Mint Foil","5.63","","6.8300","5.4900","","0","",""
"9201388","One Piece Card Game","Adventure on Kami's Island","Nami (OP15-108) (Dash Pack)","","OP15-108","R","Lightly Played Foil","9.35","","6.8100","6.8100","","0","",""
"9201389","One Piece Card Game","Adventure on Kami's Island","Nami (OP15-108) (Dash Pack)","","OP15-108","R","Moderately Played Foil","6.33","","","","","0","",""
"9201390","One Piece Card Game","Adventure on Kami's Island","Nami (OP15-108) (Dash Pack)","","OP15-108","R","Heavily Played Foil","","","","","","0","",""
"9201391","One Piece Card Game","Adventure on Kami's Island","Nami (OP15-108) (Dash Pack)","","OP15-108","R","Damaged Foil","4.50","","","","","0","",""
"9196359","One Piece Card Game","Adventure on Kami's Island","Nezumi","","OP15-010","C","Near Mint","0.04","","1.5000","0.0100","","0","",""
"9196360","One Piece Card Game","Adventure on Kami's Island","Nezumi","","OP15-010","C","Lightly Played","0.15","","1.5400","0.0500","","0","",""
"9196361","One Piece Card Game","Adventure on Kami's Island","Nezumi","","OP15-010","C","Moderately Played","","","","","","0","",""
"9196362","One Piece Card Game","Adventure on Kami's Island","Nezumi","","OP15-010","C","Heavily Played","","","","","","0","",""
"9196363","One Piece Card Game","Adventure on Kami's Island","Nezumi","","OP15-010","C","Damaged","","","","","","0","",""
"9196809","One Piece Card Game","Adventure on Kami's Island","Nico Robin (OP15-087)","","OP15-087","C","Near Mint","0.12","","1.5000","0.0100","","0","",""
"9196810","One Piece Card Game","Adventure on Kami's Island","Nico Robin (OP15-087)","","OP15-087","C","Lightly Played","0.12","","1.5100","0.0200","","0","",""
"9196811","One Piece Card Game","Adventure on Kami's Island","Nico Robin (OP15-087)","","OP15-087","C","Moderately Played","0.10","","","","","0","",""
"9196812","One Piece Card Game","Adventure on Kami's Island","Nico Robin (OP15-087)","","OP15-087","C","Heavily Played","","","","","","0","",""
"9196813","One Piece Card Game","Adventure on Kami's Island","Nico Robin (OP15-087)","","OP15-087","C","Damaged","","","","","","0","",""
"9196929","One Piece Card Game","Adventure on Kami's Island","Nico Robin (OP15-109)","","OP15-109","R","Near Mint Foil","0.28","","1.5300","0.0400","","0","",""
"9196930","One Piece Card Game","Adventure on Kami's Island","Nico Robin (OP15-109)","","OP15-109","R","Lightly Played Foil","0.31","","1.6400","0.1500","","0","",""
"9196931","One Piece Card Game","Adventure on Kami's Island","Nico Robin (OP15-109)","","OP15-109","R","Moderately Played Foil","0.25","","2.2400","0.2500","","0","",""
"9196932","One Piece Card Game","Adventure on Kami's Island","Nico Robin (OP15-109)","","OP15-109","R","Heavily Played Foil","","","","","","0","",""
"9196933","One Piece Card Game","Adventure on Kami's Island","Nico Robin (OP15-109)","","OP15-109","R","Damaged Foil","","","","","","0","",""
"9196934","One Piece Card Game","Adventure on Kami's Island","Nico Robin (OP15-109) (Alternate Art)","","OP15-109","R","Near Mint Foil","18.41","","17.6500","16.1500","","0","",""
"9196935","One Piece Card Game","Adventure on Kami's Island","Nico Robin (OP15-109) (Alternate Art)","","OP15-109","R","Lightly Played Foil","20.61","","18.3300","18.3300","","0","",""
"9196936","One Piece Card Game","Adventure on Kami's Island","Nico Robin (OP15-109) (Alternate Art)","","OP15-109","R","Moderately Played Foil","","","","","","0","",""
"9196937","One Piece Card Game","Adventure on Kami's Island","Nico Robin (OP15-109) (Alternate Art)","","OP15-109","R","Heavily Played Foil","","","","","","0","",""
"9196938","One Piece Card Game","Adventure on Kami's Island","Nico Robin (OP15-109) (Alternate Art)","","OP15-109","R","Damaged Foil","9.99","","","","","0","",""
"9196704","One Piece Card Game","Adventure on Kami's Island","Nola","","OP15-069","UC","Near Mint","0.17","","1.5000","0.0100","","0","",""
"9196705","One Piece Card Game","Adventure on Kami's Island","Nola","","OP15-069","UC","Lightly Played","0.16","","1.5800","0.0900","","0","",""
"9196706","One Piece Card Game","Adventure on Kami's Island","Nola","","OP15-069","UC","Moderately Played","","","","","","0","",""
"9196707","One Piece Card Game","Adventure on Kami's Island","Nola","","OP15-069","UC","Heavily Played","","","1.7200","0.2000","","0","",""
"9196708","One Piece Card Game","Adventure on Kami's Island","Nola","","OP15-069","UC","Damaged","","","","","","0","",""
"9196769","One Piece Card Game","Adventure on Kami's Island","Oars","","OP15-080","R","Near Mint Foil","0.10","","1.5000","0.0100","","0","",""
"9196770","One Piece Card Game","Adventure on Kami's Island","Oars","","OP15-080","R","Lightly Played Foil","0.18","","1.6400","0.1500","","0","",""
"9196771","One Piece Card Game","Adventure on Kami's Island","Oars","","OP15-080","R","Moderately Played Foil","","","2.6200","0.1200","","0","",""
"9196772","One Piece Card Game","Adventure on Kami's Island","Oars","","OP15-080","R","Heavily Played Foil","","","","","","0","",""
"9196773","One Piece Card Game","Adventure on Kami's Island","Oars","","OP15-080","R","Damaged Foil","","","","","","0","",""
"9196914","One Piece Card Game","Adventure on Kami's Island","Octoballoon","","OP15-106","C","Near Mint","0.05","","1.5000","0.0100","","0","",""
"9196915","One Piece Card Game","Adventure on Kami's Island","Octoballoon","","OP15-106","C","Lightly Played","0.11","","1.5200","0.0300","","0","",""
"9196916","One Piece Card Game","Adventure on Kami's Island","Octoballoon","","OP15-106","C","Moderately Played","","","","","","0","",""
"9196917","One Piece Card Game","Adventure on Kami's Island","Octoballoon","","OP15-106","C","Heavily Played","","","","","","0","",""
"9196918","One Piece Card Game","Adventure on Kami's Island","Octoballoon","","OP15-106","C","Damaged","","","","","","0","",""
"9196659","One Piece Card Game","Adventure on Kami's Island","Ohm","","OP15-061","R","Near Mint Foil","0.20","","1.5800","0.0900","","0","",""
"9196660","One Piece Card Game","Adventure on Kami's Island","Ohm","","OP15-061","R","Lightly Played Foil","0.29","","1.6900","0.2000","","0","",""
"9196661","One Piece Card Game","Adventure on Kami's Island","Ohm","","OP15-061","R","Moderately Played Foil","0.09","","","","","0","",""
"9196662","One Piece Card Game","Adventure on Kami's Island","Ohm","","OP15-061","R","Heavily Played Foil","","","","","","0","",""
"9196663","One Piece Card Game","Adventure on Kami's Island","Ohm","","OP15-061","R","Damaged Foil","0.15","","","","","0","",""
"9196664","One Piece Card Game","Adventure on Kami's Island","Ohm (Alternate Art)","","OP15-061","R","Near Mint Foil","5.50","","6.1300","6.1300","0","0","8.5000",""
"9196665","One Piece Card Game","Adventure on Kami's Island","Ohm (Alternate Art)","","OP15-061","R","Lightly Played Foil","9.88","","7.3000","7.3000","","0","",""
"9196666","One Piece Card Game","Adventure on Kami's Island","Ohm (Alternate Art)","","OP15-061","R","Moderately Played Foil","","","","","","0","",""
"9196667","One Piece Card Game","Adventure on Kami's Island","Ohm (Alternate Art)","","OP15-061","R","Heavily Played Foil","","","","","","0","",""
"9196668","One Piece Card Game","Adventure on Kami's Island","Ohm (Alternate Art)","","OP15-061","R","Damaged Foil","8.00","","","","","0","",""
"9196534","One Piece Card Game","Adventure on Kami's Island","Orlumbus","","OP15-041","UC","Near Mint","0.06","","1.5000","0.0100","","0","",""
"9196535","One Piece Card Game","Adventure on Kami's Island","Orlumbus","","OP15-041","UC","Lightly Played","0.12","","1.5400","0.0500","","0","",""
"9196536","One Piece Card Game","Adventure on Kami's Island","Orlumbus","","OP15-041","UC","Moderately Played","","","","","","0","",""
"9196537","One Piece Card Game","Adventure on Kami's Island","Orlumbus","","OP15-041","UC","Heavily Played","","","","","","0","",""
"9196538","One Piece Card Game","Adventure on Kami's Island","Orlumbus","","OP15-041","UC","Damaged","","","","","","0","",""
"9196244","One Piece Card Game","Adventure on Kami's Island","Pacifista","","EB04-056","C","Near Mint","0.06","","1.5000","0.0100","","0","",""
"9196245","One Piece Card Game","Adventure on Kami's Island","Pacifista","","EB04-056","C","Lightly Played","0.10","","1.5100","0.0200","","0","",""
"9196246","One Piece Card Game","Adventure on Kami's Island","Pacifista","","EB04-056","C","Moderately Played","","","","","","0","",""
"9196247","One Piece Card Game","Adventure on Kami's Island","Pacifista","","EB04-056","C","Heavily Played","","","","","","0","",""
"9196248","One Piece Card Game","Adventure on Kami's Island","Pacifista","","EB04-056","C","Damaged","","","","","","0","",""
"9196364","One Piece Card Game","Adventure on Kami's Island","Pearl","","OP15-011","R","Near Mint Foil","0.14","","1.5000","0.0100","","0","",""
"9196365","One Piece Card Game","Adventure on Kami's Island","Pearl","","OP15-011","R","Lightly Played Foil","0.32","","1.6200","0.1300","","0","",""
"9196366","One Piece Card Game","Adventure on Kami's Island","Pearl","","OP15-011","R","Moderately Played Foil","","","2.6000","0.1000","","0","",""
"9196367","One Piece Card Game","Adventure on Kami's Island","Pearl","","OP15-011","R","Heavily Played Foil","","","1.8900","0.4000","","0","",""
"9196368","One Piece Card Game","Adventure on Kami's Island","Pearl","","OP15-011","R","Damaged Foil","0.33","","","","","0","",""
"9196824","One Piece Card Game","Adventure on Kami's Island","Perona","","OP15-090","UC","Near Mint","0.13","","1.5300","0.0400","","0","",""
"9196825","One Piece Card Game","Adventure on Kami's Island","Perona","","OP15-090","UC","Lightly Played","0.15","","1.5900","0.1000","","0","",""
"9196826","One Piece Card Game","Adventure on Kami's Island","Perona","","OP15-090","UC","Moderately Played","","","3.4800","1.9900","","0","",""
"9196827","One Piece Card Game","Adventure on Kami's Island","Perona","","OP15-090","UC","Heavily Played","","","","","","0","",""
"9196828","One Piece Card Game","Adventure on Kami's Island","Perona","","OP15-090","UC","Damaged","","","","","","0","",""
"9196374","One Piece Card Game","Adventure on Kami's Island","Pincers","","OP15-013","C","Near Mint","0.05","","1.5000","0.0100","","0","",""
"9196375","One Piece Card Game","Adventure on Kami's Island","Pincers","","OP15-013","C","Lightly Played","0.11","","1.5200","0.0300","","0","",""
"9196376","One Piece Card Game","Adventure on Kami's Island","Pincers","","OP15-013","C","Moderately Played","","","","","","0","",""
"9196377","One Piece Card Game","Adventure on Kami's Island","Pincers","","OP15-013","C","Heavily Played","","","","","","0","",""
"9196378","One Piece Card Game","Adventure on Kami's Island","Pincers","","OP15-013","C","Damaged","","","","","","0","",""
"9196814","One Piece Card Game","Adventure on Kami's Island","Pirates Docking Six","","OP15-088","R","Near Mint Foil","4.42","","4.9800","3.4900","","0","",""
"9196815","One Piece Card Game","Adventure on Kami's Island","Pirates Docking Six","","OP15-088","R","Lightly Played Foil","3.12","","4.2100","2.7200","","0","",""
"9196816","One Piece Card Game","Adventure on Kami's Island","Pirates Docking Six","","OP15-088","R","Moderately Played Foil","3.25","","","","","0","",""
"9196817","One Piece Card Game","Adventure on Kami's Island","Pirates Docking Six","","OP15-088","R","Heavily Played Foil","","","","","","0","",""
"9196818","One Piece Card Game","Adventure on Kami's Island","Pirates Docking Six","","OP15-088","R","Damaged Foil","1.60","","","","","0","",""
"9196474","One Piece Card Game","Adventure on Kami's Island","Purinpurin","","OP15-031","C","Near Mint","0.06","","1.5000","0.0100","","0","",""
"9196475","One Piece Card Game","Adventure on Kami's Island","Purinpurin","","OP15-031","C","Lightly Played","0.15","","1.5300","0.0400","","0","",""
"9196476","One Piece Card Game","Adventure on Kami's Island","Purinpurin","","OP15-031","C","Moderately Played","","","1.8200","0.3000","","0","",""
"9196477","One Piece Card Game","Adventure on Kami's Island","Purinpurin","","OP15-031","C","Heavily Played","","","","","","0","",""
"9196478","One Piece Card Game","Adventure on Kami's Island","Purinpurin","","OP15-031","C","Damaged","","","","","","0","",""
"9196949","One Piece Card Game","Adventure on Kami's Island","Raki","","OP15-112","C","Near Mint","0.06","","1.5000","0.0100","","0","",""
"9196950","One Piece Card Game","Adventure on Kami's Island","Raki","","OP15-112","C","Lightly Played","0.25","","1.5500","0.0600","","0","",""
"9196951","One Piece Card Game","Adventure on Kami's Island","Raki","","OP15-112","C","Moderately Played","","","","","","0","",""
"9196952","One Piece Card Game","Adventure on Kami's Island","Raki","","OP15-112","C","Heavily Played","","","","","","0","",""
"9196953","One Piece Card Game","Adventure on Kami's Island","Raki","","OP15-112","C","Damaged","","","","","","0","",""
"9196519","One Piece Card Game","Adventure on Kami's Island","Rebecca (OP15-039)","","OP15-039","L","Near Mint","0.13","","1.5000","0.0100","","0","",""
"9196520","One Piece Card Game","Adventure on Kami's Island","Rebecca (OP15-039)","","OP15-039","L","Lightly Played","0.16","","1.5900","0.1000","","0","",""
"9196521","One Piece Card Game","Adventure on Kami's Island","Rebecca (OP15-039)","","OP15-039","L","Moderately Played","","","3.4800","1.9900","","0","",""
"9196522","One Piece Card Game","Adventure on Kami's Island","Rebecca (OP15-039)","","OP15-039","L","Heavily Played","","","","","","0","",""
"9196523","One Piece Card Game","Adventure on Kami's Island","Rebecca (OP15-039)","","OP15-039","L","Damaged","","","","","","0","",""
"9196524","One Piece Card Game","Adventure on Kami's Island","Rebecca (OP15-039) (Alternate Art)","","OP15-039","L","Near Mint Foil","16.77","","17.2000","17.2000","","0","",""
"9196525","One Piece Card Game","Adventure on Kami's Island","Rebecca (OP15-039) (Alternate Art)","","OP15-039","L","Lightly Played Foil","19.09","","19.0800","19.0800","","0","",""
"9196526","One Piece Card Game","Adventure on Kami's Island","Rebecca (OP15-039) (Alternate Art)","","OP15-039","L","Moderately Played Foil","16.23","","","","","0","",""
"9196527","One Piece Card Game","Adventure on Kami's Island","Rebecca (OP15-039) (Alternate Art)","","OP15-039","L","Heavily Played Foil","","","","","","0","",""
"9196528","One Piece Card Game","Adventure on Kami's Island","Rebecca (OP15-039) (Alternate Art)","","OP15-039","L","Damaged Foil","","","","","","0","",""
"9196604","One Piece Card Game","Adventure on Kami's Island","Rebecca (OP15-053)","","OP15-053","SR","Near Mint Foil","1.28","","2.4400","0.9500","","0","",""
"9196605","One Piece Card Game","Adventure on Kami's Island","Rebecca (OP15-053)","","OP15-053","SR","Lightly Played Foil","1.83","","3.4100","1.9200","","0","",""
"9196606","One Piece Card Game","Adventure on Kami's Island","Rebecca (OP15-053)","","OP15-053","SR","Moderately Played Foil","2.93","","4.9800","1.9900","","0","",""
"9196607","One Piece Card Game","Adventure on Kami's Island","Rebecca (OP15-053)","","OP15-053","SR","Heavily Played Foil","","","","","","0","",""
"9196608","One Piece Card Game","Adventure on Kami's Island","Rebecca (OP15-053)","","OP15-053","SR","Damaged Foil","1.19","","","","","0","",""
"9196609","One Piece Card Game","Adventure on Kami's Island","Rebecca (OP15-053) (Alternate Art)","","OP15-053","SR","Near Mint Foil","27.00","","21.7700","21.7700","","0","",""
"9196610","One Piece Card Game","Adventure on Kami's Island","Rebecca (OP15-053) (Alternate Art)","","OP15-053","SR","Lightly Played Foil","38.10","","27.1500","27.1500","","0","",""
"9196611","One Piece Card Game","Adventure on Kami's Island","Rebecca (OP15-053) (Alternate Art)","","OP15-053","SR","Moderately Played Foil","43.00","","","","","0","",""
"9196612","One Piece Card Game","Adventure on Kami's Island","Rebecca (OP15-053) (Alternate Art)","","OP15-053","SR","Heavily Played Foil","","","","","","0","",""
"9196613","One Piece Card Game","Adventure on Kami's Island","Rebecca (OP15-053) (Alternate Art)","","OP15-053","SR","Damaged Foil","","","","","","0","",""
"9196194","One Piece Card Game","Adventure on Kami's Island","Rob Lucci","","EB04-048","SR","Near Mint Foil","0.31","","1.5600","0.0700","","0","",""
"9196195","One Piece Card Game","Adventure on Kami's Island","Rob Lucci","","EB04-048","SR","Lightly Played Foil","0.42","","1.8300","0.3400","","0","",""
"9196196","One Piece Card Game","Adventure on Kami's Island","Rob Lucci","","EB04-048","SR","Moderately Played Foil","0.54","","1.9900","0.5000","","0","",""
"9196197","One Piece Card Game","Adventure on Kami's Island","Rob Lucci","","EB04-048","SR","Heavily Played Foil","","","","","","0","",""
"9196198","One Piece Card Game","Adventure on Kami's Island","Rob Lucci","","EB04-048","SR","Damaged Foil","","","","","","0","",""
"9196199","One Piece Card Game","Adventure on Kami's Island","Rob Lucci (Alternate Art)","","EB04-048","SR","Near Mint Foil","6.36","","6.9900","6.9900","","0","",""
"9196200","One Piece Card Game","Adventure on Kami's Island","Rob Lucci (Alternate Art)","","EB04-048","SR","Lightly Played Foil","7.73","","7.6900","7.6900","","0","",""
"9196201","One Piece Card Game","Adventure on Kami's Island","Rob Lucci (Alternate Art)","","EB04-048","SR","Moderately Played Foil","","","","","","0","",""
"9196202","One Piece Card Game","Adventure on Kami's Island","Rob Lucci (Alternate Art)","","EB04-048","SR","Heavily Played Foil","","","","","","0","",""
"9196203","One Piece Card Game","Adventure on Kami's Island","Rob Lucci (Alternate Art)","","EB04-048","SR","Damaged Foil","4.90","","","","","0","",""
"9196124","One Piece Card Game","Adventure on Kami's Island","Roronoa Zoro (EB04-007)","","EB04-007","SR","Near Mint Foil","15.62","","16.0000","16.0000","0","0","16.0000",""
"9196125","One Piece Card Game","Adventure on Kami's Island","Roronoa Zoro (EB04-007)","","EB04-007","SR","Lightly Played Foil","16.21","","17.5000","17.5000","","0","",""
"9196126","One Piece Card Game","Adventure on Kami's Island","Roronoa Zoro (EB04-007)","","EB04-007","SR","Moderately Played Foil","16.58","","35.0000","35.0000","","0","",""
"9196127","One Piece Card Game","Adventure on Kami's Island","Roronoa Zoro (EB04-007)","","EB04-007","SR","Heavily Played Foil","17.00","","","","","0","",""
"9196128","One Piece Card Game","Adventure on Kami's Island","Roronoa Zoro (EB04-007)","","EB04-007","SR","Damaged Foil","14.60","","","","","0","",""
"9196129","One Piece Card Game","Adventure on Kami's Island","Roronoa Zoro (EB04-007) (Alternate Art)","","EB04-007","SR","Near Mint Foil","92.21","","91.3100","90.0000","","0","",""
"9196130","One Piece Card Game","Adventure on Kami's Island","Roronoa Zoro (EB04-007) (Alternate Art)","","EB04-007","SR","Lightly Played Foil","94.30","","93.9300","93.9300","","0","",""
"9196131","One Piece Card Game","Adventure on Kami's Island","Roronoa Zoro (EB04-007) (Alternate Art)","","EB04-007","SR","Moderately Played Foil","","","","","","0","",""
"9196132","One Piece Card Game","Adventure on Kami's Island","Roronoa Zoro (EB04-007) (Alternate Art)","","EB04-007","SR","Heavily Played Foil","","","","","","0","",""
"9196133","One Piece Card Game","Adventure on Kami's Island","Roronoa Zoro (EB04-007) (Alternate Art)","","EB04-007","SR","Damaged Foil","","","","","","0","",""
"9196284","One Piece Card Game","Adventure on Kami's Island","Roronoa Zoro (OP13-037)","","OP13-037","TR","Near Mint Foil","235.00","","216.1900","216.1900","","0","",""
"9196285","One Piece Card Game","Adventure on Kami's Island","Roronoa Zoro (OP13-037)","","OP13-037","TR","Lightly Played Foil","183.10","","234.0900","228.1000","","0","",""
"9196286","One Piece Card Game","Adventure on Kami's Island","Roronoa Zoro (OP13-037)","","OP13-037","TR","Moderately Played Foil","223.84","","","","","0","",""
"9196287","One Piece Card Game","Adventure on Kami's Island","Roronoa Zoro (OP13-037)","","OP13-037","TR","Heavily Played Foil","","","","","","0","",""
"9196288","One Piece Card Game","Adventure on Kami's Island","Roronoa Zoro (OP13-037)","","OP13-037","TR","Damaged Foil","150.00","","151.4900","150.0000","","0","",""
"9196849","One Piece Card Game","Adventure on Kami's Island","Roronoa Zoro (OP15-094)","","OP15-094","UC","Near Mint","0.16","","1.5800","0.0900","","0","",""
"9196850","One Piece Card Game","Adventure on Kami's Island","Roronoa Zoro (OP15-094)","","OP15-094","UC","Lightly Played","0.17","","1.6200","0.1300","","0","",""
"9196851","One Piece Card Game","Adventure on Kami's Island","Roronoa Zoro (OP15-094)","","OP15-094","UC","Moderately Played","","","","","","0","",""
"9196852","One Piece Card Game","Adventure on Kami's Island","Roronoa Zoro (OP15-094)","","OP15-094","UC","Heavily Played","","","","","","0","",""
"9196853","One Piece Card Game","Adventure on Kami's Island","Roronoa Zoro (OP15-094)","","OP15-094","UC","Damaged","","","99.0000","99.0000","","0","",""
"9201382","One Piece Card Game","Adventure on Kami's Island","Roronoa Zoro (OP15-094) (Dash Pack)","","OP15-094","UC","Near Mint Foil","5.63","","6.6000","5.6100","","0","",""
"9201383","One Piece Card Game","Adventure on Kami's Island","Roronoa Zoro (OP15-094) (Dash Pack)","","OP15-094","UC","Lightly Played Foil","5.85","","8.8000","8.8000","","0","",""
"9201384","One Piece Card Game","Adventure on Kami's Island","Roronoa Zoro (OP15-094) (Dash Pack)","","OP15-094","UC","Moderately Played Foil","","","","","","0","",""
"9201385","One Piece Card Game","Adventure on Kami's Island","Roronoa Zoro (OP15-094) (Dash Pack)","","OP15-094","UC","Heavily Played Foil","","","","","","0","",""
"9201386","One Piece Card Game","Adventure on Kami's Island","Roronoa Zoro (OP15-094) (Dash Pack)","","OP15-094","UC","Damaged Foil","6.00","","","","","0","",""
"9196954","One Piece Card Game","Adventure on Kami's Island","Roronoa Zoro (OP15-113)","","OP15-113","SR","Near Mint Foil","2.91","","4.3900","2.9000","0","0","3.9900",""
"9196955","One Piece Card Game","Adventure on Kami's Island","Roronoa Zoro (OP15-113)","","OP15-113","SR","Lightly Played Foil","3.82","","4.4000","2.9000","","0","",""
"9196956","One Piece Card Game","Adventure on Kami's Island","Roronoa Zoro (OP15-113)","","OP15-113","SR","Moderately Played Foil","3.82","","5.4800","3.9900","","0","",""
"9196957","One Piece Card Game","Adventure on Kami's Island","Roronoa Zoro (OP15-113)","","OP15-113","SR","Heavily Played Foil","1.99","","","","","0","",""
"9196958","One Piece Card Game","Adventure on Kami's Island","Roronoa Zoro (OP15-113)","","OP15-113","SR","Damaged Foil","3.99","","","","","0","",""
"9196959","One Piece Card Game","Adventure on Kami's Island","Roronoa Zoro (OP15-113) (Alternate Art)","","OP15-113","SR","Near Mint Foil","25.58","","26.7500","26.7500","","0","",""
"9196960","One Piece Card Game","Adventure on Kami's Island","Roronoa Zoro (OP15-113) (Alternate Art)","","OP15-113","SR","Lightly Played Foil","33.48","","28.4700","28.4700","","0","",""
"9196961","One Piece Card Game","Adventure on Kami's Island","Roronoa Zoro (OP15-113) (Alternate Art)","","OP15-113","SR","Moderately Played Foil","","","","","","0","",""
"9196962","One Piece Card Game","Adventure on Kami's Island","Roronoa Zoro (OP15-113) (Alternate Art)","","OP15-113","SR","Heavily Played Foil","","","","","","0","",""
"9196963","One Piece Card Game","Adventure on Kami's Island","Roronoa Zoro (OP15-113) (Alternate Art)","","OP15-113","SR","Damaged Foil","20.00","","","","","0","",""
"9196504","One Piece Card Game","Adventure on Kami's Island","Ryuma","","OP15-036","C","Near Mint","0.11","","1.5000","0.0100","","0","",""
"9196505","One Piece Card Game","Adventure on Kami's Island","Ryuma","","OP15-036","C","Lightly Played","0.12","","1.5400","0.0500","","0","",""
"9196506","One Piece Card Game","Adventure on Kami's Island","Ryuma","","OP15-036","C","Moderately Played","","","","","","0","",""
"9196507","One Piece Card Game","Adventure on Kami's Island","Ryuma","","OP15-036","C","Heavily Played","","","","","","0","",""
"9196508","One Piece Card Game","Adventure on Kami's Island","Ryuma","","OP15-036","C","Damaged","","","","","","0","",""
"9196559","One Piece Card Game","Adventure on Kami's Island","Sabo","","OP15-046","SR","Near Mint Foil","0.58","","1.8400","0.3500","","0","",""
"9196560","One Piece Card Game","Adventure on Kami's Island","Sabo","","OP15-046","SR","Lightly Played Foil","0.93","","2.0400","0.5400","","0","",""
"9196561","One Piece Card Game","Adventure on Kami's Island","Sabo","","OP15-046","SR","Moderately Played Foil","2.31","","3.9200","2.4300","","0","",""
"9196562","One Piece Card Game","Adventure on Kami's Island","Sabo","","OP15-046","SR","Heavily Played Foil","","","12.0000","12.0000","","0","",""
"9196563","One Piece Card Game","Adventure on Kami's Island","Sabo","","OP15-046","SR","Damaged Foil","0.79","","","","","0","",""
"9196564","One Piece Card Game","Adventure on Kami's Island","Sabo (Alternate Art)","","OP15-046","SR","Near Mint Foil","8.62","","8.9300","7.9400","","0","",""
"9196565","One Piece Card Game","Adventure on Kami's Island","Sabo (Alternate Art)","","OP15-046","SR","Lightly Played Foil","14.81","","11.0000","11.0000","","0","",""
"9196566","One Piece Card Game","Adventure on Kami's Island","Sabo (Alternate Art)","","OP15-046","SR","Moderately Played Foil","","","","","","0","",""
"9196567","One Piece Card Game","Adventure on Kami's Island","Sabo (Alternate Art)","","OP15-046","SR","Heavily Played Foil","","","","","","0","",""
"9196568","One Piece Card Game","Adventure on Kami's Island","Sabo (Alternate Art)","","OP15-046","SR","Damaged Foil","","","","","","0","",""
"9194101","One Piece Card Game","Adventure on Kami's Island","Sabo (P-105) (SP)","","P-105","PR","Near Mint Foil","92.58","","77.0000","76.0000","","0","",""
"9194102","One Piece Card Game","Adventure on Kami's Island","Sabo (P-105) (SP)","","P-105","PR","Lightly Played Foil","104.99","","88.0000","88.0000","","0","",""
"9194103","One Piece Card Game","Adventure on Kami's Island","Sabo (P-105) (SP)","","P-105","PR","Moderately Played Foil","","","","","","0","",""
"9194104","One Piece Card Game","Adventure on Kami's Island","Sabo (P-105) (SP)","","P-105","PR","Heavily Played Foil","","","","","","0","",""
"9194105","One Piece Card Game","Adventure on Kami's Island","Sabo (P-105) (SP)","","P-105","PR","Damaged Foil","","","","","","0","",""
"9194106","One Piece Card Game","Adventure on Kami's Island","Sabo (PRB02-014) (SP)","","PRB02-014","SR","Near Mint Foil","213.06","","183.9500","183.9500","","0","",""
"9194107","One Piece Card Game","Adventure on Kami's Island","Sabo (PRB02-014) (SP)","","PRB02-014","SR","Lightly Played Foil","169.75","","211.9800","209.9900","","0","",""
"9194108","One Piece Card Game","Adventure on Kami's Island","Sabo (PRB02-014) (SP)","","PRB02-014","SR","Moderately Played Foil","","","","","","0","",""
"9194109","One Piece Card Game","Adventure on Kami's Island","Sabo (PRB02-014) (SP)","","PRB02-014","SR","Heavily Played Foil","","","","","","0","",""
"9194110","One Piece Card Game","Adventure on Kami's Island","Sabo (PRB02-014) (SP)","","PRB02-014","SR","Damaged Foil","","","","","","0","",""
"9196554","One Piece Card Game","Adventure on Kami's Island","Sai","","OP15-045","UC","Near Mint","0.04","","1.5000","0.0100","","0","",""
"9196555","One Piece Card Game","Adventure on Kami's Island","Sai","","OP15-045","UC","Lightly Played","0.15","","1.5300","0.0400","","0","",""
"9196556","One Piece Card Game","Adventure on Kami's Island","Sai","","OP15-045","UC","Moderately Played","","","","","","0","",""
"9196557","One Piece Card Game","Adventure on Kami's Island","Sai","","OP15-045","UC","Heavily Played","","","","","","0","",""
"9196558","One Piece Card Game","Adventure on Kami's Island","Sai","","OP15-045","UC","Damaged","","","","","","0","",""
"9196219","One Piece Card Game","Adventure on Kami's Island","Sanji (EB04-052)","","EB04-052","R","Near Mint Foil","0.18","","1.5000","0.0100","","0","",""
"9196220","One Piece Card Game","Adventure on Kami's Island","Sanji (EB04-052)","","EB04-052","R","Lightly Played Foil","0.15","","1.6200","0.1300","","0","",""
"9196221","One Piece Card Game","Adventure on Kami's Island","Sanji (EB04-052)","","EB04-052","R","Moderately Played Foil","","","","","","0","",""
"9196222","One Piece Card Game","Adventure on Kami's Island","Sanji (EB04-052)","","EB04-052","R","Heavily Played Foil","","","","","","0","",""
"9196223","One Piece Card Game","Adventure on Kami's Island","Sanji (EB04-052)","","EB04-052","R","Damaged Foil","","","","","","0","",""
"9196224","One Piece Card Game","Adventure on Kami's Island","Sanji (EB04-052) (Alternate Art)","","EB04-052","R","Near Mint Foil","7.44","","7.5000","7.5000","","0","",""
"9196225","One Piece Card Game","Adventure on Kami's Island","Sanji (EB04-052) (Alternate Art)","","EB04-052","R","Lightly Played Foil","10.15","","7.9700","7.9700","","0","",""
"9196226","One Piece Card Game","Adventure on Kami's Island","Sanji (EB04-052) (Alternate Art)","","EB04-052","R","Moderately Played Foil","","","","","","0","",""
"9196227","One Piece Card Game","Adventure on Kami's Island","Sanji (EB04-052) (Alternate Art)","","EB04-052","R","Heavily Played Foil","","","","","","0","",""
"9196228","One Piece Card Game","Adventure on Kami's Island","Sanji (EB04-052) (Alternate Art)","","EB04-052","R","Damaged Foil","","","","","","0","",""
"9196569","One Piece Card Game","Adventure on Kami's Island","Sanji (OP15-047)","","OP15-047","R","Near Mint Foil","0.41","","1.6800","0.1800","","0","",""
"9196570","One Piece Card Game","Adventure on Kami's Island","Sanji (OP15-047)","","OP15-047","R","Lightly Played Foil","0.67","","1.9800","0.4900","","0","",""
"9196571","One Piece Card Game","Adventure on Kami's Island","Sanji (OP15-047)","","OP15-047","R","Moderately Played Foil","1.25","","3.2400","1.2500","","0","",""
"9196572","One Piece Card Game","Adventure on Kami's Island","Sanji (OP15-047)","","OP15-047","R","Heavily Played Foil","","","","","","0","",""
"9196573","One Piece Card Game","Adventure on Kami's Island","Sanji (OP15-047)","","OP15-047","R","Damaged Foil","0.38","","","","","0","",""
"9196574","One Piece Card Game","Adventure on Kami's Island","Sanji (OP15-047) (Alternate Art)","","OP15-047","R","Near Mint Foil","6.72","","6.3000","6.3000","","0","",""
"9196575","One Piece Card Game","Adventure on Kami's Island","Sanji (OP15-047) (Alternate Art)","","OP15-047","R","Lightly Played Foil","13.81","","5.5000","5.5000","","0","",""
"9196576","One Piece Card Game","Adventure on Kami's Island","Sanji (OP15-047) (Alternate Art)","","OP15-047","R","Moderately Played Foil","9.52","","","","","0","",""
"9196577","One Piece Card Game","Adventure on Kami's Island","Sanji (OP15-047) (Alternate Art)","","OP15-047","R","Heavily Played Foil","","","","","","0","",""
"9196578","One Piece Card Game","Adventure on Kami's Island","Sanji (OP15-047) (Alternate Art)","","OP15-047","R","Damaged Foil","","","","","","0","",""
"9196774","One Piece Card Game","Adventure on Kami's Island","Sanji (OP15-081)","","OP15-081","UC","Near Mint","0.20","","1.5900","0.1000","","0","",""
"9196775","One Piece Card Game","Adventure on Kami's Island","Sanji (OP15-081)","","OP15-081","UC","Lightly Played","0.24","","1.6400","0.1500","","0","",""
"9196776","One Piece Card Game","Adventure on Kami's Island","Sanji (OP15-081)","","OP15-081","UC","Moderately Played","","","1.5900","0.1000","","0","",""
"9196777","One Piece Card Game","Adventure on Kami's Island","Sanji (OP15-081)","","OP15-081","UC","Heavily Played","","","","","","0","",""
"9196778","One Piece Card Game","Adventure on Kami's Island","Sanji (OP15-081)","","OP15-081","UC","Damaged","","","99.0000","99.0000","","0","",""
"9196689","One Piece Card Game","Adventure on Kami's Island","Satori","","OP15-066","R","Near Mint Foil","0.19","","1.6200","0.1300","","0","",""
"9196690","One Piece Card Game","Adventure on Kami's Island","Satori","","OP15-066","R","Lightly Played Foil","0.44","","1.7300","0.2400","","0","",""
"9196691","One Piece Card Game","Adventure on Kami's Island","Satori","","OP15-066","R","Moderately Played Foil","0.35","","1.8400","0.3500","","0","",""
"9196692","One Piece Card Game","Adventure on Kami's Island","Satori","","OP15-066","R","Heavily Played Foil","","","","","","0","",""
"9196693","One Piece Card Game","Adventure on Kami's Island","Satori","","OP15-066","R","Damaged Foil","","","","","","0","",""
"9196319","One Piece Card Game","Adventure on Kami's Island","Sea Cat","","OP15-004","C","Near Mint","0.05","","1.5000","0.0100","","0","",""
"9196320","One Piece Card Game","Adventure on Kami's Island","Sea Cat","","OP15-004","C","Lightly Played","","","1.5400","0.0500","","0","",""
"9196321","One Piece Card Game","Adventure on Kami's Island","Sea Cat","","OP15-004","C","Moderately Played","","","","","","0","",""
"9196322","One Piece Card Game","Adventure on Kami's Island","Sea Cat","","OP15-004","C","Heavily Played","","","","","","0","",""
"9196323","One Piece Card Game","Adventure on Kami's Island","Sea Cat","","OP15-004","C","Damaged","","","","","","0","",""
"9239889","One Piece Card Game","Adventure on Kami's Island","Sentomaru","","EB04-053","C","Near Mint","0.08","","1.5000","0.0100","","0","",""
"9239890","One Piece Card Game","Adventure on Kami's Island","Sentomaru","","EB04-053","C","Lightly Played","0.11","","1.5700","0.0800","","0","",""
"9239891","One Piece Card Game","Adventure on Kami's Island","Sentomaru","","EB04-053","C","Moderately Played","","","","","","0","",""
"9239892","One Piece Card Game","Adventure on Kami's Island","Sentomaru","","EB04-053","C","Heavily Played","","","","","","0","",""
"9239893","One Piece Card Game","Adventure on Kami's Island","Sentomaru","","EB04-053","C","Damaged","","","","","","0","",""
"9196694","One Piece Card Game","Adventure on Kami's Island","Shura","","OP15-067","R","Near Mint Foil","0.32","","1.7300","0.2400","","0","",""
"9196695","One Piece Card Game","Adventure on Kami's Island","Shura","","OP15-067","R","Lightly Played Foil","0.36","","1.8000","0.3100","","0","",""
"9196696","One Piece Card Game","Adventure on Kami's Island","Shura","","OP15-067","R","Moderately Played Foil","0.25","","","","","0","",""
"9196697","One Piece Card Game","Adventure on Kami's Island","Shura","","OP15-067","R","Heavily Played Foil","","","","","","0","",""
"9196698","One Piece Card Game","Adventure on Kami's Island","Shura","","OP15-067","R","Damaged Foil","","","","","","0","",""
"9196104","One Piece Card Game","Adventure on Kami's Island","Smoker & Tashigi","","EB04-003","R","Near Mint Foil","0.17","","1.5400","0.0500","","0","",""
"9196105","One Piece Card Game","Adventure on Kami's Island","Smoker & Tashigi","","EB04-003","R","Lightly Played Foil","0.18","","1.6700","0.1800","","0","",""
"9196106","One Piece Card Game","Adventure on Kami's Island","Smoker & Tashigi","","EB04-003","R","Moderately Played Foil","0.13","","2.0900","0.6000","","0","",""
"9196107","One Piece Card Game","Adventure on Kami's Island","Smoker & Tashigi","","EB04-003","R","Heavily Played Foil","","","1.6000","0.1000","","0","",""
"9196108","One Piece Card Game","Adventure on Kami's Island","Smoker & Tashigi","","EB04-003","R","Damaged Foil","","","","","","0","",""
"9197019","One Piece Card Game","Adventure on Kami's Island","Smoker & Tashigi (SP)","","EB04-003","R","Near Mint Foil","120.12","","114.7500","113.5000","","0","",""
"9197020","One Piece Card Game","Adventure on Kami's Island","Smoker & Tashigi (SP)","","EB04-003","R","Lightly Played Foil","112.30","","134.4900","133.0000","","0","",""
"9197021","One Piece Card Game","Adventure on Kami's Island","Smoker & Tashigi (SP)","","EB04-003","R","Moderately Played Foil","","","","","","0","",""
"9197022","One Piece Card Game","Adventure on Kami's Island","Smoker & Tashigi (SP)","","EB04-003","R","Heavily Played Foil","80.00","","","","","0","",""
"9197023","One Piece Card Game","Adventure on Kami's Island","Smoker & Tashigi (SP)","","EB04-003","R","Damaged Foil","","","","","","0","",""
"9244712","One Piece Card Game","Adventure on Kami's Island","Special DON!! Card Pack DP-10","","","None","Unopened","5.31","","5.0000","5.0000","","0","",""
"9196784","One Piece Card Game","Adventure on Kami's Island","Spoil","","OP15-083","C","Near Mint","0.10","","1.5000","0.0100","","0","",""
"9196785","One Piece Card Game","Adventure on Kami's Island","Spoil","","OP15-083","C","Lightly Played","0.10","","1.5300","0.0400","","0","",""
"9196786","One Piece Card Game","Adventure on Kami's Island","Spoil","","OP15-083","C","Moderately Played","","","","","","0","",""
"9196787","One Piece Card Game","Adventure on Kami's Island","Spoil","","OP15-083","C","Heavily Played","","","","","","0","",""
"9196788","One Piece Card Game","Adventure on Kami's Island","Spoil","","OP15-083","C","Damaged","","","","","","0","",""
"9196859","One Piece Card Game","Adventure on Kami's Island","Swallow Bond en Avant","","OP15-096","R","Near Mint Foil","0.16","","1.5200","0.0300","","0","",""
"9196860","One Piece Card Game","Adventure on Kami's Island","Swallow Bond en Avant","","OP15-096","R","Lightly Played Foil","0.20","","1.5400","0.0500","","0","",""
"9196861","One Piece Card Game","Adventure on Kami's Island","Swallow Bond en Avant","","OP15-096","R","Moderately Played Foil","","","4.4800","2.9900","","0","",""
"9196862","One Piece Card Game","Adventure on Kami's Island","Swallow Bond en Avant","","OP15-096","R","Heavily Played Foil","","","","","","0","",""
"9196863","One Piece Card Game","Adventure on Kami's Island","Swallow Bond en Avant","","OP15-096","R","Damaged Foil","","","","","","0","",""
"9196509","One Piece Card Game","Adventure on Kami's Island","The Outcome Will Tell Us Who's Strong and Who's Weak","","OP15-037","UC","Near Mint","0.17","","1.5400","0.0500","","0","",""
"9196510","One Piece Card Game","Adventure on Kami's Island","The Outcome Will Tell Us Who's Strong and Who's Weak","","OP15-037","UC","Lightly Played","0.08","","1.5700","0.0800","","0","",""
"9196511","One Piece Card Game","Adventure on Kami's Island","The Outcome Will Tell Us Who's Strong and Who's Weak","","OP15-037","UC","Moderately Played","","","3.4800","1.9900","","0","",""
"9196512","One Piece Card Game","Adventure on Kami's Island","The Outcome Will Tell Us Who's Strong and Who's Weak","","OP15-037","UC","Heavily Played","","","","","","0","",""
"9196513","One Piece Card Game","Adventure on Kami's Island","The Outcome Will Tell Us Who's Strong and Who's Weak","","OP15-037","UC","Damaged","","","","","","0","",""
"9196844","One Piece Card Game","Adventure on Kami's Island","The Risky Brothers","","OP15-093","C","Near Mint","0.04","","1.5000","0.0100","","0","",""
"9196845","One Piece Card Game","Adventure on Kami's Island","The Risky Brothers","","OP15-093","C","Lightly Played","","","1.5000","0.0100","","0","",""
"9196846","One Piece Card Game","Adventure on Kami's Island","The Risky Brothers","","OP15-093","C","Moderately Played","","","","","","0","",""
"9196847","One Piece Card Game","Adventure on Kami's Island","The Risky Brothers","","OP15-093","C","Heavily Played","","","","","","0","",""
"9196848","One Piece Card Game","Adventure on Kami's Island","The Risky Brothers","","OP15-093","C","Damaged","","","","","","0","",""
"9196794","One Piece Card Game","Adventure on Kami's Island","Tony Tony.Chopper (OP15-085)","","OP15-085","R","Near Mint Foil","0.49","","1.6900","0.1900","","0","",""
"9196795","One Piece Card Game","Adventure on Kami's Island","Tony Tony.Chopper (OP15-085)","","OP15-085","R","Lightly Played Foil","0.59","","1.9800","0.4900","","0","",""
"9196796","One Piece Card Game","Adventure on Kami's Island","Tony Tony.Chopper (OP15-085)","","OP15-085","R","Moderately Played Foil","0.38","","","","","0","",""
"9196797","One Piece Card Game","Adventure on Kami's Island","Tony Tony.Chopper (OP15-085)","","OP15-085","R","Heavily Played Foil","","","","","","0","",""
"9196798","One Piece Card Game","Adventure on Kami's Island","Tony Tony.Chopper (OP15-085)","","OP15-085","R","Damaged Foil","","","99.0000","99.0000","","0","",""
"9196919","One Piece Card Game","Adventure on Kami's Island","Tony Tony.Chopper (OP15-107)","","OP15-107","UC","Near Mint","0.18","","1.5000","0.0100","","0","",""
"9196920","One Piece Card Game","Adventure on Kami's Island","Tony Tony.Chopper (OP15-107)","","OP15-107","UC","Lightly Played","0.13","","1.5000","0.0100","","0","",""
"9196921","One Piece Card Game","Adventure on Kami's Island","Tony Tony.Chopper (OP15-107)","","OP15-107","UC","Moderately Played","","","4.4800","2.9900","","0","",""
"9196922","One Piece Card Game","Adventure on Kami's Island","Tony Tony.Chopper (OP15-107)","","OP15-107","UC","Heavily Played","","","","","","0","",""
"9196923","One Piece Card Game","Adventure on Kami's Island","Tony Tony.Chopper (OP15-107)","","OP15-107","UC","Damaged","","","","","","0","",""
"9196114","One Piece Card Game","Adventure on Kami's Island","Trafalgar Law","","EB04-005","C","Near Mint","0.07","","1.5000","0.0100","","0","",""
"9196115","One Piece Card Game","Adventure on Kami's Island","Trafalgar Law","","EB04-005","C","Lightly Played","0.11","","1.5000","0.0100","","0","",""
"9196116","One Piece Card Game","Adventure on Kami's Island","Trafalgar Law","","EB04-005","C","Moderately Played","","","","","","0","",""
"9196117","One Piece Card Game","Adventure on Kami's Island","Trafalgar Law","","EB04-005","C","Heavily Played","","","","","","0","",""
"9196118","One Piece Card Game","Adventure on Kami's Island","Trafalgar Law","","EB04-005","C","Damaged","","","","","","0","",""
"9194010","One Piece Card Game","Adventure on Kami's Island","Trafalgar Law (SP)","","OP13-031","R","Near Mint Foil","295.87","","270.9900","270.0000","","0","",""
"9194011","One Piece Card Game","Adventure on Kami's Island","Trafalgar Law (SP)","","OP13-031","R","Lightly Played Foil","221.50","","300.0000","298.0100","","0","",""
"9194012","One Piece Card Game","Adventure on Kami's Island","Trafalgar Law (SP)","","OP13-031","R","Moderately Played Foil","","","","","","0","",""
"9194013","One Piece Card Game","Adventure on Kami's Island","Trafalgar Law (SP)","","OP13-031","R","Heavily Played Foil","","","","","","0","",""
"9194014","One Piece Card Game","Adventure on Kami's Island","Trafalgar Law (SP)","","OP13-031","R","Damaged Foil","","","","","","0","",""
"9196879","One Piece Card Game","Adventure on Kami's Island","Urouge","","OP15-099","UC","Near Mint","0.08","","1.5000","0.0100","","0","",""
"9196880","One Piece Card Game","Adventure on Kami's Island","Urouge","","OP15-099","UC","Lightly Played","0.09","","1.5400","0.0500","","0","",""
"9196881","One Piece Card Game","Adventure on Kami's Island","Urouge","","OP15-099","UC","Moderately Played","","","","","","0","",""
"9196882","One Piece Card Game","Adventure on Kami's Island","Urouge","","OP15-099","UC","Heavily Played","","","","","","0","",""
"9196883","One Piece Card Game","Adventure on Kami's Island","Urouge","","OP15-099","UC","Damaged","","","","","","0","",""
"9196434","One Piece Card Game","Adventure on Kami's Island","Usopp","","OP15-024","R","Near Mint Foil","0.14","","1.5000","0.0100","","0","",""
"9196435","One Piece Card Game","Adventure on Kami's Island","Usopp","","OP15-024","R","Lightly Played Foil","0.27","","1.6100","0.1200","","0","",""
"9196436","One Piece Card Game","Adventure on Kami's Island","Usopp","","OP15-024","R","Moderately Played Foil","0.17","","","","","0","",""
"9196437","One Piece Card Game","Adventure on Kami's Island","Usopp","","OP15-024","R","Heavily Played Foil","","","","","","0","",""
"9196438","One Piece Card Game","Adventure on Kami's Island","Usopp","","OP15-024","R","Damaged Foil","","","","","","0","",""
"9196729","One Piece Card Game","Adventure on Kami's Island","Varie","","OP15-074","UC","Near Mint","0.15","","1.5500","0.0600","","0","",""
"9196730","One Piece Card Game","Adventure on Kami's Island","Varie","","OP15-074","UC","Lightly Played","0.18","","1.6500","0.1600","","0","",""
"9196731","One Piece Card Game","Adventure on Kami's Island","Varie","","OP15-074","UC","Moderately Played","","","","","","0","",""
"9196732","One Piece Card Game","Adventure on Kami's Island","Varie","","OP15-074","UC","Heavily Played","","","","","","0","",""
"9196733","One Piece Card Game","Adventure on Kami's Island","Varie","","OP15-074","UC","Damaged","","","","","","0","",""
"9196249","One Piece Card Game","Adventure on Kami's Island","Vegapunk","","EB04-057","C","Near Mint","0.05","","1.5000","0.0100","","0","",""
"9196250","One Piece Card Game","Adventure on Kami's Island","Vegapunk","","EB04-057","C","Lightly Played","0.12","","1.5400","0.0500","","0","",""
"9196251","One Piece Card Game","Adventure on Kami's Island","Vegapunk","","EB04-057","C","Moderately Played","","","","","","0","",""
"9196252","One Piece Card Game","Adventure on Kami's Island","Vegapunk","","EB04-057","C","Heavily Played","","","9.5200","8.0000","","0","",""
"9196253","One Piece Card Game","Adventure on Kami's Island","Vegapunk","","EB04-057","C","Damaged","","","","","","0","",""
"9196529","One Piece Card Game","Adventure on Kami's Island","Viola","","OP15-040","R","Near Mint Foil","0.44","","1.7400","0.2400","","0","",""
"9196530","One Piece Card Game","Adventure on Kami's Island","Viola","","OP15-040","R","Lightly Played Foil","0.78","","1.9400","0.4500","","0","",""
"9196531","One Piece Card Game","Adventure on Kami's Island","Viola","","OP15-040","R","Moderately Played Foil","1.00","","2.3900","0.9000","","0","",""
"9196532","One Piece Card Game","Adventure on Kami's Island","Viola","","OP15-040","R","Heavily Played Foil","","","","","","0","",""
"9196533","One Piece Card Game","Adventure on Kami's Island","Viola","","OP15-040","R","Damaged Foil","0.50","","","","","0","",""
"9196624","One Piece Card Game","Adventure on Kami's Island","Would You Let Me Eat the Flame-Flame Fruit?","","OP15-056","C","Near Mint","0.12","","1.5200","0.0300","","0","",""
"9196625","One Piece Card Game","Adventure on Kami's Island","Would You Let Me Eat the Flame-Flame Fruit?","","OP15-056","C","Lightly Played","0.11","","1.5600","0.0700","","0","",""
"9196626","One Piece Card Game","Adventure on Kami's Island","Would You Let Me Eat the Flame-Flame Fruit?","","OP15-056","C","Moderately Played","","","","","","0","",""
"9196627","One Piece Card Game","Adventure on Kami's Island","Would You Let Me Eat the Flame-Flame Fruit?","","OP15-056","C","Heavily Played","","","","","","0","",""
"9196628","One Piece Card Game","Adventure on Kami's Island","Would You Let Me Eat the Flame-Flame Fruit?","","OP15-056","C","Damaged","","","","","","0","",""
"9196964","One Piece Card Game","Adventure on Kami's Island","Wyper","","OP15-114","SR","Near Mint Foil","0.94","","2.1400","0.6500","","0","",""
"9196965","One Piece Card Game","Adventure on Kami's Island","Wyper","","OP15-114","SR","Lightly Played Foil","1.45","","2.4800","0.9900","","0","",""
"9196966","One Piece Card Game","Adventure on Kami's Island","Wyper","","OP15-114","SR","Moderately Played Foil","0.99","","","","","0","",""
"9196967","One Piece Card Game","Adventure on Kami's Island","Wyper","","OP15-114","SR","Heavily Played Foil","","","","","","0","",""
"9196968","One Piece Card Game","Adventure on Kami's Island","Wyper","","OP15-114","SR","Damaged Foil","3.00","","","","","0","",""
"9196969","One Piece Card Game","Adventure on Kami's Island","Wyper (Alternate Art)","","OP15-114","SR","Near Mint Foil","8.80","","5.9700","5.9700","","0","",""
"9196970","One Piece Card Game","Adventure on Kami's Island","Wyper (Alternate Art)","","OP15-114","SR","Lightly Played Foil","12.36","","5.0000","5.0000","","0","",""
"9196971","One Piece Card Game","Adventure on Kami's Island","Wyper (Alternate Art)","","OP15-114","SR","Moderately Played Foil","20.00","","","","","0","",""
"9196972","One Piece Card Game","Adventure on Kami's Island","Wyper (Alternate Art)","","OP15-114","SR","Heavily Played Foil","","","","","","0","",""
"9196973","One Piece Card Game","Adventure on Kami's Island","Wyper (Alternate Art)","","OP15-114","SR","Damaged Foil","8.99","","","","","0","",""
"9196724","One Piece Card Game","Adventure on Kami's Island","Yama","","OP15-073","C","Near Mint","0.04","","1.5000","0.0100","","0","",""
"9196725","One Piece Card Game","Adventure on Kami's Island","Yama","","OP15-073","C","Lightly Played","0.15","","1.5200","0.0300","","0","",""
"9196726","One Piece Card Game","Adventure on Kami's Island","Yama","","OP15-073","C","Moderately Played","","","","","","0","",""
"9196727","One Piece Card Game","Adventure on Kami's Island","Yama","","OP15-073","C","Heavily Played","","","","","","0","",""
"9196728","One Piece Card Game","Adventure on Kami's Island","Yama","","OP15-073","C","Damaged","","","","","","0","",""
"9196494","One Piece Card Game","Adventure on Kami's Island","Yorki","","OP15-034","C","Near Mint","0.09","","1.5000","0.0100","","0","",""
"9196495","One Piece Card Game","Adventure on Kami's Island","Yorki","","OP15-034","C","Lightly Played","0.15","","1.5200","0.0300","","0","",""
"9196496","One Piece Card Game","Adventure on Kami's Island","Yorki","","OP15-034","C","Moderately Played","","","","","","0","",""
"9196497","One Piece Card Game","Adventure on Kami's Island","Yorki","","OP15-034","C","Heavily Played","","","","","","0","",""
"9196498","One Piece Card Game","Adventure on Kami's Island","Yorki","","OP15-034","C","Damaged","","","","","","0","",""
"9196109","One Piece Card Game","Adventure on Kami's Island","Zeff","","EB04-004","C","Near Mint","0.07","","1.5000","0.0100","","0","",""
"9196110","One Piece Card Game","Adventure on Kami's Island","Zeff","","EB04-004","C","Lightly Played","0.09","","1.5500","0.0600","","0","",""
"9196111","One Piece Card Game","Adventure on Kami's Island","Zeff","","EB04-004","C","Moderately Played","","","","","","0","",""
"9196112","One Piece Card Game","Adventure on Kami's Island","Zeff","","EB04-004","C","Heavily Played","","","","","","0","",""
"9196113","One Piece Card Game","Adventure on Kami's Island","Zeff","","EB04-004","C","Damaged","","","","","","0","",""
"9193974","One Piece Card Game","Adventure on Kami's Island","Zeus (SP)","","OP11-106","R","Near Mint Foil","441.38","","390.8900","389.6700","","0","",""
"9193975","One Piece Card Game","Adventure on Kami's Island","Zeus (SP)","","OP11-106","R","Lightly Played Foil","361.63","","385.9900","385.0000","","0","",""
"9193976","One Piece Card Game","Adventure on Kami's Island","Zeus (SP)","","OP11-106","R","Moderately Played Foil","362.00","","350.3200","350.3200","","0","",""
"9193977","One Piece Card Game","Adventure on Kami's Island","Zeus (SP)","","OP11-106","R","Heavily Played Foil","","","","","","0","",""
"9193978","One Piece Card Game","Adventure on Kami's Island","Zeus (SP)","","OP11-106","R","Damaged Foil","","","","","","0","",""
"9103369","One Piece Card Game","Extra Booster: One Piece Heroines Edition","Ain","","EB03-002","C","Near Mint","0.10","","1.5000","0.0100","","0","",""
"9103370","One Piece Card Game","Extra Booster: One Piece Heroines Edition","Ain","","EB03-002","C","Lightly Played","0.05","","1.5000","0.0100","","0","",""
"9103371","One Piece Card Game","Extra Booster: One Piece Heroines Edition","Ain","","EB03-002","C","Moderately Played","","","4.4900","3.0000","","0","",""
"9103372","One Piece Card Game","Extra Booster: One Piece Heroines Edition","Ain","","EB03-002","C","Heavily Played","","","","","","0","",""
"9103373","One Piece Card Game","Extra Booster: One Piece Heroines Edition","Ain","","EB03-002","C","Damaged","","","99.0000","99.0000","","0","",""
"9103484","One Piece Card Game","Extra Booster: One Piece Heroines Edition","Alvida","","EB03-021","C","Near Mint","0.10","","1.5000","0.0100","","0","",""
"9103485","One Piece Card Game","Extra Booster: One Piece Heroines Edition","Alvida","","EB03-021","C","Lightly Played","0.09","","1.5200","0.0300","","0","",""
"9103486","One Piece Card Game","Extra Booster: One Piece Heroines Edition","Alvida","","EB03-021","C","Moderately Played","","","4.7500","2.0000","","0","",""
"9103487","One Piece Card Game","Extra Booster: One Piece Heroines Edition","Alvida","","EB03-021","C","Heavily Played","","","","","","0","",""
"9103488","One Piece Card Game","Extra Booster: One Piece Heroines Edition","Alvida","","EB03-021","C","Damaged","","","","","","0","",""
"9103584","One Piece Card Game","Extra Booster: One Piece Heroines Edition","Baby 5","","EB03-036","C","Near Mint","0.11","","1.5000","0.0100","","0","",""
"9103585","One Piece Card Game","Extra Booster: One Piece Heroines Edition","Baby 5","","EB03-036","C","Lightly Played","0.11","","1.5200","0.0300","","0","",""
"9103586","One Piece Card Game","Extra Booster: One Piece Heroines Edition","Baby 5","","EB03-036","C","Moderately Played","","","3.4900","2.0000","","0","",""
"9103587","One Piece Card Game","Extra Booster: One Piece Heroines Edition","Baby 5","","EB03-036","C","Heavily Played","","","","","","0","",""
"9103588","One Piece Card Game","Extra Booster: One Piece Heroines Edition","Baby 5","","EB03-036","C","Damaged","","","","","","0","",""
"9103399","One Piece Card Game","Extra Booster: One Piece Heroines Edition","Baccarat","","EB03-007","C","Near Mint","0.13","","1.5000","0.0100","","0","",""
"9103400","One Piece Card Game","Extra Booster: One Piece Heroines Edition","Baccarat","","EB03-007","C","Lightly Played","0.08","","1.5200","0.0300","","0","",""
"9103401","One Piece Card Game","Extra Booster: One Piece Heroines Edition","Baccarat","","EB03-007","C","Moderately Played","","","4.4900","3.0000","","0","",""
"9103402","One Piece Card Game","Extra Booster: One Piece Heroines Edition","Baccarat","","EB03-007","C","Heavily Played","","","","","","0","",""
"9103403","One Piece Card Game","Extra Booster: One Piece Heroines Edition","Baccarat","","EB03-007","C","Damaged","","","1.7300","0.2400","","0","",""
"9103709","One Piece Card Game","Extra Booster: One Piece Heroines Edition","Belo Betty","","EB03-056","C","Near Mint","0.09","","1.5000","0.0100","","0","",""
"9103710","One Piece Card Game","Extra Booster: One Piece Heroines Edition","Belo Betty","","EB03-056","C","Lightly Played","0.07","","1.5200","0.0300","","0","",""
"9103711","One Piece Card Game","Extra Booster: One Piece Heroines Edition","Belo Betty","","EB03-056","C","Moderately Played","","","4.4900","3.0000","","0","",""
"9103712","One Piece Card Game","Extra Booster: One Piece Heroines Edition","Belo Betty","","EB03-056","C","Heavily Played","","","","","","0","",""
"9103713","One Piece Card Game","Extra Booster: One Piece Heroines Edition","Belo Betty","","EB03-056","C","Damaged","","","99.0000","99.0000","","0","",""
"9103634","One Piece Card Game","Extra Booster: One Piece Heroines Edition","Black Maria","","EB03-044","C","Near Mint","0.07","","1.5000","0.0100","","0","",""
"9103635","One Piece Card Game","Extra Booster: One Piece Heroines Edition","Black Maria","","EB03-044","C","Lightly Played","0.13","","1.5200","0.0300","","0","",""
"9103636","One Piece Card Game","Extra Booster: One Piece Heroines Edition","Black Maria","","EB03-044","C","Moderately Played","","","1.8100","0.3200","","0","",""
"9103637","One Piece Card Game","Extra Booster: One Piece Heroines Edition","Black Maria","","EB03-044","C","Heavily Played","","","3.4900","2.0000","","0","",""
"9103638","One Piece Card Game","Extra Booster: One Piece Heroines Edition","Black Maria","","EB03-044","C","Damaged","","","1.7300","0.2400","","0","",""
"9103519","One Piece Card Game","Extra Booster: One Piece Heroines Edition","Boa Hancock","","EB03-026","SR","Near Mint Foil","0.97","","1.9700","0.4800","","0","",""
"9103520","One Piece Card Game","Extra Booster: One Piece Heroines Edition","Boa Hancock","","EB03-026","SR","Lightly Played Foil","0.83","","2.4900","1.0000","","0","",""
"9103521","One Piece Card Game","Extra Booster: One Piece Heroines Edition","Boa Hancock","","EB03-026","SR","Moderately Played Foil","0.70","","","","","0","",""
"9103522","One Piece Card Game","Extra Booster: One Piece Heroines Edition","Boa Hancock","","EB03-026","SR","Heavily Played Foil","","","","","","0","",""
"9103523","One Piece Card Game","Extra Booster: One Piece Heroines Edition","Boa Hancock","","EB03-026","SR","Damaged Foil","","","","","","0","",""
"9103524","One Piece Card Game","Extra Booster: One Piece Heroines Edition","Boa Hancock (Alternate Art)","","EB03-026","SR","Near Mint Foil","40.28","","39.9700","39.9700","","0","",""
"9103525","One Piece Card Game","Extra Booster: One Piece Heroines Edition","Boa Hancock (Alternate Art)","","EB03-026","SR","Lightly Played Foil","36.58","","37.6500","37.6500","","0","",""
"9103526","One Piece Card Game","Extra Booster: One Piece Heroines Edition","Boa Hancock (Alternate Art)","","EB03-026","SR","Moderately Played Foil","","","","","","0","",""
"9103527","One Piece Card Game","Extra Booster: One Piece Heroines Edition","Boa Hancock (Alternate Art)","","EB03-026","SR","Heavily Played Foil","","","","","","0","",""
"9103528","One Piece Card Game","Extra Booster: One Piece Heroines Edition","Boa Hancock (Alternate Art)","","EB03-026","SR","Damaged Foil","","","","","","0","",""
"9103779","One Piece Card Game","Extra Booster: One Piece Heroines Edition","Boa Hancock (SP)","","EB03-026","SR","Near Mint Foil","1407.41","","1350.9900","1350.0000","","0","",""
"9103780","One Piece Card Game","Extra Booster: One Piece Heroines Edition","Boa Hancock (SP)","","EB03-026","SR","Lightly Played Foil","1142.57","","1299.9900","1299.9900","","0","",""
"9103781","One Piece Card Game","Extra Booster: One Piece Heroines Edition","Boa Hancock (SP)","","EB03-026","SR","Moderately Played Foil","","","","","","0","",""
"9103782","One Piece Card Game","Extra Booster: One Piece Heroines Edition","Boa Hancock (SP)","","EB03-026","SR","Heavily Played Foil","","","","","","0","",""
"9103783","One Piece Card Game","Extra Booster: One Piece Heroines Edition","Boa Hancock (SP)","","EB03-026","SR","Damaged Foil","","","","","","0","",""
"9103424","One Piece Card Game","Extra Booster: One Piece Heroines Edition","But If We Ever See Each Other Again... Will You Call Me Your Shipmate?!!","","EB03-011","C","Near Mint","0.07","","1.5000","0.0100","","0","",""
"9103425","One Piece Card Game","Extra Booster: One Piece Heroines Edition","But If We Ever See Each Other Again... Will You Call Me Your Shipmate?!!","","EB03-011","C","Lightly Played","0.09","","1.5200","0.0300","","0","",""
"9103426","One Piece Card Game","Extra Booster: One Piece Heroines Edition","But If We Ever See Each Other Again... Will You Call Me Your Shipmate?!!","","EB03-011","C","Moderately Played","","","","","","0","",""
"9103427","One Piece Card Game","Extra Booster: One Piece Heroines Edition","But If We Ever See Each Other Again... Will You Call Me Your Shipmate?!!","","EB03-011","C","Heavily Played","","","","","","0","",""
"9103428","One Piece Card Game","Extra Booster: One Piece Heroines Edition","But If We Ever See Each Other Again... Will You Call Me Your Shipmate?!!","","EB03-011","C","Damaged","","","","","","0","",""
"9103449","One Piece Card Game","Extra Booster: One Piece Heroines Edition","Camie","","EB03-015","C","Near Mint","0.08","","1.5000","0.0100","","0","",""
"9103450","One Piece Card Game","Extra Booster: One Piece Heroines Edition","Camie","","EB03-015","C","Lightly Played","0.06","","1.5200","0.0300","","0","",""
"9103451","One Piece Card Game","Extra Booster: One Piece Heroines Edition","Camie","","EB03-015","C","Moderately Played","","","1.8100","0.3200","","0","",""
"9103452","One Piece Card Game","Extra Booster: One Piece Heroines Edition","Camie","","EB03-015","C","Heavily Played","","","3.4900","2.0000","","0","",""
"9103453","One Piece Card Game","Extra Booster: One Piece Heroines Edition","Camie","","EB03-015","C","Damaged","","","99.0000","99.0000","","0","",""
"9103384","One Piece Card Game","Extra Booster: One Piece Heroines Edition","Carina","","EB03-004","C","Near Mint","0.06","","1.5000","0.0100","","0","",""
"9103385","One Piece Card Game","Extra Booster: One Piece Heroines Edition","Carina","","EB03-004","C","Lightly Played","0.11","","1.5200","0.0300","","0","",""
"9103386","One Piece Card Game","Extra Booster: One Piece Heroines Edition","Carina","","EB03-004","C","Moderately Played","","","3.4900","2.0000","","0","",""
"9103387","One Piece Card Game","Extra Booster: One Piece Heroines Edition","Carina","","EB03-004","C","Heavily Played","","","","","","0","",""
"9103388","One Piece Card Game","Extra Booster: One Piece Heroines Edition","Carina","","EB03-004","C","Damaged","","","99.0000","99.0000","","0","",""
"9103434","One Piece Card Game","Extra Booster: One Piece Heroines Edition","Carrot","","EB03-013","R","Near Mint Foil","0.19","","1.5300","0.0400","","0","",""
"9103435","One Piece Card Game","Extra Booster: One Piece Heroines Edition","Carrot","","EB03-013","R","Lightly Played Foil","0.37","","1.5900","0.1000","","0","",""
"9103436","One Piece Card Game","Extra Booster: One Piece Heroines Edition","Carrot","","EB03-013","R","Moderately Played Foil","","","2.6800","0.1800","","0","",""
"9103437","One Piece Card Game","Extra Booster: One Piece Heroines Edition","Carrot","","EB03-013","R","Heavily Played Foil","","","","","","0","",""
"9103438","One Piece Card Game","Extra Booster: One Piece Heroines Edition","Carrot","","EB03-013","R","Damaged Foil","","","","","","0","",""
"9103439","One Piece Card Game","Extra Booster: One Piece Heroines Edition","Carrot (Alternate Art)","","EB03-013","R","Near Mint Foil","5.43","","5.4800","5.4800","","0","",""
"9103440","One Piece Card Game","Extra Booster: One Piece Heroines Edition","Carrot (Alternate Art)","","EB03-013","R","Lightly Played Foil","6.18","","6.1600","5.9100","","0","",""
"9103441","One Piece Card Game","Extra Booster: One Piece Heroines Edition","Carrot (Alternate Art)","","EB03-013","R","Moderately Played Foil","","","","","","0","",""
"9103442","One Piece Card Game","Extra Booster: One Piece Heroines Edition","Carrot (Alternate Art)","","EB03-013","R","Heavily Played Foil","","","","","","0","",""
"9103443","One Piece Card Game","Extra Booster: One Piece Heroines Edition","Carrot (Alternate Art)","","EB03-013","R","Damaged Foil","","","","","","0","",""
"9103564","One Piece Card Game","Extra Booster: One Piece Heroines Edition","Charlotte Brulee","","EB03-033","C","Near Mint","0.09","","1.5000","0.0100","","0","",""
"9103565","One Piece Card Game","Extra Booster: One Piece Heroines Edition","Charlotte Brulee","","EB03-033","C","Lightly Played","0.12","","1.5200","0.0300","","0","",""
"9103566","One Piece Card Game","Extra Booster: One Piece Heroines Edition","Charlotte Brulee","","EB03-033","C","Moderately Played","","","1.8100","0.3200","","0","",""
"9103567","One Piece Card Game","Extra Booster: One Piece Heroines Edition","Charlotte Brulee","","EB03-033","C","Heavily Played","","","3.4900","2.0000","","0","",""
"9103568","One Piece Card Game","Extra Booster: One Piece Heroines Edition","Charlotte Brulee","","EB03-033","C","Damaged","","","","","","0","",""
"9103559","One Piece Card Game","Extra Booster: One Piece Heroines Edition","Charlotte Flampe","","EB03-032","C","Near Mint","0.09","","1.5000","0.0100","","0","",""
"9103560","One Piece Card Game","Extra Booster: One Piece Heroines Edition","Charlotte Flampe","","EB03-032","C","Lightly Played","0.05","","1.5200","0.0300","","0","",""
"9103561","One Piece Card Game","Extra Booster: One Piece Heroines Edition","Charlotte Flampe","","EB03-032","C","Moderately Played","","","3.4900","2.0000","","0","",""
"9103562","One Piece Card Game","Extra Booster: One Piece Heroines Edition","Charlotte Flampe","","EB03-032","C","Heavily Played","","","","","","0","",""
"9103563","One Piece Card Game","Extra Booster: One Piece Heroines Edition","Charlotte Flampe","","EB03-032","C","Damaged","","","","","","0","",""
"9103569","One Piece Card Game","Extra Booster: One Piece Heroines Edition","Charlotte Linlin","","EB03-034","R","Near Mint Foil","0.24","","1.6200","0.1300","","0","",""
"9103570","One Piece Card Game","Extra Booster: One Piece Heroines Edition","Charlotte Linlin","","EB03-034","R","Lightly Played Foil","0.41","","1.6900","0.2000","","0","",""
"9103571","One Piece Card Game","Extra Booster: One Piece Heroines Edition","Charlotte Linlin","","EB03-034","R","Moderately Played Foil","","","","","","0","",""
"9103572","One Piece Card Game","Extra Booster: One Piece Heroines Edition","Charlotte Linlin","","EB03-034","R","Heavily Played Foil","","","","","","0","",""
"9103573","One Piece Card Game","Extra Booster: One Piece Heroines Edition","Charlotte Linlin","","EB03-034","R","Damaged Foil","0.10","","","","","0","",""
"9103574","One Piece Card Game","Extra Booster: One Piece Heroines Edition","Charlotte Linlin (Alternate Art)","","EB03-034","R","Near Mint Foil","12.78","","9.4200","8.4300","","0","",""
"9103575","One Piece Card Game","Extra Booster: One Piece Heroines Edition","Charlotte Linlin (Alternate Art)","","EB03-034","R","Lightly Played Foil","16.44","","9.4000","9.4000","","0","",""
"9103576","One Piece Card Game","Extra Booster: One Piece Heroines Edition","Charlotte Linlin (Alternate Art)","","EB03-034","R","Moderately Played Foil","12.29","","","","","0","",""
"9103577","One Piece Card Game","Extra Booster: One Piece Heroines Edition","Charlotte Linlin (Alternate Art)","","EB03-034","R","Heavily Played Foil","","","","","","0","",""
"9103578","One Piece Card Game","Extra Booster: One Piece Heroines Edition","Charlotte Linlin (Alternate Art)","","EB03-034","R","Damaged Foil","7.98","","","","","0","",""
"9103579","One Piece Card Game","Extra Booster: One Piece Heroines Edition","Charlotte Pudding","","EB03-035","R","Near Mint Foil","0.22","","1.6000","0.1100","","0","",""
"9103580","One Piece Card Game","Extra Booster: One Piece Heroines Edition","Charlotte Pudding","","EB03-035","R","Lightly Played Foil","0.30","","1.6400","0.1500","","0","",""
"9103581","One Piece Card Game","Extra Booster: One Piece Heroines Edition","Charlotte Pudding","","EB03-035","R","Moderately Played Foil","","","","","","0","",""
"9103582","One Piece Card Game","Extra Booster: One Piece Heroines Edition","Charlotte Pudding","","EB03-035","R","Heavily Played Foil","","","","","","0","",""
"9103583","One Piece Card Game","Extra Booster: One Piece Heroines Edition","Charlotte Pudding","","EB03-035","R","Damaged Foil","","","","","","0","",""
"9103674","One Piece Card Game","Extra Booster: One Piece Heroines Edition","Charlotte Smoothie","","EB03-051","C","Near Mint","0.08","","1.5000","0.0100","","0","",""
"9103675","One Piece Card Game","Extra Booster: One Piece Heroines Edition","Charlotte Smoothie","","EB03-051","C","Lightly Played","0.08","","1.5200","0.0300","","0","",""
"9103676","One Piece Card Game","Extra Booster: One Piece Heroines Edition","Charlotte Smoothie","","EB03-051","C","Moderately Played","","","3.4900","2.0000","","0","",""
"9103677","One Piece Card Game","Extra Booster: One Piece Heroines Edition","Charlotte Smoothie","","EB03-051","C","Heavily Played","","","","","","0","",""
"9103678","One Piece Card Game","Extra Booster: One Piece Heroines Edition","Charlotte Smoothie","","EB03-051","C","Damaged","","","99.0000","99.0000","","0","",""
"9103669","One Piece Card Game","Extra Booster: One Piece Heroines Edition","Conis","","EB03-050","C","Near Mint","0.08","","1.5000","0.0100","","0","",""
"9103670","One Piece Card Game","Extra Booster: One Piece Heroines Edition","Conis","","EB03-050","C","Lightly Played","0.08","","1.5200","0.0300","","0","",""
"9103671","One Piece Card Game","Extra Booster: One Piece Heroines Edition","Conis","","EB03-050","C","Moderately Played","","","1.8100","0.3200","","0","",""
"9103672","One Piece Card Game","Extra Booster: One Piece Heroines Edition","Conis","","EB03-050","C","Heavily Played","","","3.4900","2.0000","","0","",""
"9103673","One Piece Card Game","Extra Booster: One Piece Heroines Edition","Conis","","EB03-050","C","Damaged","","","99.0000","99.0000","","0","",""
"9135165","One Piece Card Game","Extra Booster: One Piece Heroines Edition","DON!! Card (Boa Hancock)","","","DON!!","Near Mint","2.12","","3.3400","1.8500","","0","",""
"9135166","One Piece Card Game","Extra Booster: One Piece Heroines Edition","DON!! Card (Boa Hancock)","","","DON!!","Lightly Played","2.35","","3.5500","2.0600","","0","",""
"9135167","One Piece Card Game","Extra Booster: One Piece Heroines Edition","DON!! Card (Boa Hancock)","","","DON!!","Moderately Played","","","","","","0","",""
"9135168","One Piece Card Game","Extra Booster: One Piece Heroines Edition","DON!! Card (Boa Hancock)","","","DON!!","Heavily Played","","","","","","0","",""
"9135169","One Piece Card Game","Extra Booster: One Piece Heroines Edition","DON!! Card (Boa Hancock)","","","DON!!","Damaged","1.58","","3.9900","2.5000","","0","",""
"9135170","One Piece Card Game","Extra Booster: One Piece Heroines Edition","DON!! Card (Boa Hancock)","","","DON!!","Near Mint Foil","2.51","","3.9800","2.4900","","0","",""
"9135171","One Piece Card Game","Extra Booster: One Piece Heroines Edition","DON!! Card (Boa Hancock)","","","DON!!","Lightly Played Foil","2.78","","3.4800","1.9900","","0","",""
"9135172","One Piece Card Game","Extra Booster: One Piece Heroines Edition","DON!! Card (Boa Hancock)","","","DON!!","Moderately Played Foil","3.00","","","","","0","",""
"9135173","One Piece Card Game","Extra Booster: One Piece Heroines Edition","DON!! Card (Boa Hancock)","","","DON!!","Heavily Played Foil","","","","","","0","",""
"9135174","One Piece Card Game","Extra Booster: One Piece Heroines Edition","DON!! Card (Boa Hancock)","","","DON!!","Damaged Foil","2.49","","","","","0","",""
"9135175","One Piece Card Game","Extra Booster: One Piece Heroines Edition","DON!! Card (Boa Hancock) (Gold)","","","DON!!","Near Mint Foil","106.29","","93.9700","93.9700","","0","",""
"9135176","One Piece Card Game","Extra Booster: One Piece Heroines Edition","DON!! Card (Boa Hancock) (Gold)","","","DON!!","Lightly Played Foil","65.21","","100.9000","100.9000","","0","",""
"9135177","One Piece Card Game","Extra Booster: One Piece Heroines Edition","DON!! Card (Boa Hancock) (Gold)","","","DON!!","Moderately Played Foil","","","","","","0","",""
"9135178","One Piece Card Game","Extra Booster: One Piece Heroines Edition","DON!! Card (Boa Hancock) (Gold)","","","DON!!","Heavily Played Foil","","","","","","0","",""
"9135179","One Piece Card Game","Extra Booster: One Piece Heroines Edition","DON!! Card (Boa Hancock) (Gold)","","","DON!!","Damaged Foil","","","","","","0","",""
"9135094","One Piece Card Game","Extra Booster: One Piece Heroines Edition","DON!! Card (Nami)","","","DON!!","Near Mint","2.81","","4.1400","2.6500","","0","",""
"9135095","One Piece Card Game","Extra Booster: One Piece Heroines Edition","DON!! Card (Nami)","","","DON!!","Lightly Played","2.98","","4.7700","3.2800","","0","",""
"9135096","One Piece Card Game","Extra Booster: One Piece Heroines Edition","DON!! Card (Nami)","","","DON!!","Moderately Played","1.50","","","","","0","",""
"9135097","One Piece Card Game","Extra Booster: One Piece Heroines Edition","DON!! Card (Nami)","","","DON!!","Heavily Played","","","","","","0","",""
"9135098","One Piece Card Game","Extra Booster: One Piece Heroines Edition","DON!! Card (Nami)","","","DON!!","Damaged","","","","","","0","",""
"9135099","One Piece Card Game","Extra Booster: One Piece Heroines Edition","DON!! Card (Nami)","","","DON!!","Near Mint Foil","3.70","","4.3400","2.8500","","0","",""
"9135100","One Piece Card Game","Extra Booster: One Piece Heroines Edition","DON!! Card (Nami)","","","DON!!","Lightly Played Foil","3.63","","4.4200","2.9300","","0","",""
"9135101","One Piece Card Game","Extra Booster: One Piece Heroines Edition","DON!! Card (Nami)","","","DON!!","Moderately Played Foil","3.00","","","","","0","",""
"9135102","One Piece Card Game","Extra Booster: One Piece Heroines Edition","DON!! Card (Nami)","","","DON!!","Heavily Played Foil","","","","","","0","",""
"9135103","One Piece Card Game","Extra Booster: One Piece Heroines Edition","DON!! Card (Nami)","","","DON!!","Damaged Foil","1.00","","","","","0","",""
"9135089","One Piece Card Game","Extra Booster: One Piece Heroines Edition","DON!! Card (Nami) (Gold)","","","DON!!","Near Mint Foil","82.38","","74.2700","72.3800","","0","",""
"9135090","One Piece Card Game","Extra Booster: One Piece Heroines Edition","DON!! Card (Nami) (Gold)","","","DON!!","Lightly Played Foil","68.85","","75.0000","74.0000","","0","",""
"9135091","One Piece Card Game","Extra Booster: One Piece Heroines Edition","DON!! Card (Nami) (Gold)","","","DON!!","Moderately Played Foil","","","","","","0","",""
"9135092","One Piece Card Game","Extra Booster: One Piece Heroines Edition","DON!! Card (Nami) (Gold)","","","DON!!","Heavily Played Foil","","","","","","0","",""
"9135093","One Piece Card Game","Extra Booster: One Piece Heroines Edition","DON!! Card (Nami) (Gold)","","","DON!!","Damaged Foil","49.99","","","","","0","",""
"9135150","One Piece Card Game","Extra Booster: One Piece Heroines Edition","DON!! Card (Nico Robin)","","","DON!!","Near Mint","2.77","","3.9400","2.4500","","0","",""
"9135151","One Piece Card Game","Extra Booster: One Piece Heroines Edition","DON!! Card (Nico Robin)","","","DON!!","Lightly Played","3.01","","5.1000","3.6000","","0","",""
"9135152","One Piece Card Game","Extra Booster: One Piece Heroines Edition","DON!! Card (Nico Robin)","","","DON!!","Moderately Played","","","","","","0","",""
"9135153","One Piece Card Game","Extra Booster: One Piece Heroines Edition","DON!! Card (Nico Robin)","","","DON!!","Heavily Played","","","","","","0","",""
"9135154","One Piece Card Game","Extra Booster: One Piece Heroines Edition","DON!! Card (Nico Robin)","","","DON!!","Damaged","","","","","","0","",""
"9135155","One Piece Card Game","Extra Booster: One Piece Heroines Edition","DON!! Card (Nico Robin)","","","DON!!","Near Mint Foil","3.48","","4.2100","2.7200","","0","",""
"9135156","One Piece Card Game","Extra Booster: One Piece Heroines Edition","DON!! Card (Nico Robin)","","","DON!!","Lightly Played Foil","3.21","","4.6100","3.1200","","0","",""
"9135157","One Piece Card Game","Extra Booster: One Piece Heroines Edition","DON!! Card (Nico Robin)","","","DON!!","Moderately Played Foil","1.50","","","","","0","",""
"9135158","One Piece Card Game","Extra Booster: One Piece Heroines Edition","DON!! Card (Nico Robin)","","","DON!!","Heavily Played Foil","","","20.0000","20.0000","","0","",""
"9135159","One Piece Card Game","Extra Booster: One Piece Heroines Edition","DON!! Card (Nico Robin)","","","DON!!","Damaged Foil","0.75","","","","","0","",""
"9135160","One Piece Card Game","Extra Booster: One Piece Heroines Edition","DON!! Card (Nico Robin) (Gold)","","","DON!!","Near Mint Foil","72.69","","68.9700","68.9700","","0","",""
"9135161","One Piece Card Game","Extra Booster: One Piece Heroines Edition","DON!! Card (Nico Robin) (Gold)","","","DON!!","Lightly Played Foil","64.40","","69.9500","69.9500","","0","",""
"9135162","One Piece Card Game","Extra Booster: One Piece Heroines Edition","DON!! Card (Nico Robin) (Gold)","","","DON!!","Moderately Played Foil","","","","","","0","",""
"9135163","One Piece Card Game","Extra Booster: One Piece Heroines Edition","DON!! Card (Nico Robin) (Gold)","","","DON!!","Heavily Played Foil","38.50","","","","","0","",""
"9135164","One Piece Card Game","Extra Booster: One Piece Heroines Edition","DON!! Card (Nico Robin) (Gold)","","","DON!!","Damaged Foil","","","","","","0","",""
"9135135","One Piece Card Game","Extra Booster: One Piece Heroines Edition","DON!! Card (Uta)","","","DON!!","Near Mint","1.09","","2.4000","0.9000","","0","",""
"9135136","One Piece Card Game","Extra Booster: One Piece Heroines Edition","DON!! Card (Uta)","","","DON!!","Lightly Played","1.15","","2.6300","1.1400","","0","",""
"9135137","One Piece Card Game","Extra Booster: One Piece Heroines Edition","DON!! Card (Uta)","","","DON!!","Moderately Played","","","","","","0","",""
"9135138","One Piece Card Game","Extra Booster: One Piece Heroines Edition","DON!! Card (Uta)","","","DON!!","Heavily Played","","","","","","0","",""
"9135139","One Piece Card Game","Extra Booster: One Piece Heroines Edition","DON!! Card (Uta)","","","DON!!","Damaged","1.75","","2.4900","1.0000","","0","",""
"9135140","One Piece Card Game","Extra Booster: One Piece Heroines Edition","DON!! Card (Uta)","","","DON!!","Near Mint Foil","1.37","","2.4800","0.9900","","0","",""
"9135141","One Piece Card Game","Extra Booster: One Piece Heroines Edition","DON!! Card (Uta)","","","DON!!","Lightly Played Foil","1.38","","5.9800","4.4900","","0","",""
"9135142","One Piece Card Game","Extra Booster: One Piece Heroines Edition","DON!! Card (Uta)","","","DON!!","Moderately Played Foil","","","5.9900","5.9900","","0","",""
"9135143","One Piece Card Game","Extra Booster: One Piece Heroines Edition","DON!! Card (Uta)","","","DON!!","Heavily Played Foil","0.75","","","","","0","",""
"9135144","One Piece Card Game","Extra Booster: One Piece Heroines Edition","DON!! Card (Uta)","","","DON!!","Damaged Foil","0.99","","","","","0","",""
"9135145","One Piece Card Game","Extra Booster: One Piece Heroines Edition","DON!! Card (Uta) (Gold)","","","DON!!","Near Mint Foil","36.85","","36.9890","36.9890","","0","",""
"9135146","One Piece Card Game","Extra Booster: One Piece Heroines Edition","DON!! Card (Uta) (Gold)","","","DON!!","Lightly Played Foil","30.72","","44.0500","44.0500","","0","",""
"9135147","One Piece Card Game","Extra Booster: One Piece Heroines Edition","DON!! Card (Uta) (Gold)","","","DON!!","Moderately Played Foil","","","","","","0","",""
"9135148","One Piece Card Game","Extra Booster: One Piece Heroines Edition","DON!! Card (Uta) (Gold)","","","DON!!","Heavily Played Foil","","","","","","0","",""
"9135149","One Piece Card Game","Extra Booster: One Piece Heroines Edition","DON!! Card (Uta) (Gold)","","","DON!!","Damaged Foil","","","","","","0","",""
"9038423","One Piece Card Game","Extra Booster: One Piece Heroines Edition","Extra Booster: One Piece Heroines Edition Box","","","None","Unopened","326.32","","329.9000","329.9000","","0","",""
"9038424","One Piece Card Game","Extra Booster: One Piece Heroines Edition","Extra Booster: One Piece Heroines Edition Box Case","","","None","Unopened","3593.03","","3599.9700","3599.9700","","0","",""
"9036805","One Piece Card Game","Extra Booster: One Piece Heroines Edition","Extra Booster: One Piece Heroines Edition Pack","","","None","Unopened","11.28","","11.4900","11.4900","0","0","13.6900",""
"9152495","One Piece Card Game","Extra Booster: One Piece Heroines Edition","Extra Booster: One Piece Heroines Edition Sleeved Booster Pack","","","None","Unopened","19.20","","21.9800","14.9900","0","0","18.9900",""
"9103404","One Piece Card Game","Extra Booster: One Piece Heroines Edition","Hibari","","EB03-008","R","Near Mint Foil","0.23","","1.5900","0.1000","","0","",""
"9103405","One Piece Card Game","Extra Booster: One Piece Heroines Edition","Hibari","","EB03-008","R","Lightly Played Foil","0.49","","1.7300","0.2400","","0","",""
"9103406","One Piece Card Game","Extra Booster: One Piece Heroines Edition","Hibari","","EB03-008","R","Moderately Played Foil","0.33","","1.8300","0.3400","","0","",""
"9103407","One Piece Card Game","Extra Booster: One Piece Heroines Edition","Hibari","","EB03-008","R","Heavily Played Foil","","","","","","0","",""
"9103408","One Piece Card Game","Extra Booster: One Piece Heroines Edition","Hibari","","EB03-008","R","Damaged Foil","","","","","","0","",""
"9103409","One Piece Card Game","Extra Booster: One Piece Heroines Edition","Hibari (Alternate Art)","","EB03-008","R","Near Mint Foil","7.69","","7.8900","7.8900","","0","",""
"9103410","One Piece Card Game","Extra Booster: One Piece Heroines Edition","Hibari (Alternate Art)","","EB03-008","R","Lightly Played Foil","8.68","","8.6800","8.6800","","0","",""
"9103411","One Piece Card Game","Extra Booster: One Piece Heroines Edition","Hibari (Alternate Art)","","EB03-008","R","Moderately Played Foil","6.80","","","","","0","",""
"9103412","One Piece Card Game","Extra Booster: One Piece Heroines Edition","Hibari (Alternate Art)","","EB03-008","R","Heavily Played Foil","","","","","","0","",""
"9103413","One Piece Card Game","Extra Booster: One Piece Heroines Edition","Hibari (Alternate Art)","","EB03-008","R","Damaged Foil","4.00","","","","","0","",""
"9103509","One Piece Card Game","Extra Booster: One Piece Heroines Edition","Hina","","EB03-025","R","Near Mint Foil","0.16","","1.5400","0.0500","","0","",""
"9103510","One Piece Card Game","Extra Booster: One Piece Heroines Edition","Hina","","EB03-025","R","Lightly Played Foil","0.40","","1.5300","0.0400","","0","",""
"9103511","One Piece Card Game","Extra Booster: One Piece Heroines Edition","Hina","","EB03-025","R","Moderately Played Foil","","","1.7400","0.2500","","0","",""
"9103512","One Piece Card Game","Extra Booster: One Piece Heroines Edition","Hina","","EB03-025","R","Heavily Played Foil","","","","","","0","",""
"9103513","One Piece Card Game","Extra Booster: One Piece Heroines Edition","Hina","","EB03-025","R","Damaged Foil","","","","","","0","",""
"9103514","One Piece Card Game","Extra Booster: One Piece Heroines Edition","Hina (Alternate Art)","","EB03-025","R","Near Mint Foil","2.91","","3.4900","2.0000","","0","",""
"9103515","One Piece Card Game","Extra Booster: One Piece Heroines Edition","Hina (Alternate Art)","","EB03-025","R","Lightly Played Foil","4.35","","4.4900","3.0000","","0","",""
"9103516","One Piece Card Game","Extra Booster: One Piece Heroines Edition","Hina (Alternate Art)","","EB03-025","R","Moderately Played Foil","4.50","","","","","0","",""
"9103517","One Piece Card Game","Extra Booster: One Piece Heroines Edition","Hina (Alternate Art)","","EB03-025","R","Heavily Played Foil","","","","","","0","",""
"9103518","One Piece Card Game","Extra Booster: One Piece Heroines Edition","Hina (Alternate Art)","","EB03-025","R","Damaged Foil","","","","","","0","",""
"9103664","One Piece Card Game","Extra Booster: One Piece Heroines Edition","I Knew You People Were Behind This.","","EB03-049","C","Near Mint","0.13","","1.5000","0.0100","","0","",""
"9103665","One Piece Card Game","Extra Booster: One Piece Heroines Edition","I Knew You People Were Behind This.","","EB03-049","C","Lightly Played","0.09","","1.5200","0.0300","","0","",""
"9103666","One Piece Card Game","Extra Booster: One Piece Heroines Edition","I Knew You People Were Behind This.","","EB03-049","C","Moderately Played","","","","","","0","",""
"9103667","One Piece Card Game","Extra Booster: One Piece Heroines Edition","I Knew You People Were Behind This.","","EB03-049","C","Heavily Played","","","","","","0","",""
"9103668","One Piece Card Game","Extra Booster: One Piece Heroines Edition","I Knew You People Were Behind This.","","EB03-049","C","Damaged","","","98.9900","98.9900","","0","",""
"9103539","One Piece Card Game","Extra Booster: One Piece Heroines Edition","Insolent Fool!! Stand Down!!","","EB03-029","C","Near Mint","0.12","","1.5000","0.0100","","0","",""
"9103540","One Piece Card Game","Extra Booster: One Piece Heroines Edition","Insolent Fool!! Stand Down!!","","EB03-029","C","Lightly Played","0.05","","1.5200","0.0300","","0","",""
"9103541","One Piece Card Game","Extra Booster: One Piece Heroines Edition","Insolent Fool!! Stand Down!!","","EB03-029","C","Moderately Played","","","2.0200","0.5000","","0","",""
"9103542","One Piece Card Game","Extra Booster: One Piece Heroines Edition","Insolent Fool!! Stand Down!!","","EB03-029","C","Heavily Played","","","","","","0","",""
"9103543","One Piece Card Game","Extra Booster: One Piece Heroines Edition","Insolent Fool!! Stand Down!!","","EB03-029","C","Damaged","","","","","","0","",""
"9103489","One Piece Card Game","Extra Booster: One Piece Heroines Edition","Isuka","","EB03-022","R","Near Mint Foil","0.22","","1.5300","0.0400","","0","",""
"9103490","One Piece Card Game","Extra Booster: One Piece Heroines Edition","Isuka","","EB03-022","R","Lightly Played Foil","0.31","","1.6400","0.1500","","0","",""
"9103491","One Piece Card Game","Extra Booster: One Piece Heroines Edition","Isuka","","EB03-022","R","Moderately Played Foil","","","","","","0","",""
"9103492","One Piece Card Game","Extra Booster: One Piece Heroines Edition","Isuka","","EB03-022","R","Heavily Played Foil","","","","","","0","",""
"9103493","One Piece Card Game","Extra Booster: One Piece Heroines Edition","Isuka","","EB03-022","R","Damaged Foil","","","","","","0","",""
"9103459","One Piece Card Game","Extra Booster: One Piece Heroines Edition","Jewelry Bonney","","EB03-017","R","Near Mint Foil","0.25","","1.6200","0.1300","","0","",""
"9103460","One Piece Card Game","Extra Booster: One Piece Heroines Edition","Jewelry Bonney","","EB03-017","R","Lightly Played Foil","0.29","","1.7300","0.2100","","0","",""
"9103461","One Piece Card Game","Extra Booster: One Piece Heroines Edition","Jewelry Bonney","","EB03-017","R","Moderately Played Foil","","","2.2400","0.2500","","0","",""
"9103462","One Piece Card Game","Extra Booster: One Piece Heroines Edition","Jewelry Bonney","","EB03-017","R","Heavily Played Foil","","","","","","0","",""
"9103463","One Piece Card Game","Extra Booster: One Piece Heroines Edition","Jewelry Bonney","","EB03-017","R","Damaged Foil","","","99.0000","99.0000","","0","",""
"9103604","One Piece Card Game","Extra Booster: One Piece Heroines Edition","Kalifa","","EB03-040","C","Near Mint","0.12","","1.5000","0.0100","","0","",""
"9103605","One Piece Card Game","Extra Booster: One Piece Heroines Edition","Kalifa","","EB03-040","C","Lightly Played","0.04","","1.5000","0.0100","","0","",""
"9103606","One Piece Card Game","Extra Booster: One Piece Heroines Edition","Kalifa","","EB03-040","C","Moderately Played","","","4.4900","3.0000","","0","",""
"9103607","One Piece Card Game","Extra Booster: One Piece Heroines Edition","Kalifa","","EB03-040","C","Heavily Played","","","","","","0","",""
"9103608","One Piece Card Game","Extra Booster: One Piece Heroines Edition","Kalifa","","EB03-040","C","Damaged","","","99.0000","99.0000","","0","",""
"9103494","One Piece Card Game","Extra Booster: One Piece Heroines Edition","Kaya","","EB03-023","C","Near Mint","0.11","","1.5000","0.0100","","0","",""
"9103495","One Piece Card Game","Extra Booster: One Piece Heroines Edition","Kaya","","EB03-023","C","Lightly Played","0.08","","1.5200","0.0300","","0","",""
"9103496","One Piece Card Game","Extra Booster: One Piece Heroines Edition","Kaya","","EB03-023","C","Moderately Played","","","3.4900","2.0000","","0","",""
"9103497","One Piece Card Game","Extra Booster: One Piece Heroines Edition","Kaya","","EB03-023","C","Heavily Played","","","","","","0","",""
"9103498","One Piece Card Game","Extra Booster: One Piece Heroines Edition","Kaya","","EB03-023","C","Damaged","","","1.7300","0.2400","","0","",""
"9103619","One Piece Card Game","Extra Booster: One Piece Heroines Edition","Koala","","EB03-042","SR","Near Mint Foil","0.66","","1.7800","0.2900","","0","",""
"9103620","One Piece Card Game","Extra Booster: One Piece Heroines Edition","Koala","","EB03-042","SR","Lightly Played Foil","0.87","","1.8000","0.3000","","0","",""
"9103621","One Piece Card Game","Extra Booster: One Piece Heroines Edition","Koala","","EB03-042","SR","Moderately Played Foil","1.82","","","","","0","",""
"9103622","One Piece Card Game","Extra Booster: One Piece Heroines Edition","Koala","","EB03-042","SR","Heavily Played Foil","","","2.4900","1.0000","","0","",""
"9103623","One Piece Card Game","Extra Booster: One Piece Heroines Edition","Koala","","EB03-042","SR","Damaged Foil","0.89","","","","","0","",""
"9123391","One Piece Card Game","Extra Booster: One Piece Heroines Edition","Koala - OP05-006","","OP05-006","SR","Near Mint Foil","2.24","","3.4900","1.9900","","0","",""
"9123392","One Piece Card Game","Extra Booster: One Piece Heroines Edition","Koala - OP05-006","","OP05-006","SR","Lightly Played Foil","4.00","","4.6300","2.6400","","0","",""
"9123393","One Piece Card Game","Extra Booster: One Piece Heroines Edition","Koala - OP05-006","","OP05-006","SR","Moderately Played Foil","4.19","","","","","0","",""
"9123394","One Piece Card Game","Extra Booster: One Piece Heroines Edition","Koala - OP05-006","","OP05-006","SR","Heavily Played Foil","","","","","","0","",""
"9123395","One Piece Card Game","Extra Booster: One Piece Heroines Edition","Koala - OP05-006","","OP05-006","SR","Damaged Foil","1.36","","3.1400","1.6500","","0","",""
"9103624","One Piece Card Game","Extra Booster: One Piece Heroines Edition","Koala (Alternate Art)","","EB03-042","SR","Near Mint Foil","5.25","","5.3200","5.3200","","0","",""
"9103625","One Piece Card Game","Extra Booster: One Piece Heroines Edition","Koala (Alternate Art)","","EB03-042","SR","Lightly Played Foil","8.28","","6.1500","6.1500","","0","",""
"9103626","One Piece Card Game","Extra Booster: One Piece Heroines Edition","Koala (Alternate Art)","","EB03-042","SR","Moderately Played Foil","15.00","","","","","0","",""
"9103627","One Piece Card Game","Extra Booster: One Piece Heroines Edition","Koala (Alternate Art)","","EB03-042","SR","Heavily Played Foil","","","","","","0","",""
"9103628","One Piece Card Game","Extra Booster: One Piece Heroines Edition","Koala (Alternate Art)","","EB03-042","SR","Damaged Foil","3.00","","","","","0","",""
"9103789","One Piece Card Game","Extra Booster: One Piece Heroines Edition","Koala (SP)","","EB03-042","SR","Near Mint Foil","183.26","","155.1500","153.2600","","0","",""
"9103790","One Piece Card Game","Extra Booster: One Piece Heroines Edition","Koala (SP)","","EB03-042","SR","Lightly Played Foil","146.28","","","","","0","",""
"9103791","One Piece Card Game","Extra Booster: One Piece Heroines Edition","Koala (SP)","","EB03-042","SR","Moderately Played Foil","","","","","","0","",""
"9103792","One Piece Card Game","Extra Booster: One Piece Heroines Edition","Koala (SP)","","EB03-042","SR","Heavily Played Foil","","","","","","0","",""
"9103793","One Piece Card Game","Extra Booster: One Piece Heroines Edition","Koala (SP)","","EB03-042","SR","Damaged Foil","","","","","","0","",""
"9103454","One Piece Card Game","Extra Booster: One Piece Heroines Edition","Kouzuki Hiyori","","EB03-016","C","Near Mint","0.06","","1.5000","0.0100","","0","",""
"9103455","One Piece Card Game","Extra Booster: One Piece Heroines Edition","Kouzuki Hiyori","","EB03-016","C","Lightly Played","0.06","","1.5100","0.0200","","0","",""
"9103456","One Piece Card Game","Extra Booster: One Piece Heroines Edition","Kouzuki Hiyori","","EB03-016","C","Moderately Played","","","3.4900","2.0000","","0","",""
"9103457","One Piece Card Game","Extra Booster: One Piece Heroines Edition","Kouzuki Hiyori","","EB03-016","C","Heavily Played","","","","","","0","",""
"9103458","One Piece Card Game","Extra Booster: One Piece Heroines Edition","Kouzuki Hiyori","","EB03-016","C","Damaged","","","99.0000","99.0000","","0","",""
"9103444","One Piece Card Game","Extra Booster: One Piece Heroines Edition","Kuina","","EB03-014","C","Near Mint","0.08","","1.5000","0.0100","","0","",""
"9103445","One Piece Card Game","Extra Booster: One Piece Heroines Edition","Kuina","","EB03-014","C","Lightly Played","0.08","","1.5200","0.0300","","0","",""
"9103446","One Piece Card Game","Extra Booster: One Piece Heroines Edition","Kuina","","EB03-014","C","Moderately Played","","","3.4900","2.0000","","0","",""
"9103447","One Piece Card Game","Extra Booster: One Piece Heroines Edition","Kuina","","EB03-014","C","Heavily Played","","","","","","0","",""
"9103448","One Piece Card Game","Extra Booster: One Piece Heroines Edition","Kuina","","EB03-014","C","Damaged","","","99.0000","99.0000","","0","",""
"9103609","One Piece Card Game","Extra Booster: One Piece Heroines Edition","Kujyaku","","EB03-041","R","Near Mint Foil","0.21","","1.5900","0.1000","","0","",""
"9103610","One Piece Card Game","Extra Booster: One Piece Heroines Edition","Kujyaku","","EB03-041","R","Lightly Played Foil","0.41","","1.7300","0.2400","","0","",""
"9103611","One Piece Card Game","Extra Booster: One Piece Heroines Edition","Kujyaku","","EB03-041","R","Moderately Played Foil","","","3.9300","2.4400","","0","",""
"9103612","One Piece Card Game","Extra Booster: One Piece Heroines Edition","Kujyaku","","EB03-041","R","Heavily Played Foil","","","5.4800","3.9900","","0","",""
"9103613","One Piece Card Game","Extra Booster: One Piece Heroines Edition","Kujyaku","","EB03-041","R","Damaged Foil","","","99.0000","99.0000","","0","",""
"9103614","One Piece Card Game","Extra Booster: One Piece Heroines Edition","Kujyaku (Alternate Art)","","EB03-041","R","Near Mint Foil","6.04","","6.3100","5.0000","","0","",""
"9103615","One Piece Card Game","Extra Booster: One Piece Heroines Edition","Kujyaku (Alternate Art)","","EB03-041","R","Lightly Played Foil","8.98","","6.2900","4.8000","","0","",""
"9103616","One Piece Card Game","Extra Booster: One Piece Heroines Edition","Kujyaku (Alternate Art)","","EB03-041","R","Moderately Played Foil","","","","","","0","",""
"9103617","One Piece Card Game","Extra Booster: One Piece Heroines Edition","Kujyaku (Alternate Art)","","EB03-041","R","Heavily Played Foil","","","","","","0","",""
"9103618","One Piece Card Game","Extra Booster: One Piece Heroines Edition","Kujyaku (Alternate Art)","","EB03-041","R","Damaged Foil","5.00","","","","","0","",""
"9103724","One Piece Card Game","Extra Booster: One Piece Heroines Edition","Lilith","","EB03-058","R","Near Mint Foil","0.21","","1.5400","0.0500","","0","",""
"9103725","One Piece Card Game","Extra Booster: One Piece Heroines Edition","Lilith","","EB03-058","R","Lightly Played Foil","0.24","","1.6900","0.1900","","0","",""
"9103726","One Piece Card Game","Extra Booster: One Piece Heroines Edition","Lilith","","EB03-058","R","Moderately Played Foil","0.15","","2.7000","0.2000","","0","",""
"9103727","One Piece Card Game","Extra Booster: One Piece Heroines Edition","Lilith","","EB03-058","R","Heavily Played Foil","","","1.9900","0.5000","","0","",""
"9103728","One Piece Card Game","Extra Booster: One Piece Heroines Edition","Lilith","","EB03-058","R","Damaged Foil","","","","","","0","",""
"9103589","One Piece Card Game","Extra Booster: One Piece Heroines Edition","Lim","","EB03-037","R","Near Mint Foil","0.12","","1.5000","0.0100","","0","",""
"9103590","One Piece Card Game","Extra Booster: One Piece Heroines Edition","Lim","","EB03-037","R","Lightly Played Foil","0.34","","1.6400","0.1500","","0","",""
"9103591","One Piece Card Game","Extra Booster: One Piece Heroines Edition","Lim","","EB03-037","R","Moderately Played Foil","0.25","","2.7500","0.2500","","0","",""
"9103592","One Piece Card Game","Extra Booster: One Piece Heroines Edition","Lim","","EB03-037","R","Heavily Played Foil","","","","","","0","",""
"9103593","One Piece Card Game","Extra Booster: One Piece Heroines Edition","Lim","","EB03-037","R","Damaged Foil","","","","","","0","",""
"9103414","One Piece Card Game","Extra Booster: One Piece Heroines Edition","Makino","","EB03-009","C","Near Mint","0.05","","1.5000","0.0100","","0","",""
"9103415","One Piece Card Game","Extra Booster: One Piece Heroines Edition","Makino","","EB03-009","C","Lightly Played","0.10","","1.5200","0.0300","","0","",""
"9103416","One Piece Card Game","Extra Booster: One Piece Heroines Edition","Makino","","EB03-009","C","Moderately Played","","","3.4900","2.0000","","0","",""
"9103417","One Piece Card Game","Extra Booster: One Piece Heroines Edition","Makino","","EB03-009","C","Heavily Played","","","","","","0","",""
"9103418","One Piece Card Game","Extra Booster: One Piece Heroines Edition","Makino","","EB03-009","C","Damaged","","","99.0000","99.0000","","0","",""
"9103529","One Piece Card Game","Extra Booster: One Piece Heroines Edition","Marguerite","","EB03-027","R","Near Mint Foil","0.17","","1.5000","0.0100","","0","",""
"9103530","One Piece Card Game","Extra Booster: One Piece Heroines Edition","Marguerite","","EB03-027","R","Lightly Played Foil","0.17","","1.5900","0.1000","","0","",""
"9103531","One Piece Card Game","Extra Booster: One Piece Heroines Edition","Marguerite","","EB03-027","R","Moderately Played Foil","","","","","","0","",""
"9103532","One Piece Card Game","Extra Booster: One Piece Heroines Edition","Marguerite","","EB03-027","R","Heavily Played Foil","","","","","","0","",""
"9103533","One Piece Card Game","Extra Booster: One Piece Heroines Edition","Marguerite","","EB03-027","R","Damaged Foil","","","","","","0","",""
"9103649","One Piece Card Game","Extra Booster: One Piece Heroines Edition","Miss Doublefinger(Zala)","","EB03-046","C","Near Mint","0.09","","1.5000","0.0100","","0","",""
"9103650","One Piece Card Game","Extra Booster: One Piece Heroines Edition","Miss Doublefinger(Zala)","","EB03-046","C","Lightly Played","0.08","","1.5200","0.0300","","0","",""
"9103651","One Piece Card Game","Extra Booster: One Piece Heroines Edition","Miss Doublefinger(Zala)","","EB03-046","C","Moderately Played","","","3.4900","2.0000","","0","",""
"9103652","One Piece Card Game","Extra Booster: One Piece Heroines Edition","Miss Doublefinger(Zala)","","EB03-046","C","Heavily Played","","","","","","0","",""
"9103653","One Piece Card Game","Extra Booster: One Piece Heroines Edition","Miss Doublefinger(Zala)","","EB03-046","C","Damaged","","","99.0000","99.0000","","0","",""
"9103654","One Piece Card Game","Extra Booster: One Piece Heroines Edition","Miss.Valentine(Mikita)","","EB03-047","C","Near Mint","0.08","","1.5000","0.0100","","0","",""
"9103655","One Piece Card Game","Extra Booster: One Piece Heroines Edition","Miss.Valentine(Mikita)","","EB03-047","C","Lightly Played","0.08","","1.5200","0.0300","","0","",""
"9103656","One Piece Card Game","Extra Booster: One Piece Heroines Edition","Miss.Valentine(Mikita)","","EB03-047","C","Moderately Played","","","4.4900","3.0000","","0","",""
"9103657","One Piece Card Game","Extra Booster: One Piece Heroines Edition","Miss.Valentine(Mikita)","","EB03-047","C","Heavily Played","","","","","","0","",""
"9103658","One Piece Card Game","Extra Booster: One Piece Heroines Edition","Miss.Valentine(Mikita)","","EB03-047","C","Damaged","","","99.0000","99.0000","","0","",""
"9103419","One Piece Card Game","Extra Booster: One Piece Heroines Edition","Monet","","EB03-010","R","Near Mint Foil","0.19","","1.5400","0.0500","","0","",""
"9103420","One Piece Card Game","Extra Booster: One Piece Heroines Edition","Monet","","EB03-010","R","Lightly Played Foil","0.28","","1.6300","0.1400","","0","",""
"9103421","One Piece Card Game","Extra Booster: One Piece Heroines Edition","Monet","","EB03-010","R","Moderately Played Foil","0.15","","","","","0","",""
"9103422","One Piece Card Game","Extra Booster: One Piece Heroines Edition","Monet","","EB03-010","R","Heavily Played Foil","","","","","","0","",""
"9103423","One Piece Card Game","Extra Booster: One Piece Heroines Edition","Monet","","EB03-010","R","Damaged Foil","","","99.0000","99.0000","","0","",""
"9103394","One Piece Card Game","Extra Booster: One Piece Heroines Edition","Nami (006)","","EB03-006","R","Near Mint Foil","0.36","","1.5700","0.0800","","0","",""
"9103395","One Piece Card Game","Extra Booster: One Piece Heroines Edition","Nami (006)","","EB03-006","R","Lightly Played Foil","0.50","","1.7400","0.2500","","0","",""
"9103396","One Piece Card Game","Extra Booster: One Piece Heroines Edition","Nami (006)","","EB03-006","R","Moderately Played Foil","0.49","","1.9800","0.4900","","0","",""
"9103397","One Piece Card Game","Extra Booster: One Piece Heroines Edition","Nami (006)","","EB03-006","R","Heavily Played Foil","","","","","","0","",""
"9103398","One Piece Card Game","Extra Booster: One Piece Heroines Edition","Nami (006)","","EB03-006","R","Damaged Foil","0.25","","","","","0","",""
"9103684","One Piece Card Game","Extra Booster: One Piece Heroines Edition","Nami (053)","","EB03-053","SR","Near Mint Foil","12.72","","12.6800","12.6800","0","0","32.0000",""
"9103685","One Piece Card Game","Extra Booster: One Piece Heroines Edition","Nami (053)","","EB03-053","SR","Lightly Played Foil","14.08","","12.7300","12.7300","","0","",""
"9103686","One Piece Card Game","Extra Booster: One Piece Heroines Edition","Nami (053)","","EB03-053","SR","Moderately Played Foil","29.39","","36.0300","34.5400","","0","",""
"9103687","One Piece Card Game","Extra Booster: One Piece Heroines Edition","Nami (053)","","EB03-053","SR","Heavily Played Foil","20.00","","","","","0","",""
"9103688","One Piece Card Game","Extra Booster: One Piece Heroines Edition","Nami (053)","","EB03-053","SR","Damaged Foil","15.00","","","","","0","",""
"9103689","One Piece Card Game","Extra Booster: One Piece Heroines Edition","Nami (053) (Alternate Art)","","EB03-053","SR","Near Mint Foil","70.64","","66.9500","66.9500","","0","",""
"9103690","One Piece Card Game","Extra Booster: One Piece Heroines Edition","Nami (053) (Alternate Art)","","EB03-053","SR","Lightly Played Foil","96.34","","84.0000","82.0500","","0","",""
"9103691","One Piece Card Game","Extra Booster: One Piece Heroines Edition","Nami (053) (Alternate Art)","","EB03-053","SR","Moderately Played Foil","76.66","","","","","0","",""
"9103692","One Piece Card Game","Extra Booster: One Piece Heroines Edition","Nami (053) (Alternate Art)","","EB03-053","SR","Heavily Played Foil","","","","","","0","",""
"9103693","One Piece Card Game","Extra Booster: One Piece Heroines Edition","Nami (053) (Alternate Art)","","EB03-053","SR","Damaged Foil","60.00","","","","","0","",""
"9103799","One Piece Card Game","Extra Booster: One Piece Heroines Edition","Nami (053) (SP)","","EB03-053","SR","Near Mint Foil","1316.20","","1300.1900","1298.2000","","0","",""
"9103800","One Piece Card Game","Extra Booster: One Piece Heroines Edition","Nami (053) (SP)","","EB03-053","SR","Lightly Played Foil","1134.80","","1263.9900","1259.0000","","0","",""
"9103801","One Piece Card Game","Extra Booster: One Piece Heroines Edition","Nami (053) (SP)","","EB03-053","SR","Moderately Played Foil","1000.00","","","","","0","",""
"9103802","One Piece Card Game","Extra Booster: One Piece Heroines Edition","Nami (053) (SP)","","EB03-053","SR","Heavily Played Foil","","","","","","0","",""
"9103803","One Piece Card Game","Extra Booster: One Piece Heroines Edition","Nami (053) (SP)","","EB03-053","SR","Damaged Foil","699.99","","","","","0","",""
"9123386","One Piece Card Game","Extra Booster: One Piece Heroines Edition","Nefeltari Vivi - EB02-026","","EB02-026","SR","Near Mint Foil","9.09","","9.2200","9.2200","","0","",""
"9123387","One Piece Card Game","Extra Booster: One Piece Heroines Edition","Nefeltari Vivi - EB02-026","","EB02-026","SR","Lightly Played Foil","7.79","","9.0400","7.7500","","0","",""
"9123388","One Piece Card Game","Extra Booster: One Piece Heroines Edition","Nefeltari Vivi - EB02-026","","EB02-026","SR","Moderately Played Foil","7.19","","","","","0","",""
"9123389","One Piece Card Game","Extra Booster: One Piece Heroines Edition","Nefeltari Vivi - EB02-026","","EB02-026","SR","Heavily Played Foil","","","","","","0","",""
"9123390","One Piece Card Game","Extra Booster: One Piece Heroines Edition","Nefeltari Vivi - EB02-026","","EB02-026","SR","Damaged Foil","4.00","","","","","0","",""
"9172299","One Piece Card Game","Extra Booster: One Piece Heroines Edition","Nefeltari Vivi (001)","","EB03-001","L","Near Mint","0.16","","1.5000","0.0100","","0","",""
"9172300","One Piece Card Game","Extra Booster: One Piece Heroines Edition","Nefeltari Vivi (001)","","EB03-001","L","Lightly Played","0.12","","1.6000","0.1000","","0","",""
"9172301","One Piece Card Game","Extra Booster: One Piece Heroines Edition","Nefeltari Vivi (001)","","EB03-001","L","Moderately Played","","","","","","0","",""
"9172302","One Piece Card Game","Extra Booster: One Piece Heroines Edition","Nefeltari Vivi (001)","","EB03-001","L","Heavily Played","","","","","","0","",""
"9172303","One Piece Card Game","Extra Booster: One Piece Heroines Edition","Nefeltari Vivi (001)","","EB03-001","L","Damaged","","","","","","0","",""
"9103364","One Piece Card Game","Extra Booster: One Piece Heroines Edition","Nefeltari Vivi (001) (Alternate Art)","","EB03-001","L","Near Mint Foil","7.13","","7.2000","7.2000","","0","",""
"9103365","One Piece Card Game","Extra Booster: One Piece Heroines Edition","Nefeltari Vivi (001) (Alternate Art)","","EB03-001","L","Lightly Played Foil","7.84","","8.4900","8.4900","","0","",""
"9103366","One Piece Card Game","Extra Booster: One Piece Heroines Edition","Nefeltari Vivi (001) (Alternate Art)","","EB03-001","L","Moderately Played Foil","11.99","","","","","0","",""
"9103367","One Piece Card Game","Extra Booster: One Piece Heroines Edition","Nefeltari Vivi (001) (Alternate Art)","","EB03-001","L","Heavily Played Foil","","","","","","0","",""
"9103368","One Piece Card Game","Extra Booster: One Piece Heroines Edition","Nefeltari Vivi (001) (Alternate Art)","","EB03-001","L","Damaged Foil","4.16","","","","","0","",""
"9103499","One Piece Card Game","Extra Booster: One Piece Heroines Edition","Nefeltari Vivi (024)","","EB03-024","SR","Near Mint Foil","1.36","","2.3400","0.8500","","0","",""
"9103500","One Piece Card Game","Extra Booster: One Piece Heroines Edition","Nefeltari Vivi (024)","","EB03-024","SR","Lightly Played Foil","1.26","","2.6700","1.1800","","0","",""
"9103501","One Piece Card Game","Extra Booster: One Piece Heroines Edition","Nefeltari Vivi (024)","","EB03-024","SR","Moderately Played Foil","1.85","","3.4900","2.0000","","0","",""
"9103502","One Piece Card Game","Extra Booster: One Piece Heroines Edition","Nefeltari Vivi (024)","","EB03-024","SR","Heavily Played Foil","","","20.0000","20.0000","","0","",""
"9103503","One Piece Card Game","Extra Booster: One Piece Heroines Edition","Nefeltari Vivi (024)","","EB03-024","SR","Damaged Foil","6.00","","","","","0","",""
"9103504","One Piece Card Game","Extra Booster: One Piece Heroines Edition","Nefeltari Vivi (024) (Alternate Art)","","EB03-024","SR","Near Mint Foil","23.89","","23.2800","22.0100","","0","",""
"9103505","One Piece Card Game","Extra Booster: One Piece Heroines Edition","Nefeltari Vivi (024) (Alternate Art)","","EB03-024","SR","Lightly Played Foil","25.04","","29.4800","25.6900","","0","",""
"9103506","One Piece Card Game","Extra Booster: One Piece Heroines Edition","Nefeltari Vivi (024) (Alternate Art)","","EB03-024","SR","Moderately Played Foil","28.75","","","","","0","",""
"9103507","One Piece Card Game","Extra Booster: One Piece Heroines Edition","Nefeltari Vivi (024) (Alternate Art)","","EB03-024","SR","Heavily Played Foil","","","","","","0","",""
"9103508","One Piece Card Game","Extra Booster: One Piece Heroines Edition","Nefeltari Vivi (024) (Alternate Art)","","EB03-024","SR","Damaged Foil","","","","","","0","",""
"9103774","One Piece Card Game","Extra Booster: One Piece Heroines Edition","Nefeltari Vivi (024) (SP)","","EB03-024","SR","Near Mint Foil","473.33","","409.9700","409.9700","","0","",""
"9103775","One Piece Card Game","Extra Booster: One Piece Heroines Edition","Nefeltari Vivi (024) (SP)","","EB03-024","SR","Lightly Played Foil","380.69","","400.0000","400.0000","","0","",""
"9103776","One Piece Card Game","Extra Booster: One Piece Heroines Edition","Nefeltari Vivi (024) (SP)","","EB03-024","SR","Moderately Played Foil","","","","","","0","",""
"9103777","One Piece Card Game","Extra Booster: One Piece Heroines Edition","Nefeltari Vivi (024) (SP)","","EB03-024","SR","Heavily Played Foil","","","","","","0","",""
"9103778","One Piece Card Game","Extra Booster: One Piece Heroines Edition","Nefeltari Vivi (024) (SP)","","EB03-024","SR","Damaged Foil","","","","","","0","",""
"9103694","One Piece Card Game","Extra Booster: One Piece Heroines Edition","Nico Robin (054)","","EB03-054","C","Near Mint","0.13","","1.5000","0.0100","","0","",""
"9103695","One Piece Card Game","Extra Booster: One Piece Heroines Edition","Nico Robin (054)","","EB03-054","C","Lightly Played","0.10","","1.5600","0.0700","","0","",""
"9103696","One Piece Card Game","Extra Booster: One Piece Heroines Edition","Nico Robin (054)","","EB03-054","C","Moderately Played","","","4.4900","3.0000","","0","",""
"9103697","One Piece Card Game","Extra Booster: One Piece Heroines Edition","Nico Robin (054)","","EB03-054","C","Heavily Played","","","","","","0","",""
"9103698","One Piece Card Game","Extra Booster: One Piece Heroines Edition","Nico Robin (054)","","EB03-054","C","Damaged","","","99.0000","99.0000","","0","",""
"9103699","One Piece Card Game","Extra Booster: One Piece Heroines Edition","Nico Robin (055)","","EB03-055","SR","Near Mint Foil","7.97","","7.8100","6.5900","0","0","15.2500",""
"9103700","One Piece Card Game","Extra Booster: One Piece Heroines Edition","Nico Robin (055)","","EB03-055","SR","Lightly Played Foil","8.36","","8.3900","8.3900","","0","",""
"9103701","One Piece Card Game","Extra Booster: One Piece Heroines Edition","Nico Robin (055)","","EB03-055","SR","Moderately Played Foil","13.88","","10.0400","8.7900","","0","",""
"9103702","One Piece Card Game","Extra Booster: One Piece Heroines Edition","Nico Robin (055)","","EB03-055","SR","Heavily Played Foil","7.00","","","","","0","",""
"9103703","One Piece Card Game","Extra Booster: One Piece Heroines Edition","Nico Robin (055)","","EB03-055","SR","Damaged Foil","9.66","","","","","0","",""
"9103704","One Piece Card Game","Extra Booster: One Piece Heroines Edition","Nico Robin (055) (Alternate Art)","","EB03-055","SR","Near Mint Foil","47.72","","44.9800","42.9900","","0","",""
"9103705","One Piece Card Game","Extra Booster: One Piece Heroines Edition","Nico Robin (055) (Alternate Art)","","EB03-055","SR","Lightly Played Foil","72.25","","51.5800","45.5900","","0","",""
"9103706","One Piece Card Game","Extra Booster: One Piece Heroines Edition","Nico Robin (055) (Alternate Art)","","EB03-055","SR","Moderately Played Foil","","","","","","0","",""
"9103707","One Piece Card Game","Extra Booster: One Piece Heroines Edition","Nico Robin (055) (Alternate Art)","","EB03-055","SR","Heavily Played Foil","","","","","","0","",""
"9103708","One Piece Card Game","Extra Booster: One Piece Heroines Edition","Nico Robin (055) (Alternate Art)","","EB03-055","SR","Damaged Foil","","","","","","0","",""
"9103804","One Piece Card Game","Extra Booster: One Piece Heroines Edition","Nico Robin (055) (SP)","","EB03-055","SR","Near Mint Foil","1453.33","","1401.0000","1400.0100","","0","",""
"9103805","One Piece Card Game","Extra Booster: One Piece Heroines Edition","Nico Robin (055) (SP)","","EB03-055","SR","Lightly Played Foil","1096.83","","","","","0","",""
"9103806","One Piece Card Game","Extra Booster: One Piece Heroines Edition","Nico Robin (055) (SP)","","EB03-055","SR","Moderately Played Foil","","","","","","0","",""
"9103807","One Piece Card Game","Extra Booster: One Piece Heroines Edition","Nico Robin (055) (SP)","","EB03-055","SR","Heavily Played Foil","","","","","","0","",""
"9103808","One Piece Card Game","Extra Booster: One Piece Heroines Edition","Nico Robin (055) (SP)","","EB03-055","SR","Damaged Foil","","","","","","0","",""
"9123401","One Piece Card Game","Extra Booster: One Piece Heroines Edition","O-Nami - ST18-002 (Dash Pack)","","ST18-002","C","Near Mint Foil","13.04","","13.3500","13.3500","","0","",""
"9123402","One Piece Card Game","Extra Booster: One Piece Heroines Edition","O-Nami - ST18-002 (Dash Pack)","","ST18-002","C","Lightly Played Foil","11.90","","13.2500","13.2500","","0","",""
"9123403","One Piece Card Game","Extra Booster: One Piece Heroines Edition","O-Nami - ST18-002 (Dash Pack)","","ST18-002","C","Moderately Played Foil","4.25","","","","","0","",""
"9123404","One Piece Card Game","Extra Booster: One Piece Heroines Edition","O-Nami - ST18-002 (Dash Pack)","","ST18-002","C","Heavily Played Foil","5.00","","","","","0","",""
"9123405","One Piece Card Game","Extra Booster: One Piece Heroines Edition","O-Nami - ST18-002 (Dash Pack)","","ST18-002","C","Damaged Foil","7.00","","","","","0","",""
"9123385","One Piece Card Game","Extra Booster: One Piece Heroines Edition","One Piece Heroines Campaign - Dash Pack","","","None","Unopened","9.67","","9.4400","9.4400","","0","",""
"9103429","One Piece Card Game","Extra Booster: One Piece Heroines Edition","Otama","","EB03-012","R","Near Mint Foil","0.15","","1.5000","0.0100","","0","",""
"9103430","One Piece Card Game","Extra Booster: One Piece Heroines Edition","Otama","","EB03-012","R","Lightly Played Foil","0.25","","1.6400","0.1000","","0","",""
"9103431","One Piece Card Game","Extra Booster: One Piece Heroines Edition","Otama","","EB03-012","R","Moderately Played Foil","","","","","","0","",""
"9103432","One Piece Card Game","Extra Booster: One Piece Heroines Edition","Otama","","EB03-012","R","Heavily Played Foil","","","","","","0","",""
"9103433","One Piece Card Game","Extra Booster: One Piece Heroines Edition","Otama","","EB03-012","R","Damaged Foil","","","99.0000","99.0000","","0","",""
"9123396","One Piece Card Game","Extra Booster: One Piece Heroines Edition","Perona - OP09-034","","OP09-034","R","Near Mint Foil","5.27","","6.2600","6.2600","","0","",""
"9123397","One Piece Card Game","Extra Booster: One Piece Heroines Edition","Perona - OP09-034","","OP09-034","R","Lightly Played Foil","3.69","","6.7700","3.7700","","0","",""
"9123398","One Piece Card Game","Extra Booster: One Piece Heroines Edition","Perona - OP09-034","","OP09-034","R","Moderately Played Foil","3.37","","","","","0","",""
"9123399","One Piece Card Game","Extra Booster: One Piece Heroines Edition","Perona - OP09-034","","OP09-034","R","Heavily Played Foil","","","","","","0","",""
"9123400","One Piece Card Game","Extra Booster: One Piece Heroines Edition","Perona - OP09-034","","OP09-034","R","Damaged Foil","1.25","","","","","0","",""
"9103639","One Piece Card Game","Extra Booster: One Piece Heroines Edition","Perona (045)","","EB03-045","SR","Near Mint Foil","0.68","","1.8900","0.4000","","0","",""
"9103640","One Piece Card Game","Extra Booster: One Piece Heroines Edition","Perona (045)","","EB03-045","SR","Lightly Played Foil","0.65","","2.2000","0.7100","","0","",""
"9103641","One Piece Card Game","Extra Booster: One Piece Heroines Edition","Perona (045)","","EB03-045","SR","Moderately Played Foil","1.72","","3.2100","1.7200","","0","",""
"9103642","One Piece Card Game","Extra Booster: One Piece Heroines Edition","Perona (045)","","EB03-045","SR","Heavily Played Foil","","","","","","0","",""
"9103643","One Piece Card Game","Extra Booster: One Piece Heroines Edition","Perona (045)","","EB03-045","SR","Damaged Foil","","","","","","0","",""
"9103644","One Piece Card Game","Extra Booster: One Piece Heroines Edition","Perona (045) (Alternate Art)","","EB03-045","SR","Near Mint Foil","18.49","","20.0000","20.0000","","0","",""
"9103645","One Piece Card Game","Extra Booster: One Piece Heroines Edition","Perona (045) (Alternate Art)","","EB03-045","SR","Lightly Played Foil","17.02","","21.5200","17.0200","","0","",""
"9103646","One Piece Card Game","Extra Booster: One Piece Heroines Edition","Perona (045) (Alternate Art)","","EB03-045","SR","Moderately Played Foil","15.00","","","","","0","",""
"9103647","One Piece Card Game","Extra Booster: One Piece Heroines Edition","Perona (045) (Alternate Art)","","EB03-045","SR","Heavily Played Foil","","","","","","0","",""
"9103648","One Piece Card Game","Extra Booster: One Piece Heroines Edition","Perona (045) (Alternate Art)","","EB03-045","SR","Damaged Foil","","","","","","0","",""
"9103794","One Piece Card Game","Extra Booster: One Piece Heroines Edition","Perona (045) (SP)","","EB03-045","SR","Near Mint Foil","368.71","","367.6900","362.7000","","0","",""
"9103795","One Piece Card Game","Extra Booster: One Piece Heroines Edition","Perona (045) (SP)","","EB03-045","SR","Lightly Played Foil","318.72","","","","","0","",""
"9103796","One Piece Card Game","Extra Booster: One Piece Heroines Edition","Perona (045) (SP)","","EB03-045","SR","Moderately Played Foil","","","","","","0","",""
"9103797","One Piece Card Game","Extra Booster: One Piece Heroines Edition","Perona (045) (SP)","","EB03-045","SR","Heavily Played Foil","","","","","","0","",""
"9103798","One Piece Card Game","Extra Booster: One Piece Heroines Edition","Perona (045) (SP)","","EB03-045","SR","Damaged Foil","","","","","","0","",""
"9103659","One Piece Card Game","Extra Booster: One Piece Heroines Edition","Rebecca","","EB03-048","R","Near Mint Foil","0.18","","1.5000","0.0100","","0","",""
"9103660","One Piece Card Game","Extra Booster: One Piece Heroines Edition","Rebecca","","EB03-048","R","Lightly Played Foil","0.35","","1.6900","0.2000","","0","",""
"9103661","One Piece Card Game","Extra Booster: One Piece Heroines Edition","Rebecca","","EB03-048","R","Moderately Played Foil","0.25","","1.7800","0.2900","","0","",""
"9103662","One Piece Card Game","Extra Booster: One Piece Heroines Edition","Rebecca","","EB03-048","R","Heavily Played Foil","","","4.3900","2.9000","","0","",""
"9103663","One Piece Card Game","Extra Booster: One Piece Heroines Edition","Rebecca","","EB03-048","R","Damaged Foil","","","","","","0","",""
"9103729","One Piece Card Game","Extra Booster: One Piece Heroines Edition","S-Snake","","EB03-059","R","Near Mint Foil","0.28","","1.5400","0.0500","","0","",""
"9103730","One Piece Card Game","Extra Booster: One Piece Heroines Edition","S-Snake","","EB03-059","R","Lightly Played Foil","0.35","","1.7400","0.2500","","0","",""
"9103731","One Piece Card Game","Extra Booster: One Piece Heroines Edition","S-Snake","","EB03-059","R","Moderately Played Foil","0.15","","2.2400","0.2500","","0","",""
"9103732","One Piece Card Game","Extra Booster: One Piece Heroines Edition","S-Snake","","EB03-059","R","Heavily Played Foil","","","","","","0","",""
"9103733","One Piece Card Game","Extra Booster: One Piece Heroines Edition","S-Snake","","EB03-059","R","Damaged Foil","","","99.0000","99.0000","","0","",""
"9103679","One Piece Card Game","Extra Booster: One Piece Heroines Edition","Shirahoshi","","EB03-052","R","Near Mint Foil","0.22","","1.5900","0.1000","","0","",""
"9103680","One Piece Card Game","Extra Booster: One Piece Heroines Edition","Shirahoshi","","EB03-052","R","Lightly Played Foil","0.27","","1.7300","0.2400","","0","",""
"9103681","One Piece Card Game","Extra Booster: One Piece Heroines Edition","Shirahoshi","","EB03-052","R","Moderately Played Foil","","","","","","0","",""
"9103682","One Piece Card Game","Extra Booster: One Piece Heroines Edition","Shirahoshi","","EB03-052","R","Heavily Played Foil","","","","","","0","",""
"9103683","One Piece Card Game","Extra Booster: One Piece Heroines Edition","Shirahoshi","","EB03-052","R","Damaged Foil","","","99.0000","99.0000","","0","",""
"9103629","One Piece Card Game","Extra Booster: One Piece Heroines Edition","Stussy","","EB03-043","R","Near Mint Foil","0.20","","1.5200","0.0300","","0","",""
"9103630","One Piece Card Game","Extra Booster: One Piece Heroines Edition","Stussy","","EB03-043","R","Lightly Played Foil","0.24","","1.6500","0.1500","","0","",""
"9103631","One Piece Card Game","Extra Booster: One Piece Heroines Edition","Stussy","","EB03-043","R","Moderately Played Foil","0.15","","","","","0","",""
"9103632","One Piece Card Game","Extra Booster: One Piece Heroines Edition","Stussy","","EB03-043","R","Heavily Played Foil","","","","","","0","",""
"9103633","One Piece Card Game","Extra Booster: One Piece Heroines Edition","Stussy","","EB03-043","R","Damaged Foil","","","","","","0","",""
"9103389","One Piece Card Game","Extra Booster: One Piece Heroines Edition","Sugar","","EB03-005","R","Near Mint Foil","0.15","","1.5300","0.0400","","0","",""
"9103390","One Piece Card Game","Extra Booster: One Piece Heroines Edition","Sugar","","EB03-005","R","Lightly Played Foil","0.23","","1.5500","0.0600","","0","",""
"9103391","One Piece Card Game","Extra Booster: One Piece Heroines Edition","Sugar","","EB03-005","R","Moderately Played Foil","","","","","","0","",""
"9103392","One Piece Card Game","Extra Booster: One Piece Heroines Edition","Sugar","","EB03-005","R","Heavily Played Foil","","","","","","0","",""
"9103393","One Piece Card Game","Extra Booster: One Piece Heroines Edition","Sugar","","EB03-005","R","Damaged Foil","","","99.0000","99.0000","","0","",""
"9103464","One Piece Card Game","Extra Booster: One Piece Heroines Edition","Tashigi","","EB03-018","SR","Near Mint Foil","0.50","","1.6800","0.1900","","0","",""
"9103465","One Piece Card Game","Extra Booster: One Piece Heroines Edition","Tashigi","","EB03-018","SR","Lightly Played Foil","0.56","","1.9100","0.4100","","0","",""
"9103466","One Piece Card Game","Extra Booster: One Piece Heroines Edition","Tashigi","","EB03-018","SR","Moderately Played Foil","","","","","","0","",""
"9103467","One Piece Card Game","Extra Booster: One Piece Heroines Edition","Tashigi","","EB03-018","SR","Heavily Played Foil","","","","","","0","",""
"9103468","One Piece Card Game","Extra Booster: One Piece Heroines Edition","Tashigi","","EB03-018","SR","Damaged Foil","","","","","","0","",""
"9103469","One Piece Card Game","Extra Booster: One Piece Heroines Edition","Tashigi (Alternate Art)","","EB03-018","SR","Near Mint Foil","7.06","","7.0000","7.0000","","0","",""
"9103470","One Piece Card Game","Extra Booster: One Piece Heroines Edition","Tashigi (Alternate Art)","","EB03-018","SR","Lightly Played Foil","6.98","","9.4600","9.4600","","0","",""
"9103471","One Piece Card Game","Extra Booster: One Piece Heroines Edition","Tashigi (Alternate Art)","","EB03-018","SR","Moderately Played Foil","","","","","","0","",""
"9103472","One Piece Card Game","Extra Booster: One Piece Heroines Edition","Tashigi (Alternate Art)","","EB03-018","SR","Heavily Played Foil","","","","","","0","",""
"9103473","One Piece Card Game","Extra Booster: One Piece Heroines Edition","Tashigi (Alternate Art)","","EB03-018","SR","Damaged Foil","","","","","","0","",""
"9103769","One Piece Card Game","Extra Booster: One Piece Heroines Edition","Tashigi (SP)","","EB03-018","SR","Near Mint Foil","162.06","","165.3200","160.3300","0","0","127.9900",""
"9103770","One Piece Card Game","Extra Booster: One Piece Heroines Edition","Tashigi (SP)","","EB03-018","SR","Lightly Played Foil","124.14","","173.2000","173.2000","","0","",""
"9103771","One Piece Card Game","Extra Booster: One Piece Heroines Edition","Tashigi (SP)","","EB03-018","SR","Moderately Played Foil","","","","","","0","",""
"9103772","One Piece Card Game","Extra Booster: One Piece Heroines Edition","Tashigi (SP)","","EB03-018","SR","Heavily Played Foil","","","","","","0","",""
"9103773","One Piece Card Game","Extra Booster: One Piece Heroines Edition","Tashigi (SP)","","EB03-018","SR","Damaged Foil","","","","","","0","",""
"9103594","One Piece Card Game","Extra Booster: One Piece Heroines Edition","Thanks for the Treat.","","EB03-038","C","Near Mint","0.07","","1.5000","0.0100","","0","",""
"9103595","One Piece Card Game","Extra Booster: One Piece Heroines Edition","Thanks for the Treat.","","EB03-038","C","Lightly Played","0.06","","1.5200","0.0300","","0","",""
"9103596","One Piece Card Game","Extra Booster: One Piece Heroines Edition","Thanks for the Treat.","","EB03-038","C","Moderately Played","","","","","","0","",""
"9103597","One Piece Card Game","Extra Booster: One Piece Heroines Edition","Thanks for the Treat.","","EB03-038","C","Heavily Played","","","","","","0","",""
"9103598","One Piece Card Game","Extra Booster: One Piece Heroines Edition","Thanks for the Treat.","","EB03-038","C","Damaged","","","","","","0","",""
"9103479","One Piece Card Game","Extra Booster: One Piece Heroines Edition","There You Are, Sore Loser!","","EB03-020","C","Near Mint","0.09","","1.5000","0.0100","","0","",""
"9103480","One Piece Card Game","Extra Booster: One Piece Heroines Edition","There You Are, Sore Loser!","","EB03-020","C","Lightly Played","0.09","","1.5200","0.0300","","0","",""
"9103481","One Piece Card Game","Extra Booster: One Piece Heroines Edition","There You Are, Sore Loser!","","EB03-020","C","Moderately Played","","","","","","0","",""
"9103482","One Piece Card Game","Extra Booster: One Piece Heroines Edition","There You Are, Sore Loser!","","EB03-020","C","Heavily Played","","","","","","0","",""
"9103483","One Piece Card Game","Extra Booster: One Piece Heroines Edition","There You Are, Sore Loser!","","EB03-020","C","Damaged","","","99.0000","99.0000","","0","",""
"9103754","One Piece Card Game","Extra Booster: One Piece Heroines Edition","Trafalgar Law","","EB03-062","SEC","Near Mint Foil","6.76","","7.3100","6.0000","","0","",""
"9103755","One Piece Card Game","Extra Booster: One Piece Heroines Edition","Trafalgar Law","","EB03-062","SEC","Lightly Played Foil","10.27","","9.2800","9.2800","","0","",""
"9103756","One Piece Card Game","Extra Booster: One Piece Heroines Edition","Trafalgar Law","","EB03-062","SEC","Moderately Played Foil","15.74","","","","","0","",""
"9103757","One Piece Card Game","Extra Booster: One Piece Heroines Edition","Trafalgar Law","","EB03-062","SEC","Heavily Played Foil","","","","","","0","",""
"9103758","One Piece Card Game","Extra Booster: One Piece Heroines Edition","Trafalgar Law","","EB03-062","SEC","Damaged Foil","5.99","","","","","0","",""
"9103759","One Piece Card Game","Extra Booster: One Piece Heroines Edition","Trafalgar Law (Alternate Art)","","EB03-062","SEC","Near Mint Foil","18.60","","18.2500","17.0000","","0","",""
"9103760","One Piece Card Game","Extra Booster: One Piece Heroines Edition","Trafalgar Law (Alternate Art)","","EB03-062","SEC","Lightly Played Foil","25.65","","19.3000","19.3000","","0","",""
"9103761","One Piece Card Game","Extra Booster: One Piece Heroines Edition","Trafalgar Law (Alternate Art)","","EB03-062","SEC","Moderately Played Foil","","","","","","0","",""
"9103762","One Piece Card Game","Extra Booster: One Piece Heroines Edition","Trafalgar Law (Alternate Art)","","EB03-062","SEC","Heavily Played Foil","","","","","","0","",""
"9103763","One Piece Card Game","Extra Booster: One Piece Heroines Edition","Trafalgar Law (Alternate Art)","","EB03-062","SEC","Damaged Foil","","","","","","0","",""
"9103599","One Piece Card Game","Extra Booster: One Piece Heroines Edition","Ulti","","EB03-039","R","Near Mint Foil","0.13","","1.5000","0.0100","","0","",""
"9103600","One Piece Card Game","Extra Booster: One Piece Heroines Edition","Ulti","","EB03-039","R","Lightly Played Foil","0.15","","1.6400","0.1500","","0","",""
"9103601","One Piece Card Game","Extra Booster: One Piece Heroines Edition","Ulti","","EB03-039","R","Moderately Played Foil","0.11","","2.7400","0.2500","","0","",""
"9103602","One Piece Card Game","Extra Booster: One Piece Heroines Edition","Ulti","","EB03-039","R","Heavily Played Foil","","","","","","0","",""
"9103603","One Piece Card Game","Extra Booster: One Piece Heroines Edition","Ulti","","EB03-039","R","Damaged Foil","","","99.0000","99.0000","","0","",""
"9103374","One Piece Card Game","Extra Booster: One Piece Heroines Edition","Uta (003)","","EB03-003","SR","Near Mint Foil","0.40","","1.7400","0.2500","","0","",""
"9103375","One Piece Card Game","Extra Booster: One Piece Heroines Edition","Uta (003)","","EB03-003","SR","Lightly Played Foil","0.39","","1.8600","0.3700","","0","",""
"9103376","One Piece Card Game","Extra Booster: One Piece Heroines Edition","Uta (003)","","EB03-003","SR","Moderately Played Foil","0.25","","24.4300","24.4300","","0","",""
"9103377","One Piece Card Game","Extra Booster: One Piece Heroines Edition","Uta (003)","","EB03-003","SR","Heavily Played Foil","","","","","","0","",""
"9103378","One Piece Card Game","Extra Booster: One Piece Heroines Edition","Uta (003)","","EB03-003","SR","Damaged Foil","0.33","","","","","0","",""
"9103379","One Piece Card Game","Extra Booster: One Piece Heroines Edition","Uta (003) (Alternate Art)","","EB03-003","SR","Near Mint Foil","10.91","","8.9700","8.9700","","0","",""
"9103380","One Piece Card Game","Extra Booster: One Piece Heroines Edition","Uta (003) (Alternate Art)","","EB03-003","SR","Lightly Played Foil","10.93","","11.9200","10.9300","","0","",""
"9103381","One Piece Card Game","Extra Booster: One Piece Heroines Edition","Uta (003) (Alternate Art)","","EB03-003","SR","Moderately Played Foil","","","","","","0","",""
"9103382","One Piece Card Game","Extra Booster: One Piece Heroines Edition","Uta (003) (Alternate Art)","","EB03-003","SR","Heavily Played Foil","","","","","","0","",""
"9103383","One Piece Card Game","Extra Booster: One Piece Heroines Edition","Uta (003) (Alternate Art)","","EB03-003","SR","Damaged Foil","","","","","","0","",""
"9103764","One Piece Card Game","Extra Booster: One Piece Heroines Edition","Uta (003) (SP)","","EB03-003","SR","Near Mint Foil","351.84","","320.9900","319.6800","","0","",""
"9103765","One Piece Card Game","Extra Booster: One Piece Heroines Edition","Uta (003) (SP)","","EB03-003","SR","Lightly Played Foil","283.28","","309.9800","309.9800","","0","",""
"9103766","One Piece Card Game","Extra Booster: One Piece Heroines Edition","Uta (003) (SP)","","EB03-003","SR","Moderately Played Foil","","","","","","0","",""
"9103767","One Piece Card Game","Extra Booster: One Piece Heroines Edition","Uta (003) (SP)","","EB03-003","SR","Heavily Played Foil","","","","","","0","",""
"9103768","One Piece Card Game","Extra Booster: One Piece Heroines Edition","Uta (003) (SP)","","EB03-003","SR","Damaged Foil","","","","","","0","",""
"9103739","One Piece Card Game","Extra Booster: One Piece Heroines Edition","Uta (061)","","EB03-061","SEC","Near Mint Foil","5.18","","5.0000","5.0000","0","0","3.8900",""
"9103740","One Piece Card Game","Extra Booster: One Piece Heroines Edition","Uta (061)","","EB03-061","SEC","Lightly Played Foil","7.56","","5.0900","5.0900","","0","",""
"9103741","One Piece Card Game","Extra Booster: One Piece Heroines Edition","Uta (061)","","EB03-061","SEC","Moderately Played Foil","5.70","","8.6900","5.7000","","0","",""
"9103742","One Piece Card Game","Extra Booster: One Piece Heroines Edition","Uta (061)","","EB03-061","SEC","Heavily Played Foil","","","","","","0","",""
"9103743","One Piece Card Game","Extra Booster: One Piece Heroines Edition","Uta (061)","","EB03-061","SEC","Damaged Foil","5.02","","","","","0","",""
"9103744","One Piece Card Game","Extra Booster: One Piece Heroines Edition","Uta (061) (Alternate Art)","","EB03-061","SEC","Near Mint Foil","13.35","","13.3500","13.3500","","0","",""
"9103745","One Piece Card Game","Extra Booster: One Piece Heroines Edition","Uta (061) (Alternate Art)","","EB03-061","SEC","Lightly Played Foil","18.10","","17.4800","17.4800","","0","",""
"9103746","One Piece Card Game","Extra Booster: One Piece Heroines Edition","Uta (061) (Alternate Art)","","EB03-061","SEC","Moderately Played Foil","","","","","","0","",""
"9103747","One Piece Card Game","Extra Booster: One Piece Heroines Edition","Uta (061) (Alternate Art)","","EB03-061","SEC","Heavily Played Foil","","","","","","0","",""
"9103748","One Piece Card Game","Extra Booster: One Piece Heroines Edition","Uta (061) (Alternate Art)","","EB03-061","SEC","Damaged Foil","","","","","","0","",""
"9103749","One Piece Card Game","Extra Booster: One Piece Heroines Edition","Uta (061) (Manga)","","EB03-061","SEC","Near Mint Foil","960.00","","890.9800","889.9900","","0","",""
"9103750","One Piece Card Game","Extra Booster: One Piece Heroines Edition","Uta (061) (Manga)","","EB03-061","SEC","Lightly Played Foil","807.50","","919.9900","919.9900","","0","",""
"9103751","One Piece Card Game","Extra Booster: One Piece Heroines Edition","Uta (061) (Manga)","","EB03-061","SEC","Moderately Played Foil","","","782.9300","781.9400","","0","",""
"9103752","One Piece Card Game","Extra Booster: One Piece Heroines Edition","Uta (061) (Manga)","","EB03-061","SEC","Heavily Played Foil","","","","","","0","",""
"9103753","One Piece Card Game","Extra Booster: One Piece Heroines Edition","Uta (061) (Manga)","","EB03-061","SEC","Damaged Foil","","","","","","0","",""
"9103549","One Piece Card Game","Extra Booster: One Piece Heroines Edition","Vinsmoke Reiju","","EB03-031","SR","Near Mint Foil","0.67","","1.8800","0.3900","","0","",""
"9103550","One Piece Card Game","Extra Booster: One Piece Heroines Edition","Vinsmoke Reiju","","EB03-031","SR","Lightly Played Foil","0.67","","2.0900","0.6000","","0","",""
"9103551","One Piece Card Game","Extra Booster: One Piece Heroines Edition","Vinsmoke Reiju","","EB03-031","SR","Moderately Played Foil","3.16","","2.4700","0.9800","","0","",""
"9103552","One Piece Card Game","Extra Booster: One Piece Heroines Edition","Vinsmoke Reiju","","EB03-031","SR","Heavily Played Foil","","","","","","0","",""
"9103553","One Piece Card Game","Extra Booster: One Piece Heroines Edition","Vinsmoke Reiju","","EB03-031","SR","Damaged Foil","1.67","","","","","0","",""
"9103554","One Piece Card Game","Extra Booster: One Piece Heroines Edition","Vinsmoke Reiju (Alternate Art)","","EB03-031","SR","Near Mint Foil","7.73","","8.4900","7.5000","","0","",""
"9103555","One Piece Card Game","Extra Booster: One Piece Heroines Edition","Vinsmoke Reiju (Alternate Art)","","EB03-031","SR","Lightly Played Foil","9.17","","10.6700","9.2700","","0","",""
"9103556","One Piece Card Game","Extra Booster: One Piece Heroines Edition","Vinsmoke Reiju (Alternate Art)","","EB03-031","SR","Moderately Played Foil","14.52","","","","","0","",""
"9103557","One Piece Card Game","Extra Booster: One Piece Heroines Edition","Vinsmoke Reiju (Alternate Art)","","EB03-031","SR","Heavily Played Foil","","","","","","0","",""
"9103558","One Piece Card Game","Extra Booster: One Piece Heroines Edition","Vinsmoke Reiju (Alternate Art)","","EB03-031","SR","Damaged Foil","","","","","","0","",""
"9103784","One Piece Card Game","Extra Booster: One Piece Heroines Edition","Vinsmoke Reiju (SP)","","EB03-031","SR","Near Mint Foil","240.87","","221.2200","220.2300","","0","",""
"9103785","One Piece Card Game","Extra Booster: One Piece Heroines Edition","Vinsmoke Reiju (SP)","","EB03-031","SR","Lightly Played Foil","209.35","","","","","0","",""
"9103786","One Piece Card Game","Extra Booster: One Piece Heroines Edition","Vinsmoke Reiju (SP)","","EB03-031","SR","Moderately Played Foil","","","","","","0","",""
"9103787","One Piece Card Game","Extra Booster: One Piece Heroines Edition","Vinsmoke Reiju (SP)","","EB03-031","SR","Heavily Played Foil","","","","","","0","",""
"9103788","One Piece Card Game","Extra Booster: One Piece Heroines Edition","Vinsmoke Reiju (SP)","","EB03-031","SR","Damaged Foil","","","","","","0","",""
"9103544","One Piece Card Game","Extra Booster: One Piece Heroines Edition","Viola","","EB03-030","C","Near Mint","0.08","","1.5000","0.0100","","0","",""
"9103545","One Piece Card Game","Extra Booster: One Piece Heroines Edition","Viola","","EB03-030","C","Lightly Played","0.06","","1.5000","0.0100","","0","",""
"9103546","One Piece Card Game","Extra Booster: One Piece Heroines Edition","Viola","","EB03-030","C","Moderately Played","","","3.4900","2.0000","","0","",""
"9103547","One Piece Card Game","Extra Booster: One Piece Heroines Edition","Viola","","EB03-030","C","Heavily Played","","","","","","0","",""
"9103548","One Piece Card Game","Extra Booster: One Piece Heroines Edition","Viola","","EB03-030","C","Damaged","","","","","","0","",""
"9103474","One Piece Card Game","Extra Booster: One Piece Heroines Edition","Wanda","","EB03-019","C","Near Mint","0.07","","1.5000","0.0100","","0","",""
"9103475","One Piece Card Game","Extra Booster: One Piece Heroines Edition","Wanda","","EB03-019","C","Lightly Played","0.12","","1.5100","0.0200","","0","",""
"9103476","One Piece Card Game","Extra Booster: One Piece Heroines Edition","Wanda","","EB03-019","C","Moderately Played","","","3.4900","2.0000","","0","",""
"9103477","One Piece Card Game","Extra Booster: One Piece Heroines Edition","Wanda","","EB03-019","C","Heavily Played","","","","","","0","",""
"9103478","One Piece Card Game","Extra Booster: One Piece Heroines Edition","Wanda","","EB03-019","C","Damaged","","","99.0000","99.0000","","0","",""
"9103734","One Piece Card Game","Extra Booster: One Piece Heroines Edition","Will You Be My Servant?","","EB03-060","C","Near Mint","0.09","","1.5000","0.0100","","0","",""
"9103735","One Piece Card Game","Extra Booster: One Piece Heroines Edition","Will You Be My Servant?","","EB03-060","C","Lightly Played","0.13","","1.5200","0.0300","","0","",""
"9103736","One Piece Card Game","Extra Booster: One Piece Heroines Edition","Will You Be My Servant?","","EB03-060","C","Moderately Played","","","","","","0","",""
"9103737","One Piece Card Game","Extra Booster: One Piece Heroines Edition","Will You Be My Servant?","","EB03-060","C","Heavily Played","","","","","","0","",""
"9103738","One Piece Card Game","Extra Booster: One Piece Heroines Edition","Will You Be My Servant?","","EB03-060","C","Damaged","","","","","","0","",""
"9103714","One Piece Card Game","Extra Booster: One Piece Heroines Edition","Yamato","","EB03-057","R","Near Mint Foil","0.35","","1.5900","0.0900","","0","",""
"9103715","One Piece Card Game","Extra Booster: One Piece Heroines Edition","Yamato","","EB03-057","R","Lightly Played Foil","0.44","","1.8000","0.3000","","0","",""
"9103716","One Piece Card Game","Extra Booster: One Piece Heroines Edition","Yamato","","EB03-057","R","Moderately Played Foil","","","12.3000","0.3100","","0","",""
"9103717","One Piece Card Game","Extra Booster: One Piece Heroines Edition","Yamato","","EB03-057","R","Heavily Played Foil","","","","","","0","",""
"9103718","One Piece Card Game","Extra Booster: One Piece Heroines Edition","Yamato","","EB03-057","R","Damaged Foil","0.35","","99.0000","99.0000","","0","",""
"9103719","One Piece Card Game","Extra Booster: One Piece Heroines Edition","Yamato (Alternate Art)","","EB03-057","R","Near Mint Foil","14.21","","13.7600","12.4500","","0","",""
"9103720","One Piece Card Game","Extra Booster: One Piece Heroines Edition","Yamato (Alternate Art)","","EB03-057","R","Lightly Played Foil","13.21","","12.9900","12.0000","","0","",""
"9103721","One Piece Card Game","Extra Booster: One Piece Heroines Edition","Yamato (Alternate Art)","","EB03-057","R","Moderately Played Foil","","","","","","0","",""
"9103722","One Piece Card Game","Extra Booster: One Piece Heroines Edition","Yamato (Alternate Art)","","EB03-057","R","Heavily Played Foil","","","","","","0","",""
"9103723","One Piece Card Game","Extra Booster: One Piece Heroines Edition","Yamato (Alternate Art)","","EB03-057","R","Damaged Foil","","","","","","0","",""
"9103534","One Piece Card Game","Extra Booster: One Piece Heroines Edition","Yu","","EB03-028","C","Near Mint","0.07","","1.5000","0.0100","","0","",""
"9103535","One Piece Card Game","Extra Booster: One Piece Heroines Edition","Yu","","EB03-028","C","Lightly Played","0.04","","1.5200","0.0300","","0","",""
"9103536","One Piece Card Game","Extra Booster: One Piece Heroines Edition","Yu","","EB03-028","C","Moderately Played","","","3.4900","2.0000","","0","",""
"9103537","One Piece Card Game","Extra Booster: One Piece Heroines Edition","Yu","","EB03-028","C","Heavily Played","","","1.7700","0.2800","","0","",""
"9103538","One Piece Card Game","Extra Booster: One Piece Heroines Edition","Yu","","EB03-028","C","Damaged","","","","","","0","",""
"8948049","One Piece Card Game","Premium Booster -The Best- Vol. 2","Adio","","P-078","PR","Near Mint","0.45","","1.6800","0.1900","","0","",""
"8948050","One Piece Card Game","Premium Booster -The Best- Vol. 2","Adio","","P-078","PR","Lightly Played","0.83","","1.8900","0.4000","","0","",""
"8948051","One Piece Card Game","Premium Booster -The Best- Vol. 2","Adio","","P-078","PR","Moderately Played","","","","","","0","",""
"8948052","One Piece Card Game","Premium Booster -The Best- Vol. 2","Adio","","P-078","PR","Heavily Played","","","","","","0","",""
"8948053","One Piece Card Game","Premium Booster -The Best- Vol. 2","Adio","","P-078","PR","Damaged","","","","","","0","",""
"8948039","One Piece Card Game","Premium Booster -The Best- Vol. 2","Adio (Pirate Foil)","","P-078","PR","Near Mint Foil","0.38","","1.6800","0.1900","","0","",""
"8948040","One Piece Card Game","Premium Booster -The Best- Vol. 2","Adio (Pirate Foil)","","P-078","PR","Lightly Played Foil","0.44","","1.7500","0.2500","","0","",""
"8948041","One Piece Card Game","Premium Booster -The Best- Vol. 2","Adio (Pirate Foil)","","P-078","PR","Moderately Played Foil","","","","","","0","",""
"8948042","One Piece Card Game","Premium Booster -The Best- Vol. 2","Adio (Pirate Foil)","","P-078","PR","Heavily Played Foil","","","","","","0","",""
"8948043","One Piece Card Game","Premium Booster -The Best- Vol. 2","Adio (Pirate Foil)","","P-078","PR","Damaged Foil","","","","","","0","",""
"8947557","One Piece Card Game","Premium Booster -The Best- Vol. 2","Ama no Murakumo Sword (Pirate Foil)","","OP06-056","UC","Near Mint Foil","0.17","","1.5300","0.0400","","0","",""
"8947558","One Piece Card Game","Premium Booster -The Best- Vol. 2","Ama no Murakumo Sword (Pirate Foil)","","OP06-056","UC","Lightly Played Foil","0.40","","1.6400","0.1500","","0","",""
"8947559","One Piece Card Game","Premium Booster -The Best- Vol. 2","Ama no Murakumo Sword (Pirate Foil)","","OP06-056","UC","Moderately Played Foil","","","","","","0","",""
"8947560","One Piece Card Game","Premium Booster -The Best- Vol. 2","Ama no Murakumo Sword (Pirate Foil)","","OP06-056","UC","Heavily Played Foil","","","","","","0","",""
"8947561","One Piece Card Game","Premium Booster -The Best- Vol. 2","Ama no Murakumo Sword (Pirate Foil)","","OP06-056","UC","Damaged Foil","","","","","","0","",""
"8947552","One Piece Card Game","Premium Booster -The Best- Vol. 2","Ama no Murakumo Sword (Reprint)","","OP06-056","UC","Near Mint","0.06","","1.5000","0.0100","","0","",""
"8947553","One Piece Card Game","Premium Booster -The Best- Vol. 2","Ama no Murakumo Sword (Reprint)","","OP06-056","UC","Lightly Played","0.13","","1.5300","0.0400","","0","",""
"8947554","One Piece Card Game","Premium Booster -The Best- Vol. 2","Ama no Murakumo Sword (Reprint)","","OP06-056","UC","Moderately Played","","","6.2300","0.2400","","0","",""
"8947555","One Piece Card Game","Premium Booster -The Best- Vol. 2","Ama no Murakumo Sword (Reprint)","","OP06-056","UC","Heavily Played","","","","","","0","",""
"8947556","One Piece Card Game","Premium Booster -The Best- Vol. 2","Ama no Murakumo Sword (Reprint)","","OP06-056","UC","Damaged","","","","","","0","",""
"8947037","One Piece Card Game","Premium Booster -The Best- Vol. 2","Bad Manners Kick Course (Alternate Art)","","OP04-016","R","Near Mint Foil","39.02","","46.3100","44.8200","","0","",""
"8947038","One Piece Card Game","Premium Booster -The Best- Vol. 2","Bad Manners Kick Course (Alternate Art)","","OP04-016","R","Lightly Played Foil","21.08","","","","","0","",""
"8947039","One Piece Card Game","Premium Booster -The Best- Vol. 2","Bad Manners Kick Course (Alternate Art)","","OP04-016","R","Moderately Played Foil","21.12","","","","","0","",""
"8947040","One Piece Card Game","Premium Booster -The Best- Vol. 2","Bad Manners Kick Course (Alternate Art)","","OP04-016","R","Heavily Played Foil","4.00","","","","","0","",""
"8947041","One Piece Card Game","Premium Booster -The Best- Vol. 2","Bad Manners Kick Course (Alternate Art)","","OP04-016","R","Damaged Foil","","","","","","0","",""
"8947032","One Piece Card Game","Premium Booster -The Best- Vol. 2","Bad Manners Kick Course (Reprint)","","OP04-016","R","Near Mint Foil","0.35","","1.5900","0.1000","","0","",""
"8947033","One Piece Card Game","Premium Booster -The Best- Vol. 2","Bad Manners Kick Course (Reprint)","","OP04-016","R","Lightly Played Foil","0.31","","1.7400","0.2500","","0","",""
"8947034","One Piece Card Game","Premium Booster -The Best- Vol. 2","Bad Manners Kick Course (Reprint)","","OP04-016","R","Moderately Played Foil","0.20","","2.6400","1.1500","","0","",""
"8947035","One Piece Card Game","Premium Booster -The Best- Vol. 2","Bad Manners Kick Course (Reprint)","","OP04-016","R","Heavily Played Foil","","","","","","0","",""
"8947036","One Piece Card Game","Premium Booster -The Best- Vol. 2","Bad Manners Kick Course (Reprint)","","OP04-016","R","Damaged Foil","","","","","","0","",""
"8947894","One Piece Card Game","Premium Booster -The Best- Vol. 2","Bartolomeo (Pirate Foil)","","OP07-031","UC","Near Mint Foil","0.21","","1.5400","0.0500","","0","",""
"8947895","One Piece Card Game","Premium Booster -The Best- Vol. 2","Bartolomeo (Pirate Foil)","","OP07-031","UC","Lightly Played Foil","0.26","","1.6700","0.1800","","0","",""
"8947896","One Piece Card Game","Premium Booster -The Best- Vol. 2","Bartolomeo (Pirate Foil)","","OP07-031","UC","Moderately Played Foil","","","2.1400","0.1500","","0","",""
"8947897","One Piece Card Game","Premium Booster -The Best- Vol. 2","Bartolomeo (Pirate Foil)","","OP07-031","UC","Heavily Played Foil","","","","","","0","",""
"8947898","One Piece Card Game","Premium Booster -The Best- Vol. 2","Bartolomeo (Pirate Foil)","","OP07-031","UC","Damaged Foil","","","","","","0","",""
"8947879","One Piece Card Game","Premium Booster -The Best- Vol. 2","Bartolomeo (Reprint)","","OP07-031","UC","Near Mint","0.06","","1.5000","0.0100","","0","",""
"8947880","One Piece Card Game","Premium Booster -The Best- Vol. 2","Bartolomeo (Reprint)","","OP07-031","UC","Lightly Played","0.05","","1.5300","0.0400","","0","",""
"8947881","One Piece Card Game","Premium Booster -The Best- Vol. 2","Bartolomeo (Reprint)","","OP07-031","UC","Moderately Played","","","","","","0","",""
"8947882","One Piece Card Game","Premium Booster -The Best- Vol. 2","Bartolomeo (Reprint)","","OP07-031","UC","Heavily Played","","","","","","0","",""
"8947883","One Piece Card Game","Premium Booster -The Best- Vol. 2","Bartolomeo (Reprint)","","OP07-031","UC","Damaged","","","","","","0","",""
"8947859","One Piece Card Game","Premium Booster -The Best- Vol. 2","Basil Hawkins - OP07-029 (Reprint)","","OP07-029","SR","Near Mint Foil","0.30","","1.5900","0.1000","","0","",""
"8947860","One Piece Card Game","Premium Booster -The Best- Vol. 2","Basil Hawkins - OP07-029 (Reprint)","","OP07-029","SR","Lightly Played Foil","0.27","","1.6900","0.2000","","0","",""
"8947861","One Piece Card Game","Premium Booster -The Best- Vol. 2","Basil Hawkins - OP07-029 (Reprint)","","OP07-029","SR","Moderately Played Foil","","","2.0600","0.5700","","0","",""
"8947862","One Piece Card Game","Premium Booster -The Best- Vol. 2","Basil Hawkins - OP07-029 (Reprint)","","OP07-029","SR","Heavily Played Foil","","","6.1100","0.1200","","0","",""
"8947863","One Piece Card Game","Premium Booster -The Best- Vol. 2","Basil Hawkins - OP07-029 (Reprint)","","OP07-029","SR","Damaged Foil","","","","","","0","",""
"8935259","One Piece Card Game","Premium Booster -The Best- Vol. 2","Basil Hawkins - OP10-109 (Alternate Art)","","OP10-109","R","Near Mint Foil","18.07","","15.7100","14.4400","","0","",""
"8935260","One Piece Card Game","Premium Booster -The Best- Vol. 2","Basil Hawkins - OP10-109 (Alternate Art)","","OP10-109","R","Lightly Played Foil","17.89","","19.4500","19.4500","","0","",""
"8935261","One Piece Card Game","Premium Booster -The Best- Vol. 2","Basil Hawkins - OP10-109 (Alternate Art)","","OP10-109","R","Moderately Played Foil","20.99","","19.3500","19.3500","","0","",""
"8935262","One Piece Card Game","Premium Booster -The Best- Vol. 2","Basil Hawkins - OP10-109 (Alternate Art)","","OP10-109","R","Heavily Played Foil","","","","","","0","",""
"8935263","One Piece Card Game","Premium Booster -The Best- Vol. 2","Basil Hawkins - OP10-109 (Alternate Art)","","OP10-109","R","Damaged Foil","","","18.4900","18.4900","","0","",""
"8966966","One Piece Card Game","Premium Booster -The Best- Vol. 2","Basil Hawkins - OP10-109 (Reprint)","","OP10-109","R","Near Mint","0.23","","1.5900","0.1000","","0","",""
"8966967","One Piece Card Game","Premium Booster -The Best- Vol. 2","Basil Hawkins - OP10-109 (Reprint)","","OP10-109","R","Lightly Played","0.25","","1.7400","0.2500","","0","",""
"8966968","One Piece Card Game","Premium Booster -The Best- Vol. 2","Basil Hawkins - OP10-109 (Reprint)","","OP10-109","R","Moderately Played","","","2.9900","1.5000","","0","",""
"8966969","One Piece Card Game","Premium Booster -The Best- Vol. 2","Basil Hawkins - OP10-109 (Reprint)","","OP10-109","R","Heavily Played","","","","","","0","",""
"8966970","One Piece Card Game","Premium Booster -The Best- Vol. 2","Basil Hawkins - OP10-109 (Reprint)","","OP10-109","R","Damaged","","","","","","0","",""
"8947587","One Piece Card Game","Premium Booster -The Best- Vol. 2","Basil Hawkins - OP10-109 (Reprint)","","OP10-109","R","Near Mint Foil","0.29","","1.6600","0.1700","","0","",""
"8947588","One Piece Card Game","Premium Booster -The Best- Vol. 2","Basil Hawkins - OP10-109 (Reprint)","","OP10-109","R","Lightly Played Foil","0.35","","1.7400","0.2500","","0","",""
"8947589","One Piece Card Game","Premium Booster -The Best- Vol. 2","Basil Hawkins - OP10-109 (Reprint)","","OP10-109","R","Moderately Played Foil","0.49","","1.9800","0.4900","","0","",""
"8947590","One Piece Card Game","Premium Booster -The Best- Vol. 2","Basil Hawkins - OP10-109 (Reprint)","","OP10-109","R","Heavily Played Foil","","","","","","0","",""
"8947591","One Piece Card Game","Premium Booster -The Best- Vol. 2","Basil Hawkins - OP10-109 (Reprint)","","OP10-109","R","Damaged Foil","","","","","","0","",""
"8947262","One Piece Card Game","Premium Booster -The Best- Vol. 2","Because the Side of Justice Will Be Whichever Side Wins!! (Reprint)","","OP05-037","R","Near Mint Foil","0.26","","1.5900","0.1000","","0","",""
"8947263","One Piece Card Game","Premium Booster -The Best- Vol. 2","Because the Side of Justice Will Be Whichever Side Wins!! (Reprint)","","OP05-037","R","Lightly Played Foil","0.27","","1.6900","0.2000","","0","",""
"8947264","One Piece Card Game","Premium Booster -The Best- Vol. 2","Because the Side of Justice Will Be Whichever Side Wins!! (Reprint)","","OP05-037","R","Moderately Played Foil","","","1.7900","0.3000","","0","",""
"8947265","One Piece Card Game","Premium Booster -The Best- Vol. 2","Because the Side of Justice Will Be Whichever Side Wins!! (Reprint)","","OP05-037","R","Heavily Played Foil","","","","","","0","",""
"8947266","One Piece Card Game","Premium Booster -The Best- Vol. 2","Because the Side of Justice Will Be Whichever Side Wins!! (Reprint)","","OP05-037","R","Damaged Foil","","","","","","0","",""
"8947072","One Piece Card Game","Premium Booster -The Best- Vol. 2","Benn.Beckman (Reprint)","","OP09-009","SR","Near Mint Foil","0.86","","1.6800","0.1900","","0","",""
"8947073","One Piece Card Game","Premium Booster -The Best- Vol. 2","Benn.Beckman (Reprint)","","OP09-009","SR","Lightly Played Foil","1.32","","2.4800","0.9900","","0","",""
"8947074","One Piece Card Game","Premium Booster -The Best- Vol. 2","Benn.Beckman (Reprint)","","OP09-009","SR","Moderately Played Foil","0.87","","","","","0","",""
"8947075","One Piece Card Game","Premium Booster -The Best- Vol. 2","Benn.Beckman (Reprint)","","OP09-009","SR","Heavily Played Foil","","","","","","0","",""
"8947076","One Piece Card Game","Premium Booster -The Best- Vol. 2","Benn.Beckman (Reprint)","","OP09-009","SR","Damaged Foil","","","","","","0","",""
"8947387","One Piece Card Game","Premium Booster -The Best- Vol. 2","Black Hole (Pirate Foil)","","OP09-098","UC","Near Mint Foil","0.69","","1.6700","0.1800","","0","",""
"8947388","One Piece Card Game","Premium Booster -The Best- Vol. 2","Black Hole (Pirate Foil)","","OP09-098","UC","Lightly Played Foil","0.67","","2.1500","0.6600","","0","",""
"8947389","One Piece Card Game","Premium Booster -The Best- Vol. 2","Black Hole (Pirate Foil)","","OP09-098","UC","Moderately Played Foil","","","","","","0","",""
"8947390","One Piece Card Game","Premium Booster -The Best- Vol. 2","Black Hole (Pirate Foil)","","OP09-098","UC","Heavily Played Foil","","","","","","0","",""
"8947391","One Piece Card Game","Premium Booster -The Best- Vol. 2","Black Hole (Pirate Foil)","","OP09-098","UC","Damaged Foil","","","","","","0","",""
"8947397","One Piece Card Game","Premium Booster -The Best- Vol. 2","Black Hole (Reprint)","","OP09-098","UC","Near Mint","0.10","","1.5400","0.0500","","0","",""
"8947398","One Piece Card Game","Premium Booster -The Best- Vol. 2","Black Hole (Reprint)","","OP09-098","UC","Lightly Played","0.17","","1.6500","0.1600","","0","",""
"8947399","One Piece Card Game","Premium Booster -The Best- Vol. 2","Black Hole (Reprint)","","OP09-098","UC","Moderately Played","","","","","","0","",""
"8947400","One Piece Card Game","Premium Booster -The Best- Vol. 2","Black Hole (Reprint)","","OP09-098","UC","Heavily Played","","","","","","0","",""
"8947401","One Piece Card Game","Premium Booster -The Best- Vol. 2","Black Hole (Reprint)","","OP09-098","UC","Damaged","","","","","","0","",""
"8948125","One Piece Card Game","Premium Booster -The Best- Vol. 2","Black Maria (Reprint)","","OP08-074","SR","Near Mint Foil","0.58","","1.8300","0.3300","","0","",""
"8948126","One Piece Card Game","Premium Booster -The Best- Vol. 2","Black Maria (Reprint)","","OP08-074","SR","Lightly Played Foil","0.42","","1.8500","0.3500","","0","",""
"8948127","One Piece Card Game","Premium Booster -The Best- Vol. 2","Black Maria (Reprint)","","OP08-074","SR","Moderately Played Foil","0.42","","2.2100","0.2200","","0","",""
"8948128","One Piece Card Game","Premium Booster -The Best- Vol. 2","Black Maria (Reprint)","","OP08-074","SR","Heavily Played Foil","","","","","","0","",""
"8948129","One Piece Card Game","Premium Booster -The Best- Vol. 2","Black Maria (Reprint)","","OP08-074","SR","Damaged Foil","","","","","","0","",""
"8947377","One Piece Card Game","Premium Booster -The Best- Vol. 2","Black Vortex (Pirate Foil)","","OP09-097","C","Near Mint Foil","0.41","","1.7300","0.2400","","0","",""
"8947378","One Piece Card Game","Premium Booster -The Best- Vol. 2","Black Vortex (Pirate Foil)","","OP09-097","C","Lightly Played Foil","0.42","","1.8900","0.4000","","0","",""
"8947379","One Piece Card Game","Premium Booster -The Best- Vol. 2","Black Vortex (Pirate Foil)","","OP09-097","C","Moderately Played Foil","0.36","","","","","0","",""
"8947380","One Piece Card Game","Premium Booster -The Best- Vol. 2","Black Vortex (Pirate Foil)","","OP09-097","C","Heavily Played Foil","","","","","","0","",""
"8947381","One Piece Card Game","Premium Booster -The Best- Vol. 2","Black Vortex (Pirate Foil)","","OP09-097","C","Damaged Foil","","","99.0000","99.0000","","0","",""
"8947382","One Piece Card Game","Premium Booster -The Best- Vol. 2","Black Vortex (Reprint)","","OP09-097","C","Near Mint","0.16","","1.5000","0.0100","","0","",""
"8947383","One Piece Card Game","Premium Booster -The Best- Vol. 2","Black Vortex (Reprint)","","OP09-097","C","Lightly Played","0.18","","1.6600","0.1700","","0","",""
"8947384","One Piece Card Game","Premium Booster -The Best- Vol. 2","Black Vortex (Reprint)","","OP09-097","C","Moderately Played","","","2.1400","0.1500","","0","",""
"8947385","One Piece Card Game","Premium Booster -The Best- Vol. 2","Black Vortex (Reprint)","","OP09-097","C","Heavily Played","","","","","","0","",""
"8947386","One Piece Card Game","Premium Booster -The Best- Vol. 2","Black Vortex (Reprint)","","OP09-097","C","Damaged","","","99.0000","99.0000","","0","",""
"8933412","One Piece Card Game","Premium Booster -The Best- Vol. 2","Boa Hancock","","PRB02-017","SR","Near Mint Foil","2.93","","3.5900","2.0000","","0","",""
"8933413","One Piece Card Game","Premium Booster -The Best- Vol. 2","Boa Hancock","","PRB02-017","SR","Lightly Played Foil","2.87","","4.3500","2.8600","","0","",""
"8933414","One Piece Card Game","Premium Booster -The Best- Vol. 2","Boa Hancock","","PRB02-017","SR","Moderately Played Foil","3.29","","6.2800","3.2900","","0","",""
"8933415","One Piece Card Game","Premium Booster -The Best- Vol. 2","Boa Hancock","","PRB02-017","SR","Heavily Played Foil","","","","","","0","",""
"8933416","One Piece Card Game","Premium Booster -The Best- Vol. 2","Boa Hancock","","PRB02-017","SR","Damaged Foil","","","","","","0","",""
"8933417","One Piece Card Game","Premium Booster -The Best- Vol. 2","Boa Hancock (Alternate Art)","","PRB02-017","SR","Near Mint Foil","76.19","","77.9700","76.9800","","0","",""
"8933418","One Piece Card Game","Premium Booster -The Best- Vol. 2","Boa Hancock (Alternate Art)","","PRB02-017","SR","Lightly Played Foil","69.08","","","","","0","",""
"8933419","One Piece Card Game","Premium Booster -The Best- Vol. 2","Boa Hancock (Alternate Art)","","PRB02-017","SR","Moderately Played Foil","65.00","","","","","0","",""
"8933420","One Piece Card Game","Premium Booster -The Best- Vol. 2","Boa Hancock (Alternate Art)","","PRB02-017","SR","Heavily Played Foil","","","","","","0","",""
"8933421","One Piece Card Game","Premium Booster -The Best- Vol. 2","Boa Hancock (Alternate Art)","","PRB02-017","SR","Damaged Foil","","","","","","0","",""
"8946867","One Piece Card Game","Premium Booster -The Best- Vol. 2","Brook - EB01-046 (Reprint)","","EB01-046","SR","Near Mint Foil","0.63","","1.8500","0.3500","","0","",""
"8946868","One Piece Card Game","Premium Booster -The Best- Vol. 2","Brook - EB01-046 (Reprint)","","EB01-046","SR","Lightly Played Foil","0.66","","1.9800","0.4900","","0","",""
"8946869","One Piece Card Game","Premium Booster -The Best- Vol. 2","Brook - EB01-046 (Reprint)","","EB01-046","SR","Moderately Played Foil","","","2.0400","0.5500","","0","",""
"8946870","One Piece Card Game","Premium Booster -The Best- Vol. 2","Brook - EB01-046 (Reprint)","","EB01-046","SR","Heavily Played Foil","","","","","","0","",""
"8946871","One Piece Card Game","Premium Booster -The Best- Vol. 2","Brook - EB01-046 (Reprint)","","EB01-046","SR","Damaged Foil","","","","","","0","",""
"8947954","One Piece Card Game","Premium Booster -The Best- Vol. 2","Brook - ST01-011 (Pirate Foil)","","ST01-011","C","Near Mint Foil","0.67","","2.2800","0.7900","","0","",""
"8947955","One Piece Card Game","Premium Booster -The Best- Vol. 2","Brook - ST01-011 (Pirate Foil)","","ST01-011","C","Lightly Played Foil","0.47","","1.9800","0.4900","","0","",""
"8947956","One Piece Card Game","Premium Booster -The Best- Vol. 2","Brook - ST01-011 (Pirate Foil)","","ST01-011","C","Moderately Played Foil","0.29","","","","","0","",""
"8947957","One Piece Card Game","Premium Booster -The Best- Vol. 2","Brook - ST01-011 (Pirate Foil)","","ST01-011","C","Heavily Played Foil","","","","","","0","",""
"8947958","One Piece Card Game","Premium Booster -The Best- Vol. 2","Brook - ST01-011 (Pirate Foil)","","ST01-011","C","Damaged Foil","","","","","","0","",""
"8947934","One Piece Card Game","Premium Booster -The Best- Vol. 2","Brook - ST01-011 (Reprint)","","ST01-011","C","Near Mint","0.31","","1.6200","0.1300","","0","",""
"8947935","One Piece Card Game","Premium Booster -The Best- Vol. 2","Brook - ST01-011 (Reprint)","","ST01-011","C","Lightly Played","0.22","","1.6900","0.2000","","0","",""
"8947936","One Piece Card Game","Premium Booster -The Best- Vol. 2","Brook - ST01-011 (Reprint)","","ST01-011","C","Moderately Played","0.15","","2.1400","0.1500","","0","",""
"8947937","One Piece Card Game","Premium Booster -The Best- Vol. 2","Brook - ST01-011 (Reprint)","","ST01-011","C","Heavily Played","","","","","","0","",""
"8947938","One Piece Card Game","Premium Booster -The Best- Vol. 2","Brook - ST01-011 (Reprint)","","ST01-011","C","Damaged","","","","","","0","",""
"8947467","One Piece Card Game","Premium Booster -The Best- Vol. 2","Brook - ST14-010 (Pirate Foil)","","ST14-010","C","Near Mint Foil","0.25","","1.5900","0.1000","","0","",""
"8947468","One Piece Card Game","Premium Booster -The Best- Vol. 2","Brook - ST14-010 (Pirate Foil)","","ST14-010","C","Lightly Played Foil","0.27","","1.6400","0.1500","","0","",""
"8947469","One Piece Card Game","Premium Booster -The Best- Vol. 2","Brook - ST14-010 (Pirate Foil)","","ST14-010","C","Moderately Played Foil","","","","","","0","",""
"8947470","One Piece Card Game","Premium Booster -The Best- Vol. 2","Brook - ST14-010 (Pirate Foil)","","ST14-010","C","Heavily Played Foil","","","1.8900","0.4000","","0","",""
"8947471","One Piece Card Game","Premium Booster -The Best- Vol. 2","Brook - ST14-010 (Pirate Foil)","","ST14-010","C","Damaged Foil","","","","","","0","",""
"8947457","One Piece Card Game","Premium Booster -The Best- Vol. 2","Brook - ST14-010 (Reprint)","","ST14-010","C","Near Mint","0.09","","1.5000","0.0100","","0","",""
"8947458","One Piece Card Game","Premium Booster -The Best- Vol. 2","Brook - ST14-010 (Reprint)","","ST14-010","C","Lightly Played","0.05","","1.5000","0.0100","","0","",""
"8947459","One Piece Card Game","Premium Booster -The Best- Vol. 2","Brook - ST14-010 (Reprint)","","ST14-010","C","Moderately Played","","","","","","0","",""
"8947460","One Piece Card Game","Premium Booster -The Best- Vol. 2","Brook - ST14-010 (Reprint)","","ST14-010","C","Heavily Played","","","","","","0","",""
"8947461","One Piece Card Game","Premium Booster -The Best- Vol. 2","Brook - ST14-010 (Reprint)","","ST14-010","C","Damaged","","","","","","0","",""
"8946977","One Piece Card Game","Premium Booster -The Best- Vol. 2","Buggy - OP03-008 (Pirate Foil)","","OP03-008","UC","Near Mint Foil","0.33","","1.5900","0.1000","","0","",""
"8946978","One Piece Card Game","Premium Booster -The Best- Vol. 2","Buggy - OP03-008 (Pirate Foil)","","OP03-008","UC","Lightly Played Foil","0.27","","1.7600","0.2700","","0","",""
"8946979","One Piece Card Game","Premium Booster -The Best- Vol. 2","Buggy - OP03-008 (Pirate Foil)","","OP03-008","UC","Moderately Played Foil","","","","","","0","",""
"8946980","One Piece Card Game","Premium Booster -The Best- Vol. 2","Buggy - OP03-008 (Pirate Foil)","","OP03-008","UC","Heavily Played Foil","","","","","","0","",""
"8946981","One Piece Card Game","Premium Booster -The Best- Vol. 2","Buggy - OP03-008 (Pirate Foil)","","OP03-008","UC","Damaged Foil","","","6.2300","0.2400","","0","",""
"8946972","One Piece Card Game","Premium Booster -The Best- Vol. 2","Buggy - OP03-008 (Reprint)","","OP03-008","UC","Near Mint","0.11","","1.5000","0.0100","","0","",""
"8946973","One Piece Card Game","Premium Booster -The Best- Vol. 2","Buggy - OP03-008 (Reprint)","","OP03-008","UC","Lightly Played","0.35","","1.5900","0.1000","","0","",""
"8946974","One Piece Card Game","Premium Booster -The Best- Vol. 2","Buggy - OP03-008 (Reprint)","","OP03-008","UC","Moderately Played","","","2.2400","0.2500","","0","",""
"8946975","One Piece Card Game","Premium Booster -The Best- Vol. 2","Buggy - OP03-008 (Reprint)","","OP03-008","UC","Heavily Played","","","","","","0","",""
"8946976","One Piece Card Game","Premium Booster -The Best- Vol. 2","Buggy - OP03-008 (Reprint)","","OP03-008","UC","Damaged","","","99.0000","99.0000","","0","",""
"8947142","One Piece Card Game","Premium Booster -The Best- Vol. 2","Buggy - ST17-003 (Pirate Foil)","","ST17-003","C","Near Mint Foil","0.30","","1.6400","0.1500","","0","",""
"8947143","One Piece Card Game","Premium Booster -The Best- Vol. 2","Buggy - ST17-003 (Pirate Foil)","","ST17-003","C","Lightly Played Foil","0.28","","1.7500","0.2500","","0","",""
"8947144","One Piece Card Game","Premium Booster -The Best- Vol. 2","Buggy - ST17-003 (Pirate Foil)","","ST17-003","C","Moderately Played Foil","","","","","","0","",""
"8947145","One Piece Card Game","Premium Booster -The Best- Vol. 2","Buggy - ST17-003 (Pirate Foil)","","ST17-003","C","Heavily Played Foil","","","","","","0","",""
"8947146","One Piece Card Game","Premium Booster -The Best- Vol. 2","Buggy - ST17-003 (Pirate Foil)","","ST17-003","C","Damaged Foil","","","","","","0","",""
"8947132","One Piece Card Game","Premium Booster -The Best- Vol. 2","Buggy - ST17-003 (Reprint)","","ST17-003","C","Near Mint","0.13","","1.5600","0.0700","","0","",""
"8947133","One Piece Card Game","Premium Booster -The Best- Vol. 2","Buggy - ST17-003 (Reprint)","","ST17-003","C","Lightly Played","0.15","","1.5900","0.1000","","0","",""
"8947134","One Piece Card Game","Premium Booster -The Best- Vol. 2","Buggy - ST17-003 (Reprint)","","ST17-003","C","Moderately Played","","","2.2400","0.2500","","0","",""
"8947135","One Piece Card Game","Premium Booster -The Best- Vol. 2","Buggy - ST17-003 (Reprint)","","ST17-003","C","Heavily Played","","","","","","0","",""
"8947136","One Piece Card Game","Premium Booster -The Best- Vol. 2","Buggy - ST17-003 (Reprint)","","ST17-003","C","Damaged","","","99.0000","99.0000","","0","",""
"8947909","One Piece Card Game","Premium Booster -The Best- Vol. 2","Carrot - P-070 (Pirate Foil)","","P-070","PR","Near Mint Foil","0.55","","1.8800","0.3900","","0","",""
"8947910","One Piece Card Game","Premium Booster -The Best- Vol. 2","Carrot - P-070 (Pirate Foil)","","P-070","PR","Lightly Played Foil","0.54","","1.9800","0.4900","","0","",""
"8947911","One Piece Card Game","Premium Booster -The Best- Vol. 2","Carrot - P-070 (Pirate Foil)","","P-070","PR","Moderately Played Foil","0.46","","","","","0","",""
"8947912","One Piece Card Game","Premium Booster -The Best- Vol. 2","Carrot - P-070 (Pirate Foil)","","P-070","PR","Heavily Played Foil","","","","","","0","",""
"8947913","One Piece Card Game","Premium Booster -The Best- Vol. 2","Carrot - P-070 (Pirate Foil)","","P-070","PR","Damaged Foil","","","","","","0","",""
"8947924","One Piece Card Game","Premium Booster -The Best- Vol. 2","Carrot - P-070 (Reprint)","","P-070","PR","Near Mint","0.38","","1.6300","0.1400","","0","",""
"8947925","One Piece Card Game","Premium Booster -The Best- Vol. 2","Carrot - P-070 (Reprint)","","P-070","PR","Lightly Played","0.38","","1.8400","0.3500","","0","",""
"8947926","One Piece Card Game","Premium Booster -The Best- Vol. 2","Carrot - P-070 (Reprint)","","P-070","PR","Moderately Played","","","","","","0","",""
"8947927","One Piece Card Game","Premium Booster -The Best- Vol. 2","Carrot - P-070 (Reprint)","","P-070","PR","Heavily Played","","","","","","0","",""
"8947928","One Piece Card Game","Premium Booster -The Best- Vol. 2","Carrot - P-070 (Reprint)","","P-070","PR","Damaged","","","","","","0","",""
"8948094","One Piece Card Game","Premium Booster -The Best- Vol. 2","Carrot (Reprint)","","OP08-023","SR","Near Mint Foil","1.15","","2.4400","0.9500","","0","",""
"8948095","One Piece Card Game","Premium Booster -The Best- Vol. 2","Carrot (Reprint)","","OP08-023","SR","Lightly Played Foil","1.28","","2.8000","1.3100","","0","",""
"8948096","One Piece Card Game","Premium Booster -The Best- Vol. 2","Carrot (Reprint)","","OP08-023","SR","Moderately Played Foil","0.93","","10.0000","10.0000","","0","",""
"8948097","One Piece Card Game","Premium Booster -The Best- Vol. 2","Carrot (Reprint)","","OP08-023","SR","Heavily Played Foil","","","","","","0","",""
"8948098","One Piece Card Game","Premium Booster -The Best- Vol. 2","Carrot (Reprint)","","OP08-023","SR","Damaged Foil","","","","","","0","",""
"8935483","One Piece Card Game","Premium Booster -The Best- Vol. 2","Carrot (SP)","","OP08-023","SR","Near Mint Foil","107.89","","100.2300","100.2300","","0","",""
"8935484","One Piece Card Game","Premium Booster -The Best- Vol. 2","Carrot (SP)","","OP08-023","SR","Lightly Played Foil","109.61","","114.0000","114.0000","","0","",""
"8935485","One Piece Card Game","Premium Booster -The Best- Vol. 2","Carrot (SP)","","OP08-023","SR","Moderately Played Foil","","","","","","0","",""
"8935486","One Piece Card Game","Premium Booster -The Best- Vol. 2","Carrot (SP)","","OP08-023","SR","Heavily Played Foil","","","","","","0","",""
"8935487","One Piece Card Game","Premium Booster -The Best- Vol. 2","Carrot (SP)","","OP08-023","SR","Damaged Foil","","","","","","0","",""
"8947357","One Piece Card Game","Premium Booster -The Best- Vol. 2","Catarina Devon (Pirate Foil)","","OP09-084","UC","Near Mint Foil","0.22","","1.5600","0.0700","","0","",""
"8947358","One Piece Card Game","Premium Booster -The Best- Vol. 2","Catarina Devon (Pirate Foil)","","OP09-084","UC","Lightly Played Foil","0.25","","1.6900","0.2000","","0","",""
"8947359","One Piece Card Game","Premium Booster -The Best- Vol. 2","Catarina Devon (Pirate Foil)","","OP09-084","UC","Moderately Played Foil","","","6.1900","0.2000","","0","",""
"8947360","One Piece Card Game","Premium Booster -The Best- Vol. 2","Catarina Devon (Pirate Foil)","","OP09-084","UC","Heavily Played Foil","","","","","","0","",""
"8947361","One Piece Card Game","Premium Booster -The Best- Vol. 2","Catarina Devon (Pirate Foil)","","OP09-084","UC","Damaged Foil","","","99.0000","99.0000","","0","",""
"8947362","One Piece Card Game","Premium Booster -The Best- Vol. 2","Catarina Devon (Reprint)","","OP09-084","UC","Near Mint","0.10","","1.5000","0.0100","","0","",""
"8947363","One Piece Card Game","Premium Booster -The Best- Vol. 2","Catarina Devon (Reprint)","","OP09-084","UC","Lightly Played","","","1.5400","0.0500","","0","",""
"8947364","One Piece Card Game","Premium Booster -The Best- Vol. 2","Catarina Devon (Reprint)","","OP09-084","UC","Moderately Played","","","2.1400","0.1500","","0","",""
"8947365","One Piece Card Game","Premium Booster -The Best- Vol. 2","Catarina Devon (Reprint)","","OP09-084","UC","Heavily Played","","","","","","0","",""
"8947366","One Piece Card Game","Premium Booster -The Best- Vol. 2","Catarina Devon (Reprint)","","OP09-084","UC","Damaged","","","","","","0","",""
"8946832","One Piece Card Game","Premium Booster -The Best- Vol. 2","Cavendish - EB01-012 (Reprint)","","EB01-012","SR","Near Mint Foil","1.07","","2.2900","0.8000","","0","",""
"8946833","One Piece Card Game","Premium Booster -The Best- Vol. 2","Cavendish - EB01-012 (Reprint)","","EB01-012","SR","Lightly Played Foil","1.49","","2.7900","1.3000","","0","",""
"8946834","One Piece Card Game","Premium Booster -The Best- Vol. 2","Cavendish - EB01-012 (Reprint)","","EB01-012","SR","Moderately Played Foil","1.85","","3.4900","1.5000","","0","",""
"8946835","One Piece Card Game","Premium Booster -The Best- Vol. 2","Cavendish - EB01-012 (Reprint)","","EB01-012","SR","Heavily Played Foil","","","","","","0","",""
"8946836","One Piece Card Game","Premium Booster -The Best- Vol. 2","Cavendish - EB01-012 (Reprint)","","EB01-012","SR","Damaged Foil","","","","","","0","",""
"8947532","One Piece Card Game","Premium Booster -The Best- Vol. 2","Cavendish - OP10-105 (Pirate Foil)","","OP10-105","C","Near Mint Foil","0.16","","1.5100","0.0200","","0","",""
"8947533","One Piece Card Game","Premium Booster -The Best- Vol. 2","Cavendish - OP10-105 (Pirate Foil)","","OP10-105","C","Lightly Played Foil","0.25","","1.6400","0.1500","","0","",""
"8947534","One Piece Card Game","Premium Booster -The Best- Vol. 2","Cavendish - OP10-105 (Pirate Foil)","","OP10-105","C","Moderately Played Foil","","","","","","0","",""
"8947535","One Piece Card Game","Premium Booster -The Best- Vol. 2","Cavendish - OP10-105 (Pirate Foil)","","OP10-105","C","Heavily Played Foil","","","","","","0","",""
"8947536","One Piece Card Game","Premium Booster -The Best- Vol. 2","Cavendish - OP10-105 (Pirate Foil)","","OP10-105","C","Damaged Foil","","","","","","0","",""
"8947542","One Piece Card Game","Premium Booster -The Best- Vol. 2","Cavendish - OP10-105 (Reprint)","","OP10-105","C","Near Mint","0.06","","1.5000","0.0100","","0","",""
"8947543","One Piece Card Game","Premium Booster -The Best- Vol. 2","Cavendish - OP10-105 (Reprint)","","OP10-105","C","Lightly Played","","","1.5300","0.0400","","0","",""
"8947544","One Piece Card Game","Premium Booster -The Best- Vol. 2","Cavendish - OP10-105 (Reprint)","","OP10-105","C","Moderately Played","","","2.0900","0.1000","","0","",""
"8947545","One Piece Card Game","Premium Booster -The Best- Vol. 2","Cavendish - OP10-105 (Reprint)","","OP10-105","C","Heavily Played","","","","","","0","",""
"8947546","One Piece Card Game","Premium Booster -The Best- Vol. 2","Cavendish - OP10-105 (Reprint)","","OP10-105","C","Damaged","","","","","","0","",""
"8946967","One Piece Card Game","Premium Booster -The Best- Vol. 2","Charlotte Brulee (Pirate Foil)","","ST20-003","C","Near Mint Foil","0.18","","1.5000","0.0100","","0","",""
"8946968","One Piece Card Game","Premium Booster -The Best- Vol. 2","Charlotte Brulee (Pirate Foil)","","ST20-003","C","Lightly Played Foil","0.22","","1.5900","0.1000","","0","",""
"8946969","One Piece Card Game","Premium Booster -The Best- Vol. 2","Charlotte Brulee (Pirate Foil)","","ST20-003","C","Moderately Played Foil","","","","","","0","",""
"8946970","One Piece Card Game","Premium Booster -The Best- Vol. 2","Charlotte Brulee (Pirate Foil)","","ST20-003","C","Heavily Played Foil","","","","","","0","",""
"8946971","One Piece Card Game","Premium Booster -The Best- Vol. 2","Charlotte Brulee (Pirate Foil)","","ST20-003","C","Damaged Foil","","","","","","0","",""
"8946962","One Piece Card Game","Premium Booster -The Best- Vol. 2","Charlotte Brulee (Reprint)","","ST20-003","C","Near Mint","0.07","","1.5000","0.0100","","0","",""
"8946963","One Piece Card Game","Premium Booster -The Best- Vol. 2","Charlotte Brulee (Reprint)","","ST20-003","C","Lightly Played","0.06","","1.5400","0.0500","","0","",""
"8946964","One Piece Card Game","Premium Booster -The Best- Vol. 2","Charlotte Brulee (Reprint)","","ST20-003","C","Moderately Played","","","1.6300","0.1400","","0","",""
"8946965","One Piece Card Game","Premium Booster -The Best- Vol. 2","Charlotte Brulee (Reprint)","","ST20-003","C","Heavily Played","","","","","","0","",""
"8946966","One Piece Card Game","Premium Booster -The Best- Vol. 2","Charlotte Brulee (Reprint)","","ST20-003","C","Damaged","","","99.0000","99.0000","","0","",""
"8947267","One Piece Card Game","Premium Booster -The Best- Vol. 2","Charlotte Katakuri (Pirate Foil)","","ST16-003","C","Near Mint Foil","0.13","","1.5100","0.0200","","0","",""
"8947268","One Piece Card Game","Premium Booster -The Best- Vol. 2","Charlotte Katakuri (Pirate Foil)","","ST16-003","C","Lightly Played Foil","0.27","","1.6400","0.1500","","0","",""
"8947269","One Piece Card Game","Premium Booster -The Best- Vol. 2","Charlotte Katakuri (Pirate Foil)","","ST16-003","C","Moderately Played Foil","","","","","","0","",""
"8947270","One Piece Card Game","Premium Booster -The Best- Vol. 2","Charlotte Katakuri (Pirate Foil)","","ST16-003","C","Heavily Played Foil","","","","","","0","",""
"8947271","One Piece Card Game","Premium Booster -The Best- Vol. 2","Charlotte Katakuri (Pirate Foil)","","ST16-003","C","Damaged Foil","","","","","","0","",""
"8947257","One Piece Card Game","Premium Booster -The Best- Vol. 2","Charlotte Katakuri (Reprint)","","ST16-003","C","Near Mint","0.05","","1.5000","0.0100","","0","",""
"8947258","One Piece Card Game","Premium Booster -The Best- Vol. 2","Charlotte Katakuri (Reprint)","","ST16-003","C","Lightly Played","0.07","","1.5300","0.0400","","0","",""
"8947259","One Piece Card Game","Premium Booster -The Best- Vol. 2","Charlotte Katakuri (Reprint)","","ST16-003","C","Moderately Played","","","2.0900","0.1000","","0","",""
"8947260","One Piece Card Game","Premium Booster -The Best- Vol. 2","Charlotte Katakuri (Reprint)","","ST16-003","C","Heavily Played","","","","","","0","",""
"8947261","One Piece Card Game","Premium Booster -The Best- Vol. 2","Charlotte Katakuri (Reprint)","","ST16-003","C","Damaged","","","","","","0","",""
"8948105","One Piece Card Game","Premium Booster -The Best- Vol. 2","Charlotte Pudding - OP08-067 (Reprint)","","OP08-067","R","Near Mint Foil","0.26","","1.6400","0.1500","","0","",""
"8948106","One Piece Card Game","Premium Booster -The Best- Vol. 2","Charlotte Pudding - OP08-067 (Reprint)","","OP08-067","R","Lightly Played Foil","0.26","","1.6900","0.2000","","0","",""
"8948107","One Piece Card Game","Premium Booster -The Best- Vol. 2","Charlotte Pudding - OP08-067 (Reprint)","","OP08-067","R","Moderately Played Foil","0.23","","","","","0","",""
"8948108","One Piece Card Game","Premium Booster -The Best- Vol. 2","Charlotte Pudding - OP08-067 (Reprint)","","OP08-067","R","Heavily Played Foil","","","","","","0","",""
"8948109","One Piece Card Game","Premium Booster -The Best- Vol. 2","Charlotte Pudding - OP08-067 (Reprint)","","OP08-067","R","Damaged Foil","","","","","","0","",""
"8931775","One Piece Card Game","Premium Booster -The Best- Vol. 2","Charlotte Pudding - PRB02-010","","PRB02-010","SR","Near Mint Foil","15.92","","6.9800","5.4900","","0","",""
"8931776","One Piece Card Game","Premium Booster -The Best- Vol. 2","Charlotte Pudding - PRB02-010","","PRB02-010","SR","Lightly Played Foil","18.27","","18.2500","18.2500","","0","",""
"8931777","One Piece Card Game","Premium Booster -The Best- Vol. 2","Charlotte Pudding - PRB02-010","","PRB02-010","SR","Moderately Played Foil","10.19","","","","","0","",""
"8931778","One Piece Card Game","Premium Booster -The Best- Vol. 2","Charlotte Pudding - PRB02-010","","PRB02-010","SR","Heavily Played Foil","","","","","","0","",""
"8931779","One Piece Card Game","Premium Booster -The Best- Vol. 2","Charlotte Pudding - PRB02-010","","PRB02-010","SR","Damaged Foil","1.00","","","","","0","",""
"8931780","One Piece Card Game","Premium Booster -The Best- Vol. 2","Charlotte Pudding - PRB02-010 (Alternate Art)","","PRB02-010","SR","Near Mint Foil","60.30","","58.9800","56.9900","","0","",""
"8931781","One Piece Card Game","Premium Booster -The Best- Vol. 2","Charlotte Pudding - PRB02-010 (Alternate Art)","","PRB02-010","SR","Lightly Played Foil","35.47","","","","","0","",""
"8931782","One Piece Card Game","Premium Booster -The Best- Vol. 2","Charlotte Pudding - PRB02-010 (Alternate Art)","","PRB02-010","SR","Moderately Played Foil","","","","","","0","",""
"8931783","One Piece Card Game","Premium Booster -The Best- Vol. 2","Charlotte Pudding - PRB02-010 (Alternate Art)","","PRB02-010","SR","Heavily Played Foil","43.22","","","","","0","",""
"8931784","One Piece Card Game","Premium Booster -The Best- Vol. 2","Charlotte Pudding - PRB02-010 (Alternate Art)","","PRB02-010","SR","Damaged Foil","","","","","","0","",""
"8947517","One Piece Card Game","Premium Booster -The Best- Vol. 2","Charlotte Pudding (Reprint)","","OP06-047","R","Near Mint Foil","0.40","","1.5300","0.0400","","0","",""
"8947518","One Piece Card Game","Premium Booster -The Best- Vol. 2","Charlotte Pudding (Reprint)","","OP06-047","R","Lightly Played Foil","0.88","","1.8800","0.3900","","0","",""
"8947519","One Piece Card Game","Premium Booster -The Best- Vol. 2","Charlotte Pudding (Reprint)","","OP06-047","R","Moderately Played Foil","0.70","","2.9500","1.0000","","0","",""
"8947520","One Piece Card Game","Premium Booster -The Best- Vol. 2","Charlotte Pudding (Reprint)","","OP06-047","R","Heavily Played Foil","","","","","","0","",""
"8947521","One Piece Card Game","Premium Booster -The Best- Vol. 2","Charlotte Pudding (Reprint)","","OP06-047","R","Damaged Foil","","","1.7400","0.2500","","0","",""
"8935478","One Piece Card Game","Premium Booster -The Best- Vol. 2","Charlotte Pudding (SP)","","OP06-047","R","Near Mint Foil","88.12","","101.1700","101.1700","","0","",""
"8935479","One Piece Card Game","Premium Booster -The Best- Vol. 2","Charlotte Pudding (SP)","","OP06-047","R","Lightly Played Foil","102.08","","79.0000","79.0000","","0","",""
"8935480","One Piece Card Game","Premium Booster -The Best- Vol. 2","Charlotte Pudding (SP)","","OP06-047","R","Moderately Played Foil","50.00","","","","","0","",""
"8935481","One Piece Card Game","Premium Booster -The Best- Vol. 2","Charlotte Pudding (SP)","","OP06-047","R","Heavily Played Foil","","","","","","0","",""
"8935482","One Piece Card Game","Premium Booster -The Best- Vol. 2","Charlotte Pudding (SP)","","OP06-047","R","Damaged Foil","","","","","","0","",""
"8933296","One Piece Card Game","Premium Booster -The Best- Vol. 2","Come On!! We'll Fight You!! (Alternate Art)","","OP09-020","R","Near Mint Foil","299.18","","299.9800","299.9800","","0","",""
"8933297","One Piece Card Game","Premium Booster -The Best- Vol. 2","Come On!! We'll Fight You!! (Alternate Art)","","OP09-020","R","Lightly Played Foil","187.25","","292.0000","292.0000","","0","",""
"8933298","One Piece Card Game","Premium Booster -The Best- Vol. 2","Come On!! We'll Fight You!! (Alternate Art)","","OP09-020","R","Moderately Played Foil","","","","","","0","",""
"8933299","One Piece Card Game","Premium Booster -The Best- Vol. 2","Come On!! We'll Fight You!! (Alternate Art)","","OP09-020","R","Heavily Played Foil","","","","","","0","",""
"8933300","One Piece Card Game","Premium Booster -The Best- Vol. 2","Come On!! We'll Fight You!! (Alternate Art)","","OP09-020","R","Damaged Foil","219.99","","201.9900","200.0000","","0","",""
"8947137","One Piece Card Game","Premium Booster -The Best- Vol. 2","Come On!! We'll Fight You!! (Reprint)","","OP09-020","R","Near Mint Foil","0.17","","1.5000","0.0100","","0","",""
"8947138","One Piece Card Game","Premium Booster -The Best- Vol. 2","Come On!! We'll Fight You!! (Reprint)","","OP09-020","R","Lightly Played Foil","0.17","","1.5900","0.1000","","0","",""
"8947139","One Piece Card Game","Premium Booster -The Best- Vol. 2","Come On!! We'll Fight You!! (Reprint)","","OP09-020","R","Moderately Played Foil","","","6.2300","0.2400","","0","",""
"8947140","One Piece Card Game","Premium Booster -The Best- Vol. 2","Come On!! We'll Fight You!! (Reprint)","","OP09-020","R","Heavily Played Foil","","","","","","0","",""
"8947141","One Piece Card Game","Premium Booster -The Best- Vol. 2","Come On!! We'll Fight You!! (Reprint)","","OP09-020","R","Damaged Foil","","","","","","0","",""
"8947167","One Piece Card Game","Premium Booster -The Best- Vol. 2","Corrida Coliseum (Pirate Foil)","","OP04-096","C","Near Mint Foil","0.17","","1.5300","0.0400","","0","",""
"8947168","One Piece Card Game","Premium Booster -The Best- Vol. 2","Corrida Coliseum (Pirate Foil)","","OP04-096","C","Lightly Played Foil","0.28","","1.6400","0.1500","","0","",""
"8947169","One Piece Card Game","Premium Booster -The Best- Vol. 2","Corrida Coliseum (Pirate Foil)","","OP04-096","C","Moderately Played Foil","","","","","","0","",""
"8947170","One Piece Card Game","Premium Booster -The Best- Vol. 2","Corrida Coliseum (Pirate Foil)","","OP04-096","C","Heavily Played Foil","","","","","","0","",""
"8947171","One Piece Card Game","Premium Booster -The Best- Vol. 2","Corrida Coliseum (Pirate Foil)","","OP04-096","C","Damaged Foil","","","","","","0","",""
"8947147","One Piece Card Game","Premium Booster -The Best- Vol. 2","Corrida Coliseum (Reprint)","","OP04-096","C","Near Mint","0.06","","1.5000","0.0100","","0","",""
"8947148","One Piece Card Game","Premium Booster -The Best- Vol. 2","Corrida Coliseum (Reprint)","","OP04-096","C","Lightly Played","0.08","","1.5600","0.0100","","0","",""
"8947149","One Piece Card Game","Premium Booster -The Best- Vol. 2","Corrida Coliseum (Reprint)","","OP04-096","C","Moderately Played","","","","","","0","",""
"8947150","One Piece Card Game","Premium Booster -The Best- Vol. 2","Corrida Coliseum (Reprint)","","OP04-096","C","Heavily Played","","","","","","0","",""
"8947151","One Piece Card Game","Premium Booster -The Best- Vol. 2","Corrida Coliseum (Reprint)","","OP04-096","C","Damaged","","","","","","0","",""
"8947929","One Piece Card Game","Premium Booster -The Best- Vol. 2","Crocodile - OP07-040 (Alternate Art)","","OP07-040","UC","Near Mint Foil","3.77","","4.4900","3.0000","","0","",""
"8947930","One Piece Card Game","Premium Booster -The Best- Vol. 2","Crocodile - OP07-040 (Alternate Art)","","OP07-040","UC","Lightly Played Foil","2.98","","5.9700","4.4800","","0","",""
"8947931","One Piece Card Game","Premium Booster -The Best- Vol. 2","Crocodile - OP07-040 (Alternate Art)","","OP07-040","UC","Moderately Played Foil","","","","","","0","",""
"8947932","One Piece Card Game","Premium Booster -The Best- Vol. 2","Crocodile - OP07-040 (Alternate Art)","","OP07-040","UC","Heavily Played Foil","","","","","","0","",""
"8947933","One Piece Card Game","Premium Booster -The Best- Vol. 2","Crocodile - OP07-040 (Alternate Art)","","OP07-040","UC","Damaged Foil","","","","","","0","",""
"8947919","One Piece Card Game","Premium Booster -The Best- Vol. 2","Crocodile - OP07-040 (Pirate Foil)","","OP07-040","UC","Near Mint Foil","0.25","","1.5100","0.0200","","0","",""
"8947920","One Piece Card Game","Premium Booster -The Best- Vol. 2","Crocodile - OP07-040 (Pirate Foil)","","OP07-040","UC","Lightly Played Foil","0.22","","1.6100","0.1200","","0","",""
"8947921","One Piece Card Game","Premium Booster -The Best- Vol. 2","Crocodile - OP07-040 (Pirate Foil)","","OP07-040","UC","Moderately Played Foil","","","","","","0","",""
"8947922","One Piece Card Game","Premium Booster -The Best- Vol. 2","Crocodile - OP07-040 (Pirate Foil)","","OP07-040","UC","Heavily Played Foil","","","","","","0","",""
"8947923","One Piece Card Game","Premium Booster -The Best- Vol. 2","Crocodile - OP07-040 (Pirate Foil)","","OP07-040","UC","Damaged Foil","","","","","","0","",""
"8947914","One Piece Card Game","Premium Booster -The Best- Vol. 2","Crocodile - OP07-040 (Reprint)","","OP07-040","UC","Near Mint","0.10","","1.5000","0.0100","","0","",""
"8947915","One Piece Card Game","Premium Booster -The Best- Vol. 2","Crocodile - OP07-040 (Reprint)","","OP07-040","UC","Lightly Played","0.11","","1.5400","0.0500","","0","",""
"8947916","One Piece Card Game","Premium Booster -The Best- Vol. 2","Crocodile - OP07-040 (Reprint)","","OP07-040","UC","Moderately Played","","","","","","0","",""
"8947917","One Piece Card Game","Premium Booster -The Best- Vol. 2","Crocodile - OP07-040 (Reprint)","","OP07-040","UC","Heavily Played","","","","","","0","",""
"8947918","One Piece Card Game","Premium Booster -The Best- Vol. 2","Crocodile - OP07-040 (Reprint)","","OP07-040","UC","Damaged","","","","","","0","",""
"8947197","One Piece Card Game","Premium Booster -The Best- Vol. 2","Crocodile - OP09-046 (Reprint)","","OP09-046","SR","Near Mint Foil","0.36","","1.6900","0.1900","","0","",""
"8947198","One Piece Card Game","Premium Booster -The Best- Vol. 2","Crocodile - OP09-046 (Reprint)","","OP09-046","SR","Lightly Played Foil","0.39","","1.7000","0.2000","","0","",""
"8947199","One Piece Card Game","Premium Booster -The Best- Vol. 2","Crocodile - OP09-046 (Reprint)","","OP09-046","SR","Moderately Played Foil","0.37","","2.1900","0.2000","","0","",""
"8947200","One Piece Card Game","Premium Booster -The Best- Vol. 2","Crocodile - OP09-046 (Reprint)","","OP09-046","SR","Heavily Played Foil","","","","","","0","",""
"8947201","One Piece Card Game","Premium Booster -The Best- Vol. 2","Crocodile - OP09-046 (Reprint)","","OP09-046","SR","Damaged Foil","","","","","","0","",""
"8948150","One Piece Card Game","Premium Booster -The Best- Vol. 2","Crocodile - P-082 (Pirate Foil)","","P-082","PR","Near Mint Foil","0.32","","1.6400","0.1500","","0","",""
"8948151","One Piece Card Game","Premium Booster -The Best- Vol. 2","Crocodile - P-082 (Pirate Foil)","","P-082","PR","Lightly Played Foil","0.35","","1.8400","0.3500","","0","",""
"8948152","One Piece Card Game","Premium Booster -The Best- Vol. 2","Crocodile - P-082 (Pirate Foil)","","P-082","PR","Moderately Played Foil","","","","","","0","",""
"8948153","One Piece Card Game","Premium Booster -The Best- Vol. 2","Crocodile - P-082 (Pirate Foil)","","P-082","PR","Heavily Played Foil","","","","","","0","",""
"8948154","One Piece Card Game","Premium Booster -The Best- Vol. 2","Crocodile - P-082 (Pirate Foil)","","P-082","PR","Damaged Foil","","","","","","0","",""
"8948140","One Piece Card Game","Premium Booster -The Best- Vol. 2","Crocodile - P-082 (Reprint)","","P-082","PR","Near Mint","0.28","","1.6800","0.1900","","0","",""
"8948141","One Piece Card Game","Premium Booster -The Best- Vol. 2","Crocodile - P-082 (Reprint)","","P-082","PR","Lightly Played","0.30","","1.7400","0.2500","","0","",""
"8948142","One Piece Card Game","Premium Booster -The Best- Vol. 2","Crocodile - P-082 (Reprint)","","P-082","PR","Moderately Played","","","2.2900","0.3000","","0","",""
"8948143","One Piece Card Game","Premium Booster -The Best- Vol. 2","Crocodile - P-082 (Reprint)","","P-082","PR","Heavily Played","","","","","","0","",""
"8948144","One Piece Card Game","Premium Booster -The Best- Vol. 2","Crocodile - P-082 (Reprint)","","P-082","PR","Damaged","","","","","","0","",""
"8933301","One Piece Card Game","Premium Booster -The Best- Vol. 2","Cross Guild (Alternate Art)","","OP09-057","R","Near Mint Foil","297.95","","299.0000","295.0000","","0","",""
"8933302","One Piece Card Game","Premium Booster -The Best- Vol. 2","Cross Guild (Alternate Art)","","OP09-057","R","Lightly Played Foil","274.76","","275.3900","275.3900","","0","",""
"8933303","One Piece Card Game","Premium Booster -The Best- Vol. 2","Cross Guild (Alternate Art)","","OP09-057","R","Moderately Played Foil","","","","","","0","",""
"8933304","One Piece Card Game","Premium Booster -The Best- Vol. 2","Cross Guild (Alternate Art)","","OP09-057","R","Heavily Played Foil","","","","","","0","",""
"8933305","One Piece Card Game","Premium Booster -The Best- Vol. 2","Cross Guild (Alternate Art)","","OP09-057","R","Damaged Foil","","","229.9800","229.9800","","0","",""
"8947247","One Piece Card Game","Premium Booster -The Best- Vol. 2","Cross Guild (Reprint)","","OP09-057","R","Near Mint Foil","0.13","","1.5000","0.0100","","0","",""
"8947248","One Piece Card Game","Premium Booster -The Best- Vol. 2","Cross Guild (Reprint)","","OP09-057","R","Lightly Played Foil","0.18","","1.5900","0.1000","","0","",""
"8947249","One Piece Card Game","Premium Booster -The Best- Vol. 2","Cross Guild (Reprint)","","OP09-057","R","Moderately Played Foil","","","1.7400","0.2500","","0","",""
"8947250","One Piece Card Game","Premium Booster -The Best- Vol. 2","Cross Guild (Reprint)","","OP09-057","R","Heavily Played Foil","","","","","","0","",""
"8947251","One Piece Card Game","Premium Booster -The Best- Vol. 2","Cross Guild (Reprint)","","OP09-057","R","Damaged Foil","","","","","","0","",""
"8946947","One Piece Card Game","Premium Booster -The Best- Vol. 2","Curly.Dadan (Pirate Foil)","","OP02-005","UC","Near Mint Foil","0.20","","1.5000","0.0100","","0","",""
"8946948","One Piece Card Game","Premium Booster -The Best- Vol. 2","Curly.Dadan (Pirate Foil)","","OP02-005","UC","Lightly Played Foil","0.15","","1.5900","0.1000","","0","",""
"8946949","One Piece Card Game","Premium Booster -The Best- Vol. 2","Curly.Dadan (Pirate Foil)","","OP02-005","UC","Moderately Played Foil","","","","","","0","",""
"8946950","One Piece Card Game","Premium Booster -The Best- Vol. 2","Curly.Dadan (Pirate Foil)","","OP02-005","UC","Heavily Played Foil","","","","","","0","",""
"8946951","One Piece Card Game","Premium Booster -The Best- Vol. 2","Curly.Dadan (Pirate Foil)","","OP02-005","UC","Damaged Foil","","","","","","0","",""
"8946942","One Piece Card Game","Premium Booster -The Best- Vol. 2","Curly.Dadan (Reprint)","","OP02-005","UC","Near Mint","0.04","","1.5000","0.0100","","0","",""
"8946943","One Piece Card Game","Premium Booster -The Best- Vol. 2","Curly.Dadan (Reprint)","","OP02-005","UC","Lightly Played","","","1.5400","0.0500","","0","",""
"8946944","One Piece Card Game","Premium Booster -The Best- Vol. 2","Curly.Dadan (Reprint)","","OP02-005","UC","Moderately Played","","","2.0900","0.1000","","0","",""
"8946945","One Piece Card Game","Premium Booster -The Best- Vol. 2","Curly.Dadan (Reprint)","","OP02-005","UC","Heavily Played","","","","","","0","",""
"8946946","One Piece Card Game","Premium Booster -The Best- Vol. 2","Curly.Dadan (Reprint)","","OP02-005","UC","Damaged","","","","","","0","",""
"8946902","One Piece Card Game","Premium Booster -The Best- Vol. 2","Did Someone Say...Kami? (Pirate Foil)","","EB01-060","C","Near Mint Foil","0.17","","1.5500","0.0600","","0","",""
"8946903","One Piece Card Game","Premium Booster -The Best- Vol. 2","Did Someone Say...Kami? (Pirate Foil)","","EB01-060","C","Lightly Played Foil","0.22","","1.6900","0.2000","","0","",""
"8946904","One Piece Card Game","Premium Booster -The Best- Vol. 2","Did Someone Say...Kami? (Pirate Foil)","","EB01-060","C","Moderately Played Foil","","","","","","0","",""
"8946905","One Piece Card Game","Premium Booster -The Best- Vol. 2","Did Someone Say...Kami? (Pirate Foil)","","EB01-060","C","Heavily Played Foil","","","","","","0","",""
"8946906","One Piece Card Game","Premium Booster -The Best- Vol. 2","Did Someone Say...Kami? (Pirate Foil)","","EB01-060","C","Damaged Foil","","","","","","0","",""
"8946897","One Piece Card Game","Premium Booster -The Best- Vol. 2","Did Someone Say...Kami? (Reprint)","","EB01-060","C","Near Mint","0.09","","1.5000","0.0100","","0","",""
"8946898","One Piece Card Game","Premium Booster -The Best- Vol. 2","Did Someone Say...Kami? (Reprint)","","EB01-060","C","Lightly Played","0.06","","1.5900","0.1000","","0","",""
"8946899","One Piece Card Game","Premium Booster -The Best- Vol. 2","Did Someone Say...Kami? (Reprint)","","EB01-060","C","Moderately Played","","","","","","0","",""
"8946900","One Piece Card Game","Premium Booster -The Best- Vol. 2","Did Someone Say...Kami? (Reprint)","","EB01-060","C","Heavily Played","","","","","","0","",""
"8946901","One Piece Card Game","Premium Booster -The Best- Vol. 2","Did Someone Say...Kami? (Reprint)","","EB01-060","C","Damaged","","","","","","0","",""
"8941431","One Piece Card Game","Premium Booster -The Best- Vol. 2","DON!! Card (Boa Hancock)","","","DON!!","Near Mint","2.17","","3.1900","1.6900","","0","",""
"8941432","One Piece Card Game","Premium Booster -The Best- Vol. 2","DON!! Card (Boa Hancock)","","","DON!!","Lightly Played","1.96","","3.7400","2.2500","","0","",""
"8941433","One Piece Card Game","Premium Booster -The Best- Vol. 2","DON!! Card (Boa Hancock)","","","DON!!","Moderately Played","1.54","","","","","0","",""
"8941434","One Piece Card Game","Premium Booster -The Best- Vol. 2","DON!! Card (Boa Hancock)","","","DON!!","Heavily Played","","","7.9900","7.9900","","0","",""
"8941435","One Piece Card Game","Premium Booster -The Best- Vol. 2","DON!! Card (Boa Hancock)","","","DON!!","Damaged","","","12.4900","10.5000","","0","",""
"8941436","One Piece Card Game","Premium Booster -The Best- Vol. 2","DON!! Card (Boa Hancock)","","","DON!!","Near Mint Foil","9.04","","10.7500","10.7500","","0","",""
"8941437","One Piece Card Game","Premium Booster -The Best- Vol. 2","DON!! Card (Boa Hancock)","","","DON!!","Lightly Played Foil","10.06","","26.7200","26.7200","","0","",""
"8941438","One Piece Card Game","Premium Booster -The Best- Vol. 2","DON!! Card (Boa Hancock)","","","DON!!","Moderately Played Foil","","","","","","0","",""
"8941439","One Piece Card Game","Premium Booster -The Best- Vol. 2","DON!! Card (Boa Hancock)","","","DON!!","Heavily Played Foil","","","","","","0","",""
"8941440","One Piece Card Game","Premium Booster -The Best- Vol. 2","DON!! Card (Boa Hancock)","","","DON!!","Damaged Foil","4.99","","","","","0","",""
"8941426","One Piece Card Game","Premium Booster -The Best- Vol. 2","DON!! Card (Boa Hancock) (Gold)","","","DON!!","Near Mint Foil","181.39","","177.9900","177.9900","","0","",""
"8941427","One Piece Card Game","Premium Booster -The Best- Vol. 2","DON!! Card (Boa Hancock) (Gold)","","","DON!!","Lightly Played Foil","","","178.9800","178.9800","","0","",""
"8941428","One Piece Card Game","Premium Booster -The Best- Vol. 2","DON!! Card (Boa Hancock) (Gold)","","","DON!!","Moderately Played Foil","","","","","","0","",""
"8941429","One Piece Card Game","Premium Booster -The Best- Vol. 2","DON!! Card (Boa Hancock) (Gold)","","","DON!!","Heavily Played Foil","","","","","","0","",""
"8941430","One Piece Card Game","Premium Booster -The Best- Vol. 2","DON!! Card (Boa Hancock) (Gold)","","","DON!!","Damaged Foil","","","","","","0","",""
"8941401","One Piece Card Game","Premium Booster -The Best- Vol. 2","DON!! Card (Bonney)","","","DON!!","Near Mint","1.45","","2.4000","0.9100","","0","",""
"8941402","One Piece Card Game","Premium Booster -The Best- Vol. 2","DON!! Card (Bonney)","","","DON!!","Lightly Played","1.41","","2.4800","0.9900","","0","",""
"8941403","One Piece Card Game","Premium Booster -The Best- Vol. 2","DON!! Card (Bonney)","","","DON!!","Moderately Played","","","","","","0","",""
"8941404","One Piece Card Game","Premium Booster -The Best- Vol. 2","DON!! Card (Bonney)","","","DON!!","Heavily Played","","","","","","0","",""
"8941405","One Piece Card Game","Premium Booster -The Best- Vol. 2","DON!! Card (Bonney)","","","DON!!","Damaged","","","1.7500","0.2500","","0","",""
"8941406","One Piece Card Game","Premium Booster -The Best- Vol. 2","DON!! Card (Bonney)","","","DON!!","Near Mint Foil","6.44","","6.4800","6.4800","","0","",""
"8941407","One Piece Card Game","Premium Booster -The Best- Vol. 2","DON!! Card (Bonney)","","","DON!!","Lightly Played Foil","5.88","","8.8600","8.8600","","0","",""
"8941408","One Piece Card Game","Premium Booster -The Best- Vol. 2","DON!! Card (Bonney)","","","DON!!","Moderately Played Foil","0.75","","","","","0","",""
"8941409","One Piece Card Game","Premium Booster -The Best- Vol. 2","DON!! Card (Bonney)","","","DON!!","Heavily Played Foil","","","","","","0","",""
"8941410","One Piece Card Game","Premium Booster -The Best- Vol. 2","DON!! Card (Bonney)","","","DON!!","Damaged Foil","","","","","","0","",""
"8941396","One Piece Card Game","Premium Booster -The Best- Vol. 2","DON!! Card (Bonney) (Gold)","","","DON!!","Near Mint Foil","99.58","","93.9900","93.9900","","0","",""
"8941397","One Piece Card Game","Premium Booster -The Best- Vol. 2","DON!! Card (Bonney) (Gold)","","","DON!!","Lightly Played Foil","91.93","","","","","0","",""
"8941398","One Piece Card Game","Premium Booster -The Best- Vol. 2","DON!! Card (Bonney) (Gold)","","","DON!!","Moderately Played Foil","","","","","","0","",""
"8941399","One Piece Card Game","Premium Booster -The Best- Vol. 2","DON!! Card (Bonney) (Gold)","","","DON!!","Heavily Played Foil","","","","","","0","",""
"8941400","One Piece Card Game","Premium Booster -The Best- Vol. 2","DON!! Card (Bonney) (Gold)","","","DON!!","Damaged Foil","","","","","","0","",""
"8941531","One Piece Card Game","Premium Booster -The Best- Vol. 2","DON!! Card (Buggy)","","","DON!!","Near Mint","1.52","","2.6000","0.7000","","0","",""
"8941532","One Piece Card Game","Premium Booster -The Best- Vol. 2","DON!! Card (Buggy)","","","DON!!","Lightly Played","1.21","","2.6900","1.2000","","0","",""
"8941533","One Piece Card Game","Premium Booster -The Best- Vol. 2","DON!! Card (Buggy)","","","DON!!","Moderately Played","0.30","","","","","0","",""
"8941534","One Piece Card Game","Premium Booster -The Best- Vol. 2","DON!! Card (Buggy)","","","DON!!","Heavily Played","0.39","","","","","0","",""
"8941535","One Piece Card Game","Premium Booster -The Best- Vol. 2","DON!! Card (Buggy)","","","DON!!","Damaged","","","","","","0","",""
"8941536","One Piece Card Game","Premium Booster -The Best- Vol. 2","DON!! Card (Buggy)","","","DON!!","Near Mint Foil","5.11","","5.1100","5.1100","","0","",""
"8941537","One Piece Card Game","Premium Booster -The Best- Vol. 2","DON!! Card (Buggy)","","","DON!!","Lightly Played Foil","2.50","","5.2800","2.2900","","0","",""
"8941538","One Piece Card Game","Premium Booster -The Best- Vol. 2","DON!! Card (Buggy)","","","DON!!","Moderately Played Foil","4.64","","5.9900","4.5000","","0","",""
"8941539","One Piece Card Game","Premium Booster -The Best- Vol. 2","DON!! Card (Buggy)","","","DON!!","Heavily Played Foil","","","","","","0","",""
"8941540","One Piece Card Game","Premium Booster -The Best- Vol. 2","DON!! Card (Buggy)","","","DON!!","Damaged Foil","","","","","","0","",""
"8941541","One Piece Card Game","Premium Booster -The Best- Vol. 2","DON!! Card (Buggy) (Gold)","","","DON!!","Near Mint Foil","84.35","","127.9900","127.9900","","0","",""
"8941542","One Piece Card Game","Premium Booster -The Best- Vol. 2","DON!! Card (Buggy) (Gold)","","","DON!!","Lightly Played Foil","69.78","","","","","0","",""
"8941543","One Piece Card Game","Premium Booster -The Best- Vol. 2","DON!! Card (Buggy) (Gold)","","","DON!!","Moderately Played Foil","","","","","","0","",""
"8941544","One Piece Card Game","Premium Booster -The Best- Vol. 2","DON!! Card (Buggy) (Gold)","","","DON!!","Heavily Played Foil","","","","","","0","",""
"8941545","One Piece Card Game","Premium Booster -The Best- Vol. 2","DON!! Card (Buggy) (Gold)","","","DON!!","Damaged Foil","","","","","","0","",""
"8944486","One Piece Card Game","Premium Booster -The Best- Vol. 2","DON!! Card (Caesar Clown)","","","DON!!","Near Mint","0.38","","1.5900","0.1000","","0","",""
"8944487","One Piece Card Game","Premium Booster -The Best- Vol. 2","DON!! Card (Caesar Clown)","","","DON!!","Lightly Played","0.34","","1.7500","0.2500","","0","",""
"8944488","One Piece Card Game","Premium Booster -The Best- Vol. 2","DON!! Card (Caesar Clown)","","","DON!!","Moderately Played","0.49","","","","","0","",""
"8944489","One Piece Card Game","Premium Booster -The Best- Vol. 2","DON!! Card (Caesar Clown)","","","DON!!","Heavily Played","","","","","","0","",""
"8944490","One Piece Card Game","Premium Booster -The Best- Vol. 2","DON!! Card (Caesar Clown)","","","DON!!","Damaged","","","","","","0","",""
"8944491","One Piece Card Game","Premium Booster -The Best- Vol. 2","DON!! Card (Caesar Clown)","","","DON!!","Near Mint Foil","0.81","","1.9600","0.4700","","0","",""
"8944492","One Piece Card Game","Premium Booster -The Best- Vol. 2","DON!! Card (Caesar Clown)","","","DON!!","Lightly Played Foil","0.58","","2.0700","0.5800","","0","",""
"8944493","One Piece Card Game","Premium Booster -The Best- Vol. 2","DON!! Card (Caesar Clown)","","","DON!!","Moderately Played Foil","","","","","","0","",""
"8944494","One Piece Card Game","Premium Booster -The Best- Vol. 2","DON!! Card (Caesar Clown)","","","DON!!","Heavily Played Foil","","","","","","0","",""
"8944495","One Piece Card Game","Premium Booster -The Best- Vol. 2","DON!! Card (Caesar Clown)","","","DON!!","Damaged Foil","","","","","","0","",""
"8944496","One Piece Card Game","Premium Booster -The Best- Vol. 2","DON!! Card (Caesar Clown) (Gold)","","","DON!!","Near Mint Foil","31.04","","27.0000","27.0000","","0","",""
"8944497","One Piece Card Game","Premium Booster -The Best- Vol. 2","DON!! Card (Caesar Clown) (Gold)","","","DON!!","Lightly Played Foil","30.64","","31.9700","30.9800","","0","",""
"8944498","One Piece Card Game","Premium Booster -The Best- Vol. 2","DON!! Card (Caesar Clown) (Gold)","","","DON!!","Moderately Played Foil","","","","","","0","",""
"8944499","One Piece Card Game","Premium Booster -The Best- Vol. 2","DON!! Card (Caesar Clown) (Gold)","","","DON!!","Heavily Played Foil","","","","","","0","",""
"8944500","One Piece Card Game","Premium Booster -The Best- Vol. 2","DON!! Card (Caesar Clown) (Gold)","","","DON!!","Damaged Foil","","","","","","0","",""
"8941596","One Piece Card Game","Premium Booster -The Best- Vol. 2","DON!! Card (Carrot)","","","DON!!","Near Mint","1.04","","1.9800","0.4900","","0","",""
"8941597","One Piece Card Game","Premium Booster -The Best- Vol. 2","DON!! Card (Carrot)","","","DON!!","Lightly Played","0.83","","2.2100","0.7100","","0","",""
"8941598","One Piece Card Game","Premium Booster -The Best- Vol. 2","DON!! Card (Carrot)","","","DON!!","Moderately Played","","","","","","0","",""
"8941599","One Piece Card Game","Premium Booster -The Best- Vol. 2","DON!! Card (Carrot)","","","DON!!","Heavily Played","","","","","","0","",""
"8941600","One Piece Card Game","Premium Booster -The Best- Vol. 2","DON!! Card (Carrot)","","","DON!!","Damaged","","","","","","0","",""
"8941601","One Piece Card Game","Premium Booster -The Best- Vol. 2","DON!! Card (Carrot)","","","DON!!","Near Mint Foil","4.11","","5.0000","3.5000","","0","",""
"8941602","One Piece Card Game","Premium Booster -The Best- Vol. 2","DON!! Card (Carrot)","","","DON!!","Lightly Played Foil","6.16","","8.3800","5.3900","","0","",""
"8941603","One Piece Card Game","Premium Booster -The Best- Vol. 2","DON!! Card (Carrot)","","","DON!!","Moderately Played Foil","","","","","","0","",""
"8941604","One Piece Card Game","Premium Booster -The Best- Vol. 2","DON!! Card (Carrot)","","","DON!!","Heavily Played Foil","","","","","","0","",""
"8941605","One Piece Card Game","Premium Booster -The Best- Vol. 2","DON!! Card (Carrot)","","","DON!!","Damaged Foil","","","","","","0","",""
"8941591","One Piece Card Game","Premium Booster -The Best- Vol. 2","DON!! Card (Carrot) (Gold)","","","DON!!","Near Mint Foil","61.36","","62.4800","62.4800","","0","",""
"8941592","One Piece Card Game","Premium Booster -The Best- Vol. 2","DON!! Card (Carrot) (Gold)","","","DON!!","Lightly Played Foil","93.99","","","","","0","",""
"8941593","One Piece Card Game","Premium Booster -The Best- Vol. 2","DON!! Card (Carrot) (Gold)","","","DON!!","Moderately Played Foil","","","","","","0","",""
"8941594","One Piece Card Game","Premium Booster -The Best- Vol. 2","DON!! Card (Carrot) (Gold)","","","DON!!","Heavily Played Foil","","","","","","0","",""
"8941595","One Piece Card Game","Premium Booster -The Best- Vol. 2","DON!! Card (Carrot) (Gold)","","","DON!!","Damaged Foil","","","","","","0","",""
"8946548","One Piece Card Game","Premium Booster -The Best- Vol. 2","DON!! Card (Chopper)","","","DON!!","Near Mint","2.25","","3.3700","1.8800","","0","",""
"8946549","One Piece Card Game","Premium Booster -The Best- Vol. 2","DON!! Card (Chopper)","","","DON!!","Lightly Played","1.98","","3.6200","2.1300","","0","",""
"8946550","One Piece Card Game","Premium Booster -The Best- Vol. 2","DON!! Card (Chopper)","","","DON!!","Moderately Played","1.50","","","","","0","",""
"8946551","One Piece Card Game","Premium Booster -The Best- Vol. 2","DON!! Card (Chopper)","","","DON!!","Heavily Played","","","9.9900","9.9900","","0","",""
"8946552","One Piece Card Game","Premium Booster -The Best- Vol. 2","DON!! Card (Chopper)","","","DON!!","Damaged","","","","","","0","",""
"8946553","One Piece Card Game","Premium Booster -The Best- Vol. 2","DON!! Card (Chopper)","","","DON!!","Near Mint Foil","12.47","","11.7100","10.2200","","0","",""
"8946554","One Piece Card Game","Premium Booster -The Best- Vol. 2","DON!! Card (Chopper)","","","DON!!","Lightly Played Foil","8.25","","14.0600","14.0600","","0","",""
"8946555","One Piece Card Game","Premium Booster -The Best- Vol. 2","DON!! Card (Chopper)","","","DON!!","Moderately Played Foil","0.78","","14.0900","12.1000","","0","",""
"8946556","One Piece Card Game","Premium Booster -The Best- Vol. 2","DON!! Card (Chopper)","","","DON!!","Heavily Played Foil","","","","","","0","",""
"8946557","One Piece Card Game","Premium Booster -The Best- Vol. 2","DON!! Card (Chopper)","","","DON!!","Damaged Foil","","","","","","0","",""
"8946558","One Piece Card Game","Premium Booster -The Best- Vol. 2","DON!! Card (Chopper) (Gold)","","","DON!!","Near Mint Foil","158.46","","229.9900","228.0000","","0","",""
"8946559","One Piece Card Game","Premium Booster -The Best- Vol. 2","DON!! Card (Chopper) (Gold)","","","DON!!","Lightly Played Foil","","","264.1200","262.1300","","0","",""
"8946560","One Piece Card Game","Premium Booster -The Best- Vol. 2","DON!! Card (Chopper) (Gold)","","","DON!!","Moderately Played Foil","159.99","","","","","0","",""
"8946561","One Piece Card Game","Premium Booster -The Best- Vol. 2","DON!! Card (Chopper) (Gold)","","","DON!!","Heavily Played Foil","","","","","","0","",""
"8946562","One Piece Card Game","Premium Booster -The Best- Vol. 2","DON!! Card (Chopper) (Gold)","","","DON!!","Damaged Foil","","","","","","0","",""
"8941411","One Piece Card Game","Premium Booster -The Best- Vol. 2","DON!! Card (Dragon)","","","DON!!","Near Mint","0.59","","1.7400","0.2500","","0","",""
"8941412","One Piece Card Game","Premium Booster -The Best- Vol. 2","DON!! Card (Dragon)","","","DON!!","Lightly Played","0.45","","1.9000","0.4100","","0","",""
"8941413","One Piece Card Game","Premium Booster -The Best- Vol. 2","DON!! Card (Dragon)","","","DON!!","Moderately Played","","","2.4600","0.9700","","0","",""
"8941414","One Piece Card Game","Premium Booster -The Best- Vol. 2","DON!! Card (Dragon)","","","DON!!","Heavily Played","0.30","","","","","0","",""
"8941415","One Piece Card Game","Premium Booster -The Best- Vol. 2","DON!! Card (Dragon)","","","DON!!","Damaged","","","","","","0","",""
"8941416","One Piece Card Game","Premium Booster -The Best- Vol. 2","DON!! Card (Dragon)","","","DON!!","Near Mint Foil","1.93","","2.9900","1.5000","","0","",""
"8941417","One Piece Card Game","Premium Booster -The Best- Vol. 2","DON!! Card (Dragon)","","","DON!!","Lightly Played Foil","1.50","","2.9800","1.4900","","0","",""
"8941418","One Piece Card Game","Premium Booster -The Best- Vol. 2","DON!! Card (Dragon)","","","DON!!","Moderately Played Foil","","","","","","0","",""
"8941419","One Piece Card Game","Premium Booster -The Best- Vol. 2","DON!! Card (Dragon)","","","DON!!","Heavily Played Foil","","","","","","0","",""
"8941420","One Piece Card Game","Premium Booster -The Best- Vol. 2","DON!! Card (Dragon)","","","DON!!","Damaged Foil","","","","","","0","",""
"8941421","One Piece Card Game","Premium Booster -The Best- Vol. 2","DON!! Card (Dragon) (Gold)","","","DON!!","Near Mint Foil","46.61","","49.0800","48.0900","","0","",""
"8941422","One Piece Card Game","Premium Booster -The Best- Vol. 2","DON!! Card (Dragon) (Gold)","","","DON!!","Lightly Played Foil","46.37","","46.9900","46.9900","","0","",""
"8941423","One Piece Card Game","Premium Booster -The Best- Vol. 2","DON!! Card (Dragon) (Gold)","","","DON!!","Moderately Played Foil","","","","","","0","",""
"8941424","One Piece Card Game","Premium Booster -The Best- Vol. 2","DON!! Card (Dragon) (Gold)","","","DON!!","Heavily Played Foil","","","","","","0","",""
"8941425","One Piece Card Game","Premium Booster -The Best- Vol. 2","DON!! Card (Dragon) (Gold)","","","DON!!","Damaged Foil","","","29.9900","29.9900","","0","",""
"8944511","One Piece Card Game","Premium Booster -The Best- Vol. 2","DON!! Card (Foxy)","","","DON!!","Near Mint","0.51","","1.7000","0.2100","","0","",""
"8944512","One Piece Card Game","Premium Booster -The Best- Vol. 2","DON!! Card (Foxy)","","","DON!!","Lightly Played","0.39","","1.7400","0.2500","","0","",""
"8944513","One Piece Card Game","Premium Booster -The Best- Vol. 2","DON!! Card (Foxy)","","","DON!!","Moderately Played","0.29","","","","","0","",""
"8944514","One Piece Card Game","Premium Booster -The Best- Vol. 2","DON!! Card (Foxy)","","","DON!!","Heavily Played","0.18","","","","","0","",""
"8944515","One Piece Card Game","Premium Booster -The Best- Vol. 2","DON!! Card (Foxy)","","","DON!!","Damaged","","","","","","0","",""
"8944516","One Piece Card Game","Premium Booster -The Best- Vol. 2","DON!! Card (Foxy)","","","DON!!","Near Mint Foil","2.43","","4.9900","3.0000","","0","",""
"8944517","One Piece Card Game","Premium Booster -The Best- Vol. 2","DON!! Card (Foxy)","","","DON!!","Lightly Played Foil","2.20","","5.6900","4.2000","","0","",""
"8944518","One Piece Card Game","Premium Booster -The Best- Vol. 2","DON!! Card (Foxy)","","","DON!!","Moderately Played Foil","","","","","","0","",""
"8944519","One Piece Card Game","Premium Booster -The Best- Vol. 2","DON!! Card (Foxy)","","","DON!!","Heavily Played Foil","","","","","","0","",""
"8944520","One Piece Card Game","Premium Booster -The Best- Vol. 2","DON!! Card (Foxy)","","","DON!!","Damaged Foil","","","","","","0","",""
"8944501","One Piece Card Game","Premium Booster -The Best- Vol. 2","DON!! Card (Foxy) (Gold)","","","DON!!","Near Mint Foil","39.26","","40.5600","40.5600","","0","",""
"8944502","One Piece Card Game","Premium Booster -The Best- Vol. 2","DON!! Card (Foxy) (Gold)","","","DON!!","Lightly Played Foil","39.25","","51.6400","47.8500","","0","",""
"8944503","One Piece Card Game","Premium Booster -The Best- Vol. 2","DON!! Card (Foxy) (Gold)","","","DON!!","Moderately Played Foil","","","","","","0","",""
"8944504","One Piece Card Game","Premium Booster -The Best- Vol. 2","DON!! Card (Foxy) (Gold)","","","DON!!","Heavily Played Foil","","","","","","0","",""
"8944505","One Piece Card Game","Premium Booster -The Best- Vol. 2","DON!! Card (Foxy) (Gold)","","","DON!!","Damaged Foil","","","","","","0","",""
"8946447","One Piece Card Game","Premium Booster -The Best- Vol. 2","DON!! Card (Gear 4 Luffy)","","","DON!!","Near Mint","0.61","","1.9800","0.4900","","0","",""
"8946448","One Piece Card Game","Premium Booster -The Best- Vol. 2","DON!! Card (Gear 4 Luffy)","","","DON!!","Lightly Played","0.51","","1.9900","0.5000","","0","",""
"8946449","One Piece Card Game","Premium Booster -The Best- Vol. 2","DON!! Card (Gear 4 Luffy)","","","DON!!","Moderately Played","","","1.9900","0.5000","","0","",""
"8946450","One Piece Card Game","Premium Booster -The Best- Vol. 2","DON!! Card (Gear 4 Luffy)","","","DON!!","Heavily Played","","","1.6900","0.2000","","0","",""
"8946451","One Piece Card Game","Premium Booster -The Best- Vol. 2","DON!! Card (Gear 4 Luffy)","","","DON!!","Damaged","0.53","","3.5200","0.5300","","0","",""
"8946452","One Piece Card Game","Premium Booster -The Best- Vol. 2","DON!! Card (Gear 4 Luffy)","","","DON!!","Near Mint Foil","2.64","","4.0600","2.5700","","0","",""
"8946453","One Piece Card Game","Premium Booster -The Best- Vol. 2","DON!! Card (Gear 4 Luffy)","","","DON!!","Lightly Played Foil","2.30","","3.7800","2.2900","","0","",""
"8946454","One Piece Card Game","Premium Booster -The Best- Vol. 2","DON!! Card (Gear 4 Luffy)","","","DON!!","Moderately Played Foil","","","","","","0","",""
"8946455","One Piece Card Game","Premium Booster -The Best- Vol. 2","DON!! Card (Gear 4 Luffy)","","","DON!!","Heavily Played Foil","","","","","","0","",""
"8946456","One Piece Card Game","Premium Booster -The Best- Vol. 2","DON!! Card (Gear 4 Luffy)","","","DON!!","Damaged Foil","","","","","","0","",""
"8946457","One Piece Card Game","Premium Booster -The Best- Vol. 2","DON!! Card (Gear 4 Luffy) (Gold)","","","DON!!","Near Mint Foil","104.27","","114.6300","113.1500","","0","",""
"8946458","One Piece Card Game","Premium Booster -The Best- Vol. 2","DON!! Card (Gear 4 Luffy) (Gold)","","","DON!!","Lightly Played Foil","","","","","","0","",""
"8946459","One Piece Card Game","Premium Booster -The Best- Vol. 2","DON!! Card (Gear 4 Luffy) (Gold)","","","DON!!","Moderately Played Foil","79.99","","","","","0","",""
"8946460","One Piece Card Game","Premium Booster -The Best- Vol. 2","DON!! Card (Gear 4 Luffy) (Gold)","","","DON!!","Heavily Played Foil","","","","","","0","",""
"8946461","One Piece Card Game","Premium Booster -The Best- Vol. 2","DON!! Card (Gear 4 Luffy) (Gold)","","","DON!!","Damaged Foil","","","","","","0","",""
"8941446","One Piece Card Game","Premium Booster -The Best- Vol. 2","DON!! Card (GEAR5 Luffy)","","","DON!!","Near Mint","1.24","","2.4800","0.9900","","0","",""
"8941447","One Piece Card Game","Premium Booster -The Best- Vol. 2","DON!! Card (GEAR5 Luffy)","","","DON!!","Lightly Played","1.14","","2.6000","1.1100","","0","",""
"8941448","One Piece Card Game","Premium Booster -The Best- Vol. 2","DON!! Card (GEAR5 Luffy)","","","DON!!","Moderately Played","","","","","","0","",""
"8941449","One Piece Card Game","Premium Booster -The Best- Vol. 2","DON!! Card (GEAR5 Luffy)","","","DON!!","Heavily Played","","","","","","0","",""
"8941450","One Piece Card Game","Premium Booster -The Best- Vol. 2","DON!! Card (GEAR5 Luffy)","","","DON!!","Damaged","0.15","","","","","0","",""
"8941451","One Piece Card Game","Premium Booster -The Best- Vol. 2","DON!! Card (GEAR5 Luffy)","","","DON!!","Near Mint Foil","6.44","","5.1400","5.1400","","0","",""
"8941452","One Piece Card Game","Premium Booster -The Best- Vol. 2","DON!! Card (GEAR5 Luffy)","","","DON!!","Lightly Played Foil","4.75","","7.7900","4.8000","","0","",""
"8941453","One Piece Card Game","Premium Booster -The Best- Vol. 2","DON!! Card (GEAR5 Luffy)","","","DON!!","Moderately Played Foil","","","","","","0","",""
"8941454","One Piece Card Game","Premium Booster -The Best- Vol. 2","DON!! Card (GEAR5 Luffy)","","","DON!!","Heavily Played Foil","","","","","","0","",""
"8941455","One Piece Card Game","Premium Booster -The Best- Vol. 2","DON!! Card (GEAR5 Luffy)","","","DON!!","Damaged Foil","","","","","","0","",""
"8941441","One Piece Card Game","Premium Booster -The Best- Vol. 2","DON!! Card (GEAR5 Luffy) (Gold)","","","DON!!","Near Mint Foil","178.22","","156.4700","155.0000","","0","",""
"8941442","One Piece Card Game","Premium Booster -The Best- Vol. 2","DON!! Card (GEAR5 Luffy) (Gold)","","","DON!!","Lightly Played Foil","102.20","","159.9900","159.9900","","0","",""
"8941443","One Piece Card Game","Premium Booster -The Best- Vol. 2","DON!! Card (GEAR5 Luffy) (Gold)","","","DON!!","Moderately Played Foil","","","","","","0","",""
"8941444","One Piece Card Game","Premium Booster -The Best- Vol. 2","DON!! Card (GEAR5 Luffy) (Gold)","","","DON!!","Heavily Played Foil","","","","","","0","",""
"8941445","One Piece Card Game","Premium Booster -The Best- Vol. 2","DON!! Card (GEAR5 Luffy) (Gold)","","","DON!!","Damaged Foil","","","","","","0","",""
"8941491","One Piece Card Game","Premium Booster -The Best- Vol. 2","DON!! Card (Hannyabal)","","","DON!!","Near Mint","0.28","","1.5400","0.0500","","0","",""
"8941492","One Piece Card Game","Premium Booster -The Best- Vol. 2","DON!! Card (Hannyabal)","","","DON!!","Lightly Played","0.33","","1.7100","0.2200","","0","",""
"8941493","One Piece Card Game","Premium Booster -The Best- Vol. 2","DON!! Card (Hannyabal)","","","DON!!","Moderately Played","0.15","","1.6400","0.1500","","0","",""
"8941494","One Piece Card Game","Premium Booster -The Best- Vol. 2","DON!! Card (Hannyabal)","","","DON!!","Heavily Played","","","","","","0","",""
"8941495","One Piece Card Game","Premium Booster -The Best- Vol. 2","DON!! Card (Hannyabal)","","","DON!!","Damaged","","","1.6400","0.1500","","0","",""
"8941496","One Piece Card Game","Premium Booster -The Best- Vol. 2","DON!! Card (Hannyabal)","","","DON!!","Near Mint Foil","0.47","","1.6900","0.2000","","0","",""
"8941497","One Piece Card Game","Premium Booster -The Best- Vol. 2","DON!! Card (Hannyabal)","","","DON!!","Lightly Played Foil","0.49","","1.8900","0.4000","","0","",""
"8941498","One Piece Card Game","Premium Booster -The Best- Vol. 2","DON!! Card (Hannyabal)","","","DON!!","Moderately Played Foil","","","","","","0","",""
"8941499","One Piece Card Game","Premium Booster -The Best- Vol. 2","DON!! Card (Hannyabal)","","","DON!!","Heavily Played Foil","","","","","","0","",""
"8941500","One Piece Card Game","Premium Booster -The Best- Vol. 2","DON!! Card (Hannyabal)","","","DON!!","Damaged Foil","","","","","","0","",""
"8941481","One Piece Card Game","Premium Booster -The Best- Vol. 2","DON!! Card (Hannyabal) (Gold)","","","DON!!","Near Mint Foil","31.26","","28.9900","27.6800","","0","",""
"8941482","One Piece Card Game","Premium Booster -The Best- Vol. 2","DON!! Card (Hannyabal) (Gold)","","","DON!!","Lightly Played Foil","32.24","","","","","0","",""
"8941483","One Piece Card Game","Premium Booster -The Best- Vol. 2","DON!! Card (Hannyabal) (Gold)","","","DON!!","Moderately Played Foil","","","","","","0","",""
"8941484","One Piece Card Game","Premium Booster -The Best- Vol. 2","DON!! Card (Hannyabal) (Gold)","","","DON!!","Heavily Played Foil","","","","","","0","",""
"8941485","One Piece Card Game","Premium Booster -The Best- Vol. 2","DON!! Card (Hannyabal) (Gold)","","","DON!!","Damaged Foil","","","","","","0","",""
"8941566","One Piece Card Game","Premium Booster -The Best- Vol. 2","DON!! Card (Jinbe)","","","DON!!","Near Mint","0.92","","2.2300","0.7400","","0","",""
"8941567","One Piece Card Game","Premium Booster -The Best- Vol. 2","DON!! Card (Jinbe)","","","DON!!","Lightly Played","1.12","","2.9900","1.5000","","0","",""
"8941568","One Piece Card Game","Premium Booster -The Best- Vol. 2","DON!! Card (Jinbe)","","","DON!!","Moderately Played","","","","","","0","",""
"8941569","One Piece Card Game","Premium Booster -The Best- Vol. 2","DON!! Card (Jinbe)","","","DON!!","Heavily Played","","","","","","0","",""
"8941570","One Piece Card Game","Premium Booster -The Best- Vol. 2","DON!! Card (Jinbe)","","","DON!!","Damaged","","","7.9900","7.9900","","0","",""
"8941571","One Piece Card Game","Premium Booster -The Best- Vol. 2","DON!! Card (Jinbe)","","","DON!!","Near Mint Foil","5.01","","5.0600","5.0600","","0","",""
"8941572","One Piece Card Game","Premium Booster -The Best- Vol. 2","DON!! Card (Jinbe)","","","DON!!","Lightly Played Foil","4.47","","5.4800","5.4800","","0","",""
"8941573","One Piece Card Game","Premium Booster -The Best- Vol. 2","DON!! Card (Jinbe)","","","DON!!","Moderately Played Foil","1.45","","4.4900","3.0000","","0","",""
"8941574","One Piece Card Game","Premium Booster -The Best- Vol. 2","DON!! Card (Jinbe)","","","DON!!","Heavily Played Foil","","","","","","0","",""
"8941575","One Piece Card Game","Premium Booster -The Best- Vol. 2","DON!! Card (Jinbe)","","","DON!!","Damaged Foil","","","","","","0","",""
"8941561","One Piece Card Game","Premium Booster -The Best- Vol. 2","DON!! Card (Jinbe) (Gold)","","","DON!!","Near Mint Foil","41.32","","38.9900","38.9900","","0","",""
"8941562","One Piece Card Game","Premium Booster -The Best- Vol. 2","DON!! Card (Jinbe) (Gold)","","","DON!!","Lightly Played Foil","44.15","","43.0000","42.0000","","0","",""
"8941563","One Piece Card Game","Premium Booster -The Best- Vol. 2","DON!! Card (Jinbe) (Gold)","","","DON!!","Moderately Played Foil","","","","","","0","",""
"8941564","One Piece Card Game","Premium Booster -The Best- Vol. 2","DON!! Card (Jinbe) (Gold)","","","DON!!","Heavily Played Foil","","","","","","0","",""
"8941565","One Piece Card Game","Premium Booster -The Best- Vol. 2","DON!! Card (Jinbe) (Gold)","","","DON!!","Damaged Foil","","","","","","0","",""
"8945755","One Piece Card Game","Premium Booster -The Best- Vol. 2","DON!! Card (Kalgara)","","","DON!!","Near Mint","0.52","","1.7400","0.2400","","0","",""
"8945756","One Piece Card Game","Premium Booster -The Best- Vol. 2","DON!! Card (Kalgara)","","","DON!!","Lightly Played","0.38","","1.8900","0.4000","","0","",""
"8945757","One Piece Card Game","Premium Booster -The Best- Vol. 2","DON!! Card (Kalgara)","","","DON!!","Moderately Played","0.23","","","","","0","",""
"8945758","One Piece Card Game","Premium Booster -The Best- Vol. 2","DON!! Card (Kalgara)","","","DON!!","Heavily Played","","","","","","0","",""
"8945759","One Piece Card Game","Premium Booster -The Best- Vol. 2","DON!! Card (Kalgara)","","","DON!!","Damaged","","","","","","0","",""
"8945760","One Piece Card Game","Premium Booster -The Best- Vol. 2","DON!! Card (Kalgara)","","","DON!!","Near Mint Foil","2.78","","3.5000","2.0000","","0","",""
"8945761","One Piece Card Game","Premium Booster -The Best- Vol. 2","DON!! Card (Kalgara)","","","DON!!","Lightly Played Foil","2.36","","4.2000","2.7100","","0","",""
"8945762","One Piece Card Game","Premium Booster -The Best- Vol. 2","DON!! Card (Kalgara)","","","DON!!","Moderately Played Foil","","","","","","0","",""
"8945763","One Piece Card Game","Premium Booster -The Best- Vol. 2","DON!! Card (Kalgara)","","","DON!!","Heavily Played Foil","","","","","","0","",""
"8945764","One Piece Card Game","Premium Booster -The Best- Vol. 2","DON!! Card (Kalgara)","","","DON!!","Damaged Foil","","","","","","0","",""
"8945750","One Piece Card Game","Premium Booster -The Best- Vol. 2","DON!! Card (Kalgara) (Gold)","","","DON!!","Near Mint Foil","53.94","","56.3100","55.0000","","0","",""
"8945751","One Piece Card Game","Premium Booster -The Best- Vol. 2","DON!! Card (Kalgara) (Gold)","","","DON!!","Lightly Played Foil","47.41","","","","","0","",""
"8945752","One Piece Card Game","Premium Booster -The Best- Vol. 2","DON!! Card (Kalgara) (Gold)","","","DON!!","Moderately Played Foil","","","","","","0","",""
"8945753","One Piece Card Game","Premium Booster -The Best- Vol. 2","DON!! Card (Kalgara) (Gold)","","","DON!!","Heavily Played Foil","","","","","","0","",""
"8945754","One Piece Card Game","Premium Booster -The Best- Vol. 2","DON!! Card (Kalgara) (Gold)","","","DON!!","Damaged Foil","","","","","","0","",""
"8941506","One Piece Card Game","Premium Booster -The Best- Vol. 2","DON!! Card (Koby)","","","DON!!","Near Mint","0.68","","1.8800","0.3800","","0","",""
"8941507","One Piece Card Game","Premium Booster -The Best- Vol. 2","DON!! Card (Koby)","","","DON!!","Lightly Played","0.49","","1.9700","0.4800","","0","",""
"8941508","One Piece Card Game","Premium Booster -The Best- Vol. 2","DON!! Card (Koby)","","","DON!!","Moderately Played","","","","","","0","",""
"8941509","One Piece Card Game","Premium Booster -The Best- Vol. 2","DON!! Card (Koby)","","","DON!!","Heavily Played","","","","","","0","",""
"8941510","One Piece Card Game","Premium Booster -The Best- Vol. 2","DON!! Card (Koby)","","","DON!!","Damaged","0.25","","","","","0","",""
"8941511","One Piece Card Game","Premium Booster -The Best- Vol. 2","DON!! Card (Koby)","","","DON!!","Near Mint Foil","2.23","","3.7000","2.2100","","0","",""
"8941512","One Piece Card Game","Premium Booster -The Best- Vol. 2","DON!! Card (Koby)","","","DON!!","Lightly Played Foil","1.51","","4.5000","1.5100","","0","",""
"8941513","One Piece Card Game","Premium Booster -The Best- Vol. 2","DON!! Card (Koby)","","","DON!!","Moderately Played Foil","","","","","","0","",""
"8941514","One Piece Card Game","Premium Booster -The Best- Vol. 2","DON!! Card (Koby)","","","DON!!","Heavily Played Foil","","","","","","0","",""
"8941515","One Piece Card Game","Premium Booster -The Best- Vol. 2","DON!! Card (Koby)","","","DON!!","Damaged Foil","","","","","","0","",""
"8941526","One Piece Card Game","Premium Booster -The Best- Vol. 2","DON!! Card (Koby) (Gold)","","","DON!!","Near Mint Foil","55.20","","55.8600","55.8600","","0","",""
"8941527","One Piece Card Game","Premium Booster -The Best- Vol. 2","DON!! Card (Koby) (Gold)","","","DON!!","Lightly Played Foil","","","44.0000","44.0000","","0","",""
"8941528","One Piece Card Game","Premium Booster -The Best- Vol. 2","DON!! Card (Koby) (Gold)","","","DON!!","Moderately Played Foil","","","","","","0","",""
"8941529","One Piece Card Game","Premium Booster -The Best- Vol. 2","DON!! Card (Koby) (Gold)","","","DON!!","Heavily Played Foil","","","","","","0","",""
"8941530","One Piece Card Game","Premium Booster -The Best- Vol. 2","DON!! Card (Koby) (Gold)","","","DON!!","Damaged Foil","","","45.7100","45.7100","","0","",""
"8945765","One Piece Card Game","Premium Booster -The Best- Vol. 2","DON!! Card (Kyros)","","","DON!!","Near Mint","0.33","","1.6400","0.1500","","0","",""
"8945766","One Piece Card Game","Premium Booster -The Best- Vol. 2","DON!! Card (Kyros)","","","DON!!","Lightly Played","0.27","","1.6900","0.2000","","0","",""
"8945767","One Piece Card Game","Premium Booster -The Best- Vol. 2","DON!! Card (Kyros)","","","DON!!","Moderately Played","","","","","","0","",""
"8945768","One Piece Card Game","Premium Booster -The Best- Vol. 2","DON!! Card (Kyros)","","","DON!!","Heavily Played","","","","","","0","",""
"8945769","One Piece Card Game","Premium Booster -The Best- Vol. 2","DON!! Card (Kyros)","","","DON!!","Damaged","","","","","","0","",""
"8945770","One Piece Card Game","Premium Booster -The Best- Vol. 2","DON!! Card (Kyros)","","","DON!!","Near Mint Foil","0.79","","1.7500","0.2500","","0","",""
"8945771","One Piece Card Game","Premium Booster -The Best- Vol. 2","DON!! Card (Kyros)","","","DON!!","Lightly Played Foil","0.59","","2.8700","1.2500","","0","",""
"8945772","One Piece Card Game","Premium Booster -The Best- Vol. 2","DON!! Card (Kyros)","","","DON!!","Moderately Played Foil","","","3.4300","1.9400","","0","",""
"8945773","One Piece Card Game","Premium Booster -The Best- Vol. 2","DON!! Card (Kyros)","","","DON!!","Heavily Played Foil","","","","","","0","",""
"8945774","One Piece Card Game","Premium Booster -The Best- Vol. 2","DON!! Card (Kyros)","","","DON!!","Damaged Foil","","","","","","0","",""
"8945775","One Piece Card Game","Premium Booster -The Best- Vol. 2","DON!! Card (Kyros) (Gold)","","","DON!!","Near Mint Foil","27.18","","26.4500","25.2300","","0","",""
"8945776","One Piece Card Game","Premium Booster -The Best- Vol. 2","DON!! Card (Kyros) (Gold)","","","DON!!","Lightly Played Foil","23.99","","23.9300","23.9300","","0","",""
"8945777","One Piece Card Game","Premium Booster -The Best- Vol. 2","DON!! Card (Kyros) (Gold)","","","DON!!","Moderately Played Foil","","","","","","0","",""
"8945778","One Piece Card Game","Premium Booster -The Best- Vol. 2","DON!! Card (Kyros) (Gold)","","","DON!!","Heavily Played Foil","","","","","","0","",""
"8945779","One Piece Card Game","Premium Booster -The Best- Vol. 2","DON!! Card (Kyros) (Gold)","","","DON!!","Damaged Foil","","","","","","0","",""
"8944466","One Piece Card Game","Premium Booster -The Best- Vol. 2","DON!! Card (Lim)","","","DON!!","Near Mint","0.49","","1.6900","0.2000","","0","",""
"8944467","One Piece Card Game","Premium Booster -The Best- Vol. 2","DON!! Card (Lim)","","","DON!!","Lightly Played","0.42","","1.6300","0.0800","","0","",""
"8944468","One Piece Card Game","Premium Booster -The Best- Vol. 2","DON!! Card (Lim)","","","DON!!","Moderately Played","","","","","","0","",""
"8944469","One Piece Card Game","Premium Booster -The Best- Vol. 2","DON!! Card (Lim)","","","DON!!","Heavily Played","","","","","","0","",""
"8944470","One Piece Card Game","Premium Booster -The Best- Vol. 2","DON!! Card (Lim)","","","DON!!","Damaged","","","","","","0","",""
"8944471","One Piece Card Game","Premium Booster -The Best- Vol. 2","DON!! Card (Lim)","","","DON!!","Near Mint Foil","1.93","","2.9900","1.5000","","0","",""
"8944472","One Piece Card Game","Premium Booster -The Best- Vol. 2","DON!! Card (Lim)","","","DON!!","Lightly Played Foil","2.41","","3.4900","2.0000","","0","",""
"8944473","One Piece Card Game","Premium Booster -The Best- Vol. 2","DON!! Card (Lim)","","","DON!!","Moderately Played Foil","","","","","","0","",""
"8944474","One Piece Card Game","Premium Booster -The Best- Vol. 2","DON!! Card (Lim)","","","DON!!","Heavily Played Foil","","","","","","0","",""
"8944475","One Piece Card Game","Premium Booster -The Best- Vol. 2","DON!! Card (Lim)","","","DON!!","Damaged Foil","","","","","","0","",""
"8944476","One Piece Card Game","Premium Booster -The Best- Vol. 2","DON!! Card (Lim) (Gold)","","","DON!!","Near Mint Foil","37.65","","38.4900","37.0000","","0","",""
"8944477","One Piece Card Game","Premium Booster -The Best- Vol. 2","DON!! Card (Lim) (Gold)","","","DON!!","Lightly Played Foil","","","36.4900","35.5000","","0","",""
"8944478","One Piece Card Game","Premium Booster -The Best- Vol. 2","DON!! Card (Lim) (Gold)","","","DON!!","Moderately Played Foil","","","","","","0","",""
"8944479","One Piece Card Game","Premium Booster -The Best- Vol. 2","DON!! Card (Lim) (Gold)","","","DON!!","Heavily Played Foil","","","","","","0","",""
"8944480","One Piece Card Game","Premium Booster -The Best- Vol. 2","DON!! Card (Lim) (Gold)","","","DON!!","Damaged Foil","","","","","","0","",""
"8941381","One Piece Card Game","Premium Booster -The Best- Vol. 2","DON!! Card (Marco)","","","DON!!","Near Mint","0.69","","1.8900","0.3900","","0","",""
"8941382","One Piece Card Game","Premium Booster -The Best- Vol. 2","DON!! Card (Marco)","","","DON!!","Lightly Played","0.50","","1.9900","0.5000","","0","",""
"8941383","One Piece Card Game","Premium Booster -The Best- Vol. 2","DON!! Card (Marco)","","","DON!!","Moderately Played","0.10","","","","","0","",""
"8941384","One Piece Card Game","Premium Booster -The Best- Vol. 2","DON!! Card (Marco)","","","DON!!","Heavily Played","","","","","","0","",""
"8941385","One Piece Card Game","Premium Booster -The Best- Vol. 2","DON!! Card (Marco)","","","DON!!","Damaged","","","","","","0","",""
"8941386","One Piece Card Game","Premium Booster -The Best- Vol. 2","DON!! Card (Marco)","","","DON!!","Near Mint Foil","2.64","","3.7400","2.2500","","0","",""
"8941387","One Piece Card Game","Premium Booster -The Best- Vol. 2","DON!! Card (Marco)","","","DON!!","Lightly Played Foil","2.59","","4.0800","2.5900","","0","",""
"8941388","One Piece Card Game","Premium Booster -The Best- Vol. 2","DON!! Card (Marco)","","","DON!!","Moderately Played Foil","","","","","","0","",""
"8941389","One Piece Card Game","Premium Booster -The Best- Vol. 2","DON!! Card (Marco)","","","DON!!","Heavily Played Foil","","","","","","0","",""
"8941390","One Piece Card Game","Premium Booster -The Best- Vol. 2","DON!! Card (Marco)","","","DON!!","Damaged Foil","","","","","","0","",""
"8941391","One Piece Card Game","Premium Booster -The Best- Vol. 2","DON!! Card (Marco) (Gold)","","","DON!!","Near Mint Foil","66.37","","73.0100","71.0200","","0","",""
"8941392","One Piece Card Game","Premium Booster -The Best- Vol. 2","DON!! Card (Marco) (Gold)","","","DON!!","Lightly Played Foil","60.00","","","","","0","",""
"8941393","One Piece Card Game","Premium Booster -The Best- Vol. 2","DON!! Card (Marco) (Gold)","","","DON!!","Moderately Played Foil","","","","","","0","",""
"8941394","One Piece Card Game","Premium Booster -The Best- Vol. 2","DON!! Card (Marco) (Gold)","","","DON!!","Heavily Played Foil","","","","","","0","",""
"8941395","One Piece Card Game","Premium Booster -The Best- Vol. 2","DON!! Card (Marco) (Gold)","","","DON!!","Damaged Foil","","","","","","0","",""
"8946462","One Piece Card Game","Premium Booster -The Best- Vol. 2","DON!! Card (Nami)","","","DON!!","Near Mint","1.40","","2.6900","1.2000","","0","",""
"8946463","One Piece Card Game","Premium Booster -The Best- Vol. 2","DON!! Card (Nami)","","","DON!!","Lightly Played","1.69","","2.9900","1.5000","","0","",""
"8946464","One Piece Card Game","Premium Booster -The Best- Vol. 2","DON!! Card (Nami)","","","DON!!","Moderately Played","","","","","","0","",""
"8946465","One Piece Card Game","Premium Booster -The Best- Vol. 2","DON!! Card (Nami)","","","DON!!","Heavily Played","","","","","","0","",""
"8946466","One Piece Card Game","Premium Booster -The Best- Vol. 2","DON!! Card (Nami)","","","DON!!","Damaged","","","","","","0","",""
"8946467","One Piece Card Game","Premium Booster -The Best- Vol. 2","DON!! Card (Nami)","","","DON!!","Near Mint Foil","8.69","","8.3300","6.8400","","0","",""
"8946468","One Piece Card Game","Premium Booster -The Best- Vol. 2","DON!! Card (Nami)","","","DON!!","Lightly Played Foil","8.01","","11.0000","8.0100","","0","",""
"8946469","One Piece Card Game","Premium Booster -The Best- Vol. 2","DON!! Card (Nami)","","","DON!!","Moderately Played Foil","","","8.7500","8.7500","","0","",""
"8946470","One Piece Card Game","Premium Booster -The Best- Vol. 2","DON!! Card (Nami)","","","DON!!","Heavily Played Foil","","","","","","0","",""
"8946471","One Piece Card Game","Premium Booster -The Best- Vol. 2","DON!! Card (Nami)","","","DON!!","Damaged Foil","","","","","","0","",""
"8946472","One Piece Card Game","Premium Booster -The Best- Vol. 2","DON!! Card (Nami) (Gold)","","","DON!!","Near Mint Foil","202.37","","290.0000","290.0000","","0","",""
"8946473","One Piece Card Game","Premium Booster -The Best- Vol. 2","DON!! Card (Nami) (Gold)","","","DON!!","Lightly Played Foil","160.00","","","","","0","",""
"8946474","One Piece Card Game","Premium Booster -The Best- Vol. 2","DON!! Card (Nami) (Gold)","","","DON!!","Moderately Played Foil","","","","","","0","",""
"8946475","One Piece Card Game","Premium Booster -The Best- Vol. 2","DON!! Card (Nami) (Gold)","","","DON!!","Heavily Played Foil","","","","","","0","",""
"8946476","One Piece Card Game","Premium Booster -The Best- Vol. 2","DON!! Card (Nami) (Gold)","","","DON!!","Damaged Foil","","","","","","0","",""
"8941606","One Piece Card Game","Premium Booster -The Best- Vol. 2","DON!! Card (Pudding)","","","DON!!","Near Mint","1.03","","1.9500","0.4600","","0","",""
"8941607","One Piece Card Game","Premium Booster -The Best- Vol. 2","DON!! Card (Pudding)","","","DON!!","Lightly Played","0.66","","2.3700","0.7500","","0","",""
"8941608","One Piece Card Game","Premium Booster -The Best- Vol. 2","DON!! Card (Pudding)","","","DON!!","Moderately Played","","","","","","0","",""
"8941609","One Piece Card Game","Premium Booster -The Best- Vol. 2","DON!! Card (Pudding)","","","DON!!","Heavily Played","","","","","","0","",""
"8941610","One Piece Card Game","Premium Booster -The Best- Vol. 2","DON!! Card (Pudding)","","","DON!!","Damaged","0.20","","","","","0","",""
"8941611","One Piece Card Game","Premium Booster -The Best- Vol. 2","DON!! Card (Pudding)","","","DON!!","Near Mint Foil","3.44","","5.4900","4.0000","","0","",""
"8941612","One Piece Card Game","Premium Booster -The Best- Vol. 2","DON!! Card (Pudding)","","","DON!!","Lightly Played Foil","3.71","","8.2100","6.9900","","0","",""
"8941613","One Piece Card Game","Premium Booster -The Best- Vol. 2","DON!! Card (Pudding)","","","DON!!","Moderately Played Foil","","","","","","0","",""
"8941614","One Piece Card Game","Premium Booster -The Best- Vol. 2","DON!! Card (Pudding)","","","DON!!","Heavily Played Foil","","","","","","0","",""
"8941615","One Piece Card Game","Premium Booster -The Best- Vol. 2","DON!! Card (Pudding)","","","DON!!","Damaged Foil","","","","","","0","",""
"8941616","One Piece Card Game","Premium Booster -The Best- Vol. 2","DON!! Card (Pudding) (Gold)","","","DON!!","Near Mint Foil","90.03","","92.9800","92.9800","","0","",""
"8941617","One Piece Card Game","Premium Booster -The Best- Vol. 2","DON!! Card (Pudding) (Gold)","","","DON!!","Lightly Played Foil","79.02","","","","","0","",""
"8941618","One Piece Card Game","Premium Booster -The Best- Vol. 2","DON!! Card (Pudding) (Gold)","","","DON!!","Moderately Played Foil","","","","","","0","",""
"8941619","One Piece Card Game","Premium Booster -The Best- Vol. 2","DON!! Card (Pudding) (Gold)","","","DON!!","Heavily Played Foil","","","","","","0","",""
"8941620","One Piece Card Game","Premium Booster -The Best- Vol. 2","DON!! Card (Pudding) (Gold)","","","DON!!","Damaged Foil","34.99","","","","","0","",""
"8941456","One Piece Card Game","Premium Booster -The Best- Vol. 2","DON!! Card (Rob Lucci)","","","DON!!","Near Mint","0.50","","1.6900","0.2000","","0","",""
"8941457","One Piece Card Game","Premium Booster -The Best- Vol. 2","DON!! Card (Rob Lucci)","","","DON!!","Lightly Played","0.46","","1.9000","0.4000","","0","",""
"8941458","One Piece Card Game","Premium Booster -The Best- Vol. 2","DON!! Card (Rob Lucci)","","","DON!!","Moderately Played","0.10","","","","","0","",""
"8941459","One Piece Card Game","Premium Booster -The Best- Vol. 2","DON!! Card (Rob Lucci)","","","DON!!","Heavily Played","","","","","","0","",""
"8941460","One Piece Card Game","Premium Booster -The Best- Vol. 2","DON!! Card (Rob Lucci)","","","DON!!","Damaged","","","","","","0","",""
"8941461","One Piece Card Game","Premium Booster -The Best- Vol. 2","DON!! Card (Rob Lucci)","","","DON!!","Near Mint Foil","1.00","","1.9900","0.5000","","0","",""
"8941462","One Piece Card Game","Premium Booster -The Best- Vol. 2","DON!! Card (Rob Lucci)","","","DON!!","Lightly Played Foil","0.63","","2.4900","1.0000","","0","",""
"8941463","One Piece Card Game","Premium Booster -The Best- Vol. 2","DON!! Card (Rob Lucci)","","","DON!!","Moderately Played Foil","","","","","","0","",""
"8941464","One Piece Card Game","Premium Booster -The Best- Vol. 2","DON!! Card (Rob Lucci)","","","DON!!","Heavily Played Foil","","","","","","0","",""
"8941465","One Piece Card Game","Premium Booster -The Best- Vol. 2","DON!! Card (Rob Lucci)","","","DON!!","Damaged Foil","","","","","","0","",""
"8941466","One Piece Card Game","Premium Booster -The Best- Vol. 2","DON!! Card (Rob Lucci) (Gold)","","","DON!!","Near Mint Foil","35.68","","39.9400","38.9500","","0","",""
"8941467","One Piece Card Game","Premium Booster -The Best- Vol. 2","DON!! Card (Rob Lucci) (Gold)","","","DON!!","Lightly Played Foil","37.00","","54.5000","52.8800","","0","",""
"8941468","One Piece Card Game","Premium Booster -The Best- Vol. 2","DON!! Card (Rob Lucci) (Gold)","","","DON!!","Moderately Played Foil","","","","","","0","",""
"8941469","One Piece Card Game","Premium Booster -The Best- Vol. 2","DON!! Card (Rob Lucci) (Gold)","","","DON!!","Heavily Played Foil","","","","","","0","",""
"8941470","One Piece Card Game","Premium Booster -The Best- Vol. 2","DON!! Card (Rob Lucci) (Gold)","","","DON!!","Damaged Foil","","","","","","0","",""
"8946578","One Piece Card Game","Premium Booster -The Best- Vol. 2","DON!! Card (Robin)","","","DON!!","Near Mint","1.51","","2.1900","0.7000","","0","",""
"8946579","One Piece Card Game","Premium Booster -The Best- Vol. 2","DON!! Card (Robin)","","","DON!!","Lightly Played","1.37","","2.8500","1.3600","","0","",""
"8946580","One Piece Card Game","Premium Booster -The Best- Vol. 2","DON!! Card (Robin)","","","DON!!","Moderately Played","","","","","","0","",""
"8946581","One Piece Card Game","Premium Booster -The Best- Vol. 2","DON!! Card (Robin)","","","DON!!","Heavily Played","","","","","","0","",""
"8946582","One Piece Card Game","Premium Booster -The Best- Vol. 2","DON!! Card (Robin)","","","DON!!","Damaged","","","","","","0","",""
"8946583","One Piece Card Game","Premium Booster -The Best- Vol. 2","DON!! Card (Robin)","","","DON!!","Near Mint Foil","6.71","","7.0200","5.7500","","0","",""
"8946584","One Piece Card Game","Premium Booster -The Best- Vol. 2","DON!! Card (Robin)","","","DON!!","Lightly Played Foil","7.51","","7.7300","7.7300","","0","",""
"8946585","One Piece Card Game","Premium Booster -The Best- Vol. 2","DON!! Card (Robin)","","","DON!!","Moderately Played Foil","","","","","","0","",""
"8946586","One Piece Card Game","Premium Booster -The Best- Vol. 2","DON!! Card (Robin)","","","DON!!","Heavily Played Foil","","","","","","0","",""
"8946587","One Piece Card Game","Premium Booster -The Best- Vol. 2","DON!! Card (Robin)","","","DON!!","Damaged Foil","","","","","","0","",""
"8946588","One Piece Card Game","Premium Booster -The Best- Vol. 2","DON!! Card (Robin) (Gold)","","","DON!!","Near Mint Foil","164.79","","161.4900","161.4900","","0","",""
"8946589","One Piece Card Game","Premium Booster -The Best- Vol. 2","DON!! Card (Robin) (Gold)","","","DON!!","Lightly Played Foil","159.88","","149.9800","148.9900","","0","",""
"8946590","One Piece Card Game","Premium Booster -The Best- Vol. 2","DON!! Card (Robin) (Gold)","","","DON!!","Moderately Played Foil","146.28","","","","","0","",""
"8946591","One Piece Card Game","Premium Booster -The Best- Vol. 2","DON!! Card (Robin) (Gold)","","","DON!!","Heavily Played Foil","","","","","","0","",""
"8946592","One Piece Card Game","Premium Booster -The Best- Vol. 2","DON!! Card (Robin) (Gold)","","","DON!!","Damaged Foil","","","","","","0","",""
"8946568","One Piece Card Game","Premium Booster -The Best- Vol. 2","DON!! Card (Sanji)","","","DON!!","Near Mint","0.78","","1.8900","0.3900","","0","",""
"8946569","One Piece Card Game","Premium Booster -The Best- Vol. 2","DON!! Card (Sanji)","","","DON!!","Lightly Played","0.57","","2.2400","0.7500","","0","",""
"8946570","One Piece Card Game","Premium Booster -The Best- Vol. 2","DON!! Card (Sanji)","","","DON!!","Moderately Played","0.25","","","","","0","",""
"8946571","One Piece Card Game","Premium Booster -The Best- Vol. 2","DON!! Card (Sanji)","","","DON!!","Heavily Played","","","","","","0","",""
"8946572","One Piece Card Game","Premium Booster -The Best- Vol. 2","DON!! Card (Sanji)","","","DON!!","Damaged","","","","","","0","",""
"8946573","One Piece Card Game","Premium Booster -The Best- Vol. 2","DON!! Card (Sanji)","","","DON!!","Near Mint Foil","2.22","","3.4900","2.0000","","0","",""
"8946574","One Piece Card Game","Premium Booster -The Best- Vol. 2","DON!! Card (Sanji)","","","DON!!","Lightly Played Foil","1.89","","3.5000","2.0000","","0","",""
"8946575","One Piece Card Game","Premium Booster -The Best- Vol. 2","DON!! Card (Sanji)","","","DON!!","Moderately Played Foil","","","","","","0","",""
"8946576","One Piece Card Game","Premium Booster -The Best- Vol. 2","DON!! Card (Sanji)","","","DON!!","Heavily Played Foil","","","","","","0","",""
"8946577","One Piece Card Game","Premium Booster -The Best- Vol. 2","DON!! Card (Sanji)","","","DON!!","Damaged Foil","","","","","","0","",""
"8946563","One Piece Card Game","Premium Booster -The Best- Vol. 2","DON!! Card (Sanji) (Gold)","","","DON!!","Near Mint Foil","59.64","","65.9900","64.5900","","0","",""
"8946564","One Piece Card Game","Premium Booster -The Best- Vol. 2","DON!! Card (Sanji) (Gold)","","","DON!!","Lightly Played Foil","","","","","","0","",""
"8946565","One Piece Card Game","Premium Booster -The Best- Vol. 2","DON!! Card (Sanji) (Gold)","","","DON!!","Moderately Played Foil","","","","","","0","",""
"8946566","One Piece Card Game","Premium Booster -The Best- Vol. 2","DON!! Card (Sanji) (Gold)","","","DON!!","Heavily Played Foil","","","","","","0","",""
"8946567","One Piece Card Game","Premium Booster -The Best- Vol. 2","DON!! Card (Sanji) (Gold)","","","DON!!","Damaged Foil","","","","","","0","",""
"8941471","One Piece Card Game","Premium Booster -The Best- Vol. 2","DON!! Card (Shanks)","","","DON!!","Near Mint","2.85","","3.0000","1.0000","","0","",""
"8941472","One Piece Card Game","Premium Booster -The Best- Vol. 2","DON!! Card (Shanks)","","","DON!!","Lightly Played","2.17","","5.0000","5.0000","","0","",""
"8941473","One Piece Card Game","Premium Booster -The Best- Vol. 2","DON!! Card (Shanks)","","","DON!!","Moderately Played","1.57","","","","","0","",""
"8941474","One Piece Card Game","Premium Booster -The Best- Vol. 2","DON!! Card (Shanks)","","","DON!!","Heavily Played","","","","","","0","",""
"8941475","One Piece Card Game","Premium Booster -The Best- Vol. 2","DON!! Card (Shanks)","","","DON!!","Damaged","0.99","","","","","0","",""
"8941476","One Piece Card Game","Premium Booster -The Best- Vol. 2","DON!! Card (Shanks)","","","DON!!","Near Mint Foil","17.45","","17.6200","17.6200","","0","",""
"8941477","One Piece Card Game","Premium Booster -The Best- Vol. 2","DON!! Card (Shanks)","","","DON!!","Lightly Played Foil","9.05","","10.2800","10.2800","","0","",""
"8941478","One Piece Card Game","Premium Booster -The Best- Vol. 2","DON!! Card (Shanks)","","","DON!!","Moderately Played Foil","","","","","","0","",""
"8941479","One Piece Card Game","Premium Booster -The Best- Vol. 2","DON!! Card (Shanks)","","","DON!!","Heavily Played Foil","","","","","","0","",""
"8941480","One Piece Card Game","Premium Booster -The Best- Vol. 2","DON!! Card (Shanks)","","","DON!!","Damaged Foil","","","","","","0","",""
"8941486","One Piece Card Game","Premium Booster -The Best- Vol. 2","DON!! Card (Shanks) (Gold)","","","DON!!","Near Mint Foil","158.71","","160.0000","160.0000","","0","",""
"8941487","One Piece Card Game","Premium Booster -The Best- Vol. 2","DON!! Card (Shanks) (Gold)","","","DON!!","Lightly Played Foil","145.00","","","","","0","",""
"8941488","One Piece Card Game","Premium Booster -The Best- Vol. 2","DON!! Card (Shanks) (Gold)","","","DON!!","Moderately Played Foil","","","","","","0","",""
"8941489","One Piece Card Game","Premium Booster -The Best- Vol. 2","DON!! Card (Shanks) (Gold)","","","DON!!","Heavily Played Foil","","","","","","0","",""
"8941490","One Piece Card Game","Premium Booster -The Best- Vol. 2","DON!! Card (Shanks) (Gold)","","","DON!!","Damaged Foil","","","","","","0","",""
"8944640","One Piece Card Game","Premium Booster -The Best- Vol. 2","DON!! Card (Shirahoshi)","","","DON!!","Near Mint","0.77","","1.8900","0.4000","","0","",""
"8944641","One Piece Card Game","Premium Booster -The Best- Vol. 2","DON!! Card (Shirahoshi)","","","DON!!","Lightly Played","0.73","","2.4300","0.9400","","0","",""
"8944642","One Piece Card Game","Premium Booster -The Best- Vol. 2","DON!! Card (Shirahoshi)","","","DON!!","Moderately Played","0.30","","1.7900","0.3000","","0","",""
"8944643","One Piece Card Game","Premium Booster -The Best- Vol. 2","DON!! Card (Shirahoshi)","","","DON!!","Heavily Played","","","","","","0","",""
"8944644","One Piece Card Game","Premium Booster -The Best- Vol. 2","DON!! Card (Shirahoshi)","","","DON!!","Damaged","","","","","","0","",""
"8944645","One Piece Card Game","Premium Booster -The Best- Vol. 2","DON!! Card (Shirahoshi)","","","DON!!","Near Mint Foil","3.07","","4.4900","2.5000","","0","",""
"8944646","One Piece Card Game","Premium Booster -The Best- Vol. 2","DON!! Card (Shirahoshi)","","","DON!!","Lightly Played Foil","2.92","","4.7400","3.2500","","0","",""
"8944647","One Piece Card Game","Premium Booster -The Best- Vol. 2","DON!! Card (Shirahoshi)","","","DON!!","Moderately Played Foil","","","","","","0","",""
"8944648","One Piece Card Game","Premium Booster -The Best- Vol. 2","DON!! Card (Shirahoshi)","","","DON!!","Heavily Played Foil","","","","","","0","",""
"8944649","One Piece Card Game","Premium Booster -The Best- Vol. 2","DON!! Card (Shirahoshi)","","","DON!!","Damaged Foil","","","","","","0","",""
"8944650","One Piece Card Game","Premium Booster -The Best- Vol. 2","DON!! Card (Shirahoshi) (Gold)","","","DON!!","Near Mint Foil","42.18","","42.2000","42.2000","","0","",""
"8944651","One Piece Card Game","Premium Booster -The Best- Vol. 2","DON!! Card (Shirahoshi) (Gold)","","","DON!!","Lightly Played Foil","","","54.9900","54.9900","","0","",""
"8944652","One Piece Card Game","Premium Booster -The Best- Vol. 2","DON!! Card (Shirahoshi) (Gold)","","","DON!!","Moderately Played Foil","","","","","","0","",""
"8944653","One Piece Card Game","Premium Booster -The Best- Vol. 2","DON!! Card (Shirahoshi) (Gold)","","","DON!!","Heavily Played Foil","","","","","","0","",""
"8944654","One Piece Card Game","Premium Booster -The Best- Vol. 2","DON!! Card (Shirahoshi) (Gold)","","","DON!!","Damaged Foil","","","","","","0","",""
"8941551","One Piece Card Game","Premium Booster -The Best- Vol. 2","DON!! Card (Smoker)","","","DON!!","Near Mint","0.83","","1.7400","0.2500","","0","",""
"8941552","One Piece Card Game","Premium Booster -The Best- Vol. 2","DON!! Card (Smoker)","","","DON!!","Lightly Played","0.53","","1.9600","0.4700","","0","",""
"8941553","One Piece Card Game","Premium Booster -The Best- Vol. 2","DON!! Card (Smoker)","","","DON!!","Moderately Played","0.25","","","","","0","",""
"8941554","One Piece Card Game","Premium Booster -The Best- Vol. 2","DON!! Card (Smoker)","","","DON!!","Heavily Played","","","","","","0","",""
"8941555","One Piece Card Game","Premium Booster -The Best- Vol. 2","DON!! Card (Smoker)","","","DON!!","Damaged","","","9.9900","9.9900","","0","",""
"8941556","One Piece Card Game","Premium Booster -The Best- Vol. 2","DON!! Card (Smoker)","","","DON!!","Near Mint Foil","2.65","","3.4900","2.0000","","0","",""
"8941557","One Piece Card Game","Premium Booster -The Best- Vol. 2","DON!! Card (Smoker)","","","DON!!","Lightly Played Foil","3.00","","4.2000","2.7100","","0","",""
"8941558","One Piece Card Game","Premium Booster -The Best- Vol. 2","DON!! Card (Smoker)","","","DON!!","Moderately Played Foil","","","","","","0","",""
"8941559","One Piece Card Game","Premium Booster -The Best- Vol. 2","DON!! Card (Smoker)","","","DON!!","Heavily Played Foil","","","","","","0","",""
"8941560","One Piece Card Game","Premium Booster -The Best- Vol. 2","DON!! Card (Smoker)","","","DON!!","Damaged Foil","","","","","","0","",""
"8941546","One Piece Card Game","Premium Booster -The Best- Vol. 2","DON!! Card (Smoker) (Gold)","","","DON!!","Near Mint Foil","48.46","","59.2100","57.9000","","0","",""
"8941547","One Piece Card Game","Premium Booster -The Best- Vol. 2","DON!! Card (Smoker) (Gold)","","","DON!!","Lightly Played Foil","46.05","","56.8800","54.8900","","0","",""
"8941548","One Piece Card Game","Premium Booster -The Best- Vol. 2","DON!! Card (Smoker) (Gold)","","","DON!!","Moderately Played Foil","","","","","","0","",""
"8941549","One Piece Card Game","Premium Booster -The Best- Vol. 2","DON!! Card (Smoker) (Gold)","","","DON!!","Heavily Played Foil","","","","","","0","",""
"8941550","One Piece Card Game","Premium Booster -The Best- Vol. 2","DON!! Card (Smoker) (Gold)","","","DON!!","Damaged Foil","","","","","","0","",""
"8944655","One Piece Card Game","Premium Booster -The Best- Vol. 2","DON!! Card (Sugar)","","","DON!!","Near Mint","0.46","","1.5500","0.0600","","0","",""
"8944656","One Piece Card Game","Premium Booster -The Best- Vol. 2","DON!! Card (Sugar)","","","DON!!","Lightly Played","0.43","","1.7900","0.3000","","0","",""
"8944657","One Piece Card Game","Premium Booster -The Best- Vol. 2","DON!! Card (Sugar)","","","DON!!","Moderately Played","","","1.9900","0.5000","","0","",""
"8944658","One Piece Card Game","Premium Booster -The Best- Vol. 2","DON!! Card (Sugar)","","","DON!!","Heavily Played","","","","","","0","",""
"8944659","One Piece Card Game","Premium Booster -The Best- Vol. 2","DON!! Card (Sugar)","","","DON!!","Damaged","","","1.7400","0.2500","","0","",""
"8944660","One Piece Card Game","Premium Booster -The Best- Vol. 2","DON!! Card (Sugar)","","","DON!!","Near Mint Foil","1.77","","3.2500","1.7600","","0","",""
"8944661","One Piece Card Game","Premium Booster -The Best- Vol. 2","DON!! Card (Sugar)","","","DON!!","Lightly Played Foil","1.99","","3.3900","0.9000","","0","",""
"8944662","One Piece Card Game","Premium Booster -The Best- Vol. 2","DON!! Card (Sugar)","","","DON!!","Moderately Played Foil","","","","","","0","",""
"8944663","One Piece Card Game","Premium Booster -The Best- Vol. 2","DON!! Card (Sugar)","","","DON!!","Heavily Played Foil","","","","","","0","",""
"8944664","One Piece Card Game","Premium Booster -The Best- Vol. 2","DON!! Card (Sugar)","","","DON!!","Damaged Foil","","","","","","0","",""
"8944665","One Piece Card Game","Premium Booster -The Best- Vol. 2","DON!! Card (Sugar) (Gold)","","","DON!!","Near Mint Foil","49.58","","44.9900","44.9900","","0","",""
"8944666","One Piece Card Game","Premium Booster -The Best- Vol. 2","DON!! Card (Sugar) (Gold)","","","DON!!","Lightly Played Foil","46.99","","","","","0","",""
"8944667","One Piece Card Game","Premium Booster -The Best- Vol. 2","DON!! Card (Sugar) (Gold)","","","DON!!","Moderately Played Foil","","","","","","0","",""
"8944668","One Piece Card Game","Premium Booster -The Best- Vol. 2","DON!! Card (Sugar) (Gold)","","","DON!!","Heavily Played Foil","","","","","","0","",""
"8944669","One Piece Card Game","Premium Booster -The Best- Vol. 2","DON!! Card (Sugar) (Gold)","","","DON!!","Damaged Foil","","","","","","0","",""
"8941516","One Piece Card Game","Premium Booster -The Best- Vol. 2","DON!! Card (Teach)","","","DON!!","Near Mint","1.81","","2.7400","1.2500","","0","",""
"8941517","One Piece Card Game","Premium Booster -The Best- Vol. 2","DON!! Card (Teach)","","","DON!!","Lightly Played","1.25","","2.9900","1.0000","","0","",""
"8941518","One Piece Card Game","Premium Booster -The Best- Vol. 2","DON!! Card (Teach)","","","DON!!","Moderately Played","0.99","","","","","0","",""
"8941519","One Piece Card Game","Premium Booster -The Best- Vol. 2","DON!! Card (Teach)","","","DON!!","Heavily Played","0.98","","","","","0","",""
"8941520","One Piece Card Game","Premium Booster -The Best- Vol. 2","DON!! Card (Teach)","","","DON!!","Damaged","","","","","","0","",""
"8941521","One Piece Card Game","Premium Booster -The Best- Vol. 2","DON!! Card (Teach)","","","DON!!","Near Mint Foil","4.52","","3.2100","1.7200","","0","",""
"8941522","One Piece Card Game","Premium Booster -The Best- Vol. 2","DON!! Card (Teach)","","","DON!!","Lightly Played Foil","2.02","","3.5600","2.0700","","0","",""
"8941523","One Piece Card Game","Premium Booster -The Best- Vol. 2","DON!! Card (Teach)","","","DON!!","Moderately Played Foil","","","","","","0","",""
"8941524","One Piece Card Game","Premium Booster -The Best- Vol. 2","DON!! Card (Teach)","","","DON!!","Heavily Played Foil","","","","","","0","",""
"8941525","One Piece Card Game","Premium Booster -The Best- Vol. 2","DON!! Card (Teach)","","","DON!!","Damaged Foil","","","","","","0","",""
"8941501","One Piece Card Game","Premium Booster -The Best- Vol. 2","DON!! Card (Teach) (Gold)","","","DON!!","Near Mint Foil","131.09","","186.4000","186.4000","","0","",""
"8941502","One Piece Card Game","Premium Booster -The Best- Vol. 2","DON!! Card (Teach) (Gold)","","","DON!!","Lightly Played Foil","113.60","","","","","0","",""
"8941503","One Piece Card Game","Premium Booster -The Best- Vol. 2","DON!! Card (Teach) (Gold)","","","DON!!","Moderately Played Foil","","","","","","0","",""
"8941504","One Piece Card Game","Premium Booster -The Best- Vol. 2","DON!! Card (Teach) (Gold)","","","DON!!","Heavily Played Foil","","","","","","0","",""
"8941505","One Piece Card Game","Premium Booster -The Best- Vol. 2","DON!! Card (Teach) (Gold)","","","DON!!","Damaged Foil","","","","","","0","",""
"8946538","One Piece Card Game","Premium Booster -The Best- Vol. 2","DON!! Card (Usopp)","","","DON!!","Near Mint","0.89","","1.9300","0.4400","","0","",""
"8946539","One Piece Card Game","Premium Booster -The Best- Vol. 2","DON!! Card (Usopp)","","","DON!!","Lightly Played","0.88","","2.3600","0.8700","","0","",""
"8946540","One Piece Card Game","Premium Booster -The Best- Vol. 2","DON!! Card (Usopp)","","","DON!!","Moderately Played","0.50","","1.9900","0.5000","","0","",""
"8946541","One Piece Card Game","Premium Booster -The Best- Vol. 2","DON!! Card (Usopp)","","","DON!!","Heavily Played","0.20","","","","","0","",""
"8946542","One Piece Card Game","Premium Booster -The Best- Vol. 2","DON!! Card (Usopp)","","","DON!!","Damaged","","","9.9900","9.9900","","0","",""
"8946543","One Piece Card Game","Premium Booster -The Best- Vol. 2","DON!! Card (Usopp)","","","DON!!","Near Mint Foil","3.36","","3.8900","2.4000","","0","",""
"8946544","One Piece Card Game","Premium Booster -The Best- Vol. 2","DON!! Card (Usopp)","","","DON!!","Lightly Played Foil","2.73","","5.5600","2.5700","","0","",""
"8946545","One Piece Card Game","Premium Booster -The Best- Vol. 2","DON!! Card (Usopp)","","","DON!!","Moderately Played Foil","2.25","","4.9800","3.4900","","0","",""
"8946546","One Piece Card Game","Premium Booster -The Best- Vol. 2","DON!! Card (Usopp)","","","DON!!","Heavily Played Foil","","","","","","0","",""
"8946547","One Piece Card Game","Premium Booster -The Best- Vol. 2","DON!! Card (Usopp)","","","DON!!","Damaged Foil","","","","","","0","",""
"8946533","One Piece Card Game","Premium Booster -The Best- Vol. 2","DON!! Card (Usopp) (Gold)","","","DON!!","Near Mint Foil","82.36","","89.9700","89.9700","","0","",""
"8946534","One Piece Card Game","Premium Booster -The Best- Vol. 2","DON!! Card (Usopp) (Gold)","","","DON!!","Lightly Played Foil","75.21","","77.8300","75.3300","","0","",""
"8946535","One Piece Card Game","Premium Booster -The Best- Vol. 2","DON!! Card (Usopp) (Gold)","","","DON!!","Moderately Played Foil","","","","","","0","",""
"8946536","One Piece Card Game","Premium Booster -The Best- Vol. 2","DON!! Card (Usopp) (Gold)","","","DON!!","Heavily Played Foil","","","","","","0","",""
"8946537","One Piece Card Game","Premium Booster -The Best- Vol. 2","DON!! Card (Usopp) (Gold)","","","DON!!","Damaged Foil","","","","","","0","",""
"8944451","One Piece Card Game","Premium Booster -The Best- Vol. 2","DON!! Card (Vegapunk)","","","DON!!","Near Mint","0.63","","1.8900","0.4000","","0","",""
"8944452","One Piece Card Game","Premium Booster -The Best- Vol. 2","DON!! Card (Vegapunk)","","","DON!!","Lightly Played","0.45","","1.9400","0.4500","","0","",""
"8944453","One Piece Card Game","Premium Booster -The Best- Vol. 2","DON!! Card (Vegapunk)","","","DON!!","Moderately Played","0.40","","1.8900","0.4000","","0","",""
"8944454","One Piece Card Game","Premium Booster -The Best- Vol. 2","DON!! Card (Vegapunk)","","","DON!!","Heavily Played","","","","","","0","",""
"8944455","One Piece Card Game","Premium Booster -The Best- Vol. 2","DON!! Card (Vegapunk)","","","DON!!","Damaged","","","","","","0","",""
"8944456","One Piece Card Game","Premium Booster -The Best- Vol. 2","DON!! Card (Vegapunk)","","","DON!!","Near Mint Foil","2.32","","3.4200","1.9300","","0","",""
"8944457","One Piece Card Game","Premium Booster -The Best- Vol. 2","DON!! Card (Vegapunk)","","","DON!!","Lightly Played Foil","2.66","","4.1400","2.6500","","0","",""
"8944458","One Piece Card Game","Premium Booster -The Best- Vol. 2","DON!! Card (Vegapunk)","","","DON!!","Moderately Played Foil","","","","","","0","",""
"8944459","One Piece Card Game","Premium Booster -The Best- Vol. 2","DON!! Card (Vegapunk)","","","DON!!","Heavily Played Foil","","","","","","0","",""
"8944460","One Piece Card Game","Premium Booster -The Best- Vol. 2","DON!! Card (Vegapunk)","","","DON!!","Damaged Foil","","","","","","0","",""
"8944461","One Piece Card Game","Premium Booster -The Best- Vol. 2","DON!! Card (Vegapunk) (Gold)","","","DON!!","Near Mint Foil","45.80","","45.0000","45.0000","","0","",""
"8944462","One Piece Card Game","Premium Booster -The Best- Vol. 2","DON!! Card (Vegapunk) (Gold)","","","DON!!","Lightly Played Foil","47.35","","43.9900","43.9900","","0","",""
"8944463","One Piece Card Game","Premium Booster -The Best- Vol. 2","DON!! Card (Vegapunk) (Gold)","","","DON!!","Moderately Played Foil","","","","","","0","",""
"8944464","One Piece Card Game","Premium Booster -The Best- Vol. 2","DON!! Card (Vegapunk) (Gold)","","","DON!!","Heavily Played Foil","","","","","","0","",""
"8944465","One Piece Card Game","Premium Booster -The Best- Vol. 2","DON!! Card (Vegapunk) (Gold)","","","DON!!","Damaged Foil","","","","","","0","",""
"8941576","One Piece Card Game","Premium Booster -The Best- Vol. 2","DON!! Card (Yamato)","","","DON!!","Near Mint","2.24","","3.0000","1.0000","","0","",""
"8941577","One Piece Card Game","Premium Booster -The Best- Vol. 2","DON!! Card (Yamato)","","","DON!!","Lightly Played","3.20","","4.9700","3.4800","","0","",""
"8941578","One Piece Card Game","Premium Booster -The Best- Vol. 2","DON!! Card (Yamato)","","","DON!!","Moderately Played","","","","","","0","",""
"8941579","One Piece Card Game","Premium Booster -The Best- Vol. 2","DON!! Card (Yamato)","","","DON!!","Heavily Played","","","","","","0","",""
"8941580","One Piece Card Game","Premium Booster -The Best- Vol. 2","DON!! Card (Yamato)","","","DON!!","Damaged","","","9.9900","9.9900","","0","",""
"8941581","One Piece Card Game","Premium Booster -The Best- Vol. 2","DON!! Card (Yamato)","","","DON!!","Near Mint Foil","12.40","","13.9890","13.9890","","0","",""
"8941582","One Piece Card Game","Premium Booster -The Best- Vol. 2","DON!! Card (Yamato)","","","DON!!","Lightly Played Foil","5.76","","14.1700","12.5500","","0","",""
"8941583","One Piece Card Game","Premium Booster -The Best- Vol. 2","DON!! Card (Yamato)","","","DON!!","Moderately Played Foil","","","","","","0","",""
"8941584","One Piece Card Game","Premium Booster -The Best- Vol. 2","DON!! Card (Yamato)","","","DON!!","Heavily Played Foil","2.00","","","","","0","",""
"8941585","One Piece Card Game","Premium Booster -The Best- Vol. 2","DON!! Card (Yamato)","","","DON!!","Damaged Foil","","","","","","0","",""
"8941586","One Piece Card Game","Premium Booster -The Best- Vol. 2","DON!! Card (Yamato) (Gold)","","","DON!!","Near Mint Foil","206.95","","298.6800","298.6800","","0","",""
"8941587","One Piece Card Game","Premium Booster -The Best- Vol. 2","DON!! Card (Yamato) (Gold)","","","DON!!","Lightly Played Foil","219.99","","","","","0","",""
"8941588","One Piece Card Game","Premium Booster -The Best- Vol. 2","DON!! Card (Yamato) (Gold)","","","DON!!","Moderately Played Foil","","","","","","0","",""
"8941589","One Piece Card Game","Premium Booster -The Best- Vol. 2","DON!! Card (Yamato) (Gold)","","","DON!!","Heavily Played Foil","","","","","","0","",""
"8941590","One Piece Card Game","Premium Booster -The Best- Vol. 2","DON!! Card (Yamato) (Gold)","","","DON!!","Damaged Foil","","","","","","0","",""
"8931810","One Piece Card Game","Premium Booster -The Best- Vol. 2","Donquixote Doflamingo","","PRB02-011","R","Near Mint Foil","0.47","","1.7300","0.2400","","0","",""
"8931811","One Piece Card Game","Premium Booster -The Best- Vol. 2","Donquixote Doflamingo","","PRB02-011","R","Lightly Played Foil","0.64","","1.9900","0.5000","","0","",""
"8931812","One Piece Card Game","Premium Booster -The Best- Vol. 2","Donquixote Doflamingo","","PRB02-011","R","Moderately Played Foil","","","3.4900","1.5000","","0","",""
"8931813","One Piece Card Game","Premium Booster -The Best- Vol. 2","Donquixote Doflamingo","","PRB02-011","R","Heavily Played Foil","0.40","","","","","0","",""
"8931814","One Piece Card Game","Premium Booster -The Best- Vol. 2","Donquixote Doflamingo","","PRB02-011","R","Damaged Foil","","","","","","0","",""
"8931820","One Piece Card Game","Premium Booster -The Best- Vol. 2","Donquixote Doflamingo (Alternate Art)","","PRB02-011","R","Near Mint Foil","6.46","","6.9800","6.9800","","0","",""
"8931821","One Piece Card Game","Premium Booster -The Best- Vol. 2","Donquixote Doflamingo (Alternate Art)","","PRB02-011","R","Lightly Played Foil","5.96","","7.4900","6.0000","","0","",""
"8931822","One Piece Card Game","Premium Booster -The Best- Vol. 2","Donquixote Doflamingo (Alternate Art)","","PRB02-011","R","Moderately Played Foil","3.81","","","","","0","",""
"8931823","One Piece Card Game","Premium Booster -The Best- Vol. 2","Donquixote Doflamingo (Alternate Art)","","PRB02-011","R","Heavily Played Foil","","","","","","0","",""
"8931824","One Piece Card Game","Premium Booster -The Best- Vol. 2","Donquixote Doflamingo (Alternate Art)","","PRB02-011","R","Damaged Foil","","","","","","0","",""
"8935274","One Piece Card Game","Premium Booster -The Best- Vol. 2","Donquixote Rosinante (Alternate Art)","","OP05-030","R","Near Mint Foil","3.91","","4.7900","3.3000","","0","",""
"8935275","One Piece Card Game","Premium Booster -The Best- Vol. 2","Donquixote Rosinante (Alternate Art)","","OP05-030","R","Lightly Played Foil","4.34","","5.4900","4.0000","","0","",""
"8935276","One Piece Card Game","Premium Booster -The Best- Vol. 2","Donquixote Rosinante (Alternate Art)","","OP05-030","R","Moderately Played Foil","","","","","","0","",""
"8935277","One Piece Card Game","Premium Booster -The Best- Vol. 2","Donquixote Rosinante (Alternate Art)","","OP05-030","R","Heavily Played Foil","","","","","","0","",""
"8935278","One Piece Card Game","Premium Booster -The Best- Vol. 2","Donquixote Rosinante (Alternate Art)","","OP05-030","R","Damaged Foil","","","","","","0","",""
"8961785","One Piece Card Game","Premium Booster -The Best- Vol. 2","Donquixote Rosinante (Reprint)","","OP05-030","R","Near Mint Foil","0.26","","1.6200","0.1300","","0","",""
"8961786","One Piece Card Game","Premium Booster -The Best- Vol. 2","Donquixote Rosinante (Reprint)","","OP05-030","R","Lightly Played Foil","0.30","","1.7400","0.2500","","0","",""
"8961787","One Piece Card Game","Premium Booster -The Best- Vol. 2","Donquixote Rosinante (Reprint)","","OP05-030","R","Moderately Played Foil","","","2.2400","0.2500","","0","",""
"8961788","One Piece Card Game","Premium Booster -The Best- Vol. 2","Donquixote Rosinante (Reprint)","","OP05-030","R","Heavily Played Foil","","","","","","0","",""
"8961789","One Piece Card Game","Premium Booster -The Best- Vol. 2","Donquixote Rosinante (Reprint)","","OP05-030","R","Damaged Foil","","","","","","0","",""
"8947212","One Piece Card Game","Premium Booster -The Best- Vol. 2","Dracule Mihawk - OP09-048 (Reprint)","","OP09-048","SR","Near Mint Foil","0.36","","1.6400","0.1500","","0","",""
"8947213","One Piece Card Game","Premium Booster -The Best- Vol. 2","Dracule Mihawk - OP09-048 (Reprint)","","OP09-048","SR","Lightly Played Foil","0.37","","1.6900","0.2000","","0","",""
"8947214","One Piece Card Game","Premium Booster -The Best- Vol. 2","Dracule Mihawk - OP09-048 (Reprint)","","OP09-048","SR","Moderately Played Foil","0.25","","","","","0","",""
"8947215","One Piece Card Game","Premium Booster -The Best- Vol. 2","Dracule Mihawk - OP09-048 (Reprint)","","OP09-048","SR","Heavily Played Foil","","","","","","0","",""
"8947216","One Piece Card Game","Premium Booster -The Best- Vol. 2","Dracule Mihawk - OP09-048 (Reprint)","","OP09-048","SR","Damaged Foil","","","","","","0","",""
"8948180","One Piece Card Game","Premium Booster -The Best- Vol. 2","Dracule Mihawk - P-081 (Pirate Foil)","","P-081","PR","Near Mint Foil","0.33","","1.6900","0.2000","","0","",""
"8948181","One Piece Card Game","Premium Booster -The Best- Vol. 2","Dracule Mihawk - P-081 (Pirate Foil)","","P-081","PR","Lightly Played Foil","0.38","","1.8700","0.3800","","0","",""
"8948182","One Piece Card Game","Premium Booster -The Best- Vol. 2","Dracule Mihawk - P-081 (Pirate Foil)","","P-081","PR","Moderately Played Foil","","","","","","0","",""
"8948183","One Piece Card Game","Premium Booster -The Best- Vol. 2","Dracule Mihawk - P-081 (Pirate Foil)","","P-081","PR","Heavily Played Foil","","","","","","0","",""
"8948184","One Piece Card Game","Premium Booster -The Best- Vol. 2","Dracule Mihawk - P-081 (Pirate Foil)","","P-081","PR","Damaged Foil","","","","","","0","",""
"8948175","One Piece Card Game","Premium Booster -The Best- Vol. 2","Dracule Mihawk - P-081 (Reprint)","","P-081","PR","Near Mint","0.24","","1.6100","0.1200","","0","",""
"8948176","One Piece Card Game","Premium Booster -The Best- Vol. 2","Dracule Mihawk - P-081 (Reprint)","","P-081","PR","Lightly Played","0.20","","1.5400","0.0500","","0","",""
"8948177","One Piece Card Game","Premium Booster -The Best- Vol. 2","Dracule Mihawk - P-081 (Reprint)","","P-081","PR","Moderately Played","","","2.1900","0.2000","","0","",""
"8948178","One Piece Card Game","Premium Booster -The Best- Vol. 2","Dracule Mihawk - P-081 (Reprint)","","P-081","PR","Heavily Played","","","","","","0","",""
"8948179","One Piece Card Game","Premium Booster -The Best- Vol. 2","Dracule Mihawk - P-081 (Reprint)","","P-081","PR","Damaged","","","","","","0","",""
"8947799","One Piece Card Game","Premium Booster -The Best- Vol. 2","Dragon Breath (Pirate Foil)","","OP07-017","UC","Near Mint Foil","0.19","","1.5400","0.0500","","0","",""
"8947800","One Piece Card Game","Premium Booster -The Best- Vol. 2","Dragon Breath (Pirate Foil)","","OP07-017","UC","Lightly Played Foil","0.25","","1.6900","0.2000","","0","",""
"8947801","One Piece Card Game","Premium Booster -The Best- Vol. 2","Dragon Breath (Pirate Foil)","","OP07-017","UC","Moderately Played Foil","","","12.3000","0.3100","","0","",""
"8947802","One Piece Card Game","Premium Booster -The Best- Vol. 2","Dragon Breath (Pirate Foil)","","OP07-017","UC","Heavily Played Foil","","","","","","0","",""
"8947803","One Piece Card Game","Premium Booster -The Best- Vol. 2","Dragon Breath (Pirate Foil)","","OP07-017","UC","Damaged Foil","","","","","","0","",""
"8947794","One Piece Card Game","Premium Booster -The Best- Vol. 2","Dragon Breath (Reprint)","","OP07-017","UC","Near Mint","0.07","","1.5000","0.0100","","0","",""
"8947795","One Piece Card Game","Premium Booster -The Best- Vol. 2","Dragon Breath (Reprint)","","OP07-017","UC","Lightly Played","","","1.5600","0.0700","","0","",""
"8947796","One Piece Card Game","Premium Booster -The Best- Vol. 2","Dragon Breath (Reprint)","","OP07-017","UC","Moderately Played","","","2.1400","0.1500","","0","",""
"8947797","One Piece Card Game","Premium Booster -The Best- Vol. 2","Dragon Breath (Reprint)","","OP07-017","UC","Heavily Played","","","","","","0","",""
"8947798","One Piece Card Game","Premium Booster -The Best- Vol. 2","Dragon Breath (Reprint)","","OP07-017","UC","Damaged","","","99.0000","99.0000","","0","",""
"8947703","One Piece Card Game","Premium Booster -The Best- Vol. 2","Edward.Newgate - ST13-004 (Pirate Foil)","","ST13-004","C","Near Mint Foil","0.16","","1.5000","0.0100","","0","",""
"8947704","One Piece Card Game","Premium Booster -The Best- Vol. 2","Edward.Newgate - ST13-004 (Pirate Foil)","","ST13-004","C","Lightly Played Foil","0.18","","1.6400","0.1500","","0","",""
"8947705","One Piece Card Game","Premium Booster -The Best- Vol. 2","Edward.Newgate - ST13-004 (Pirate Foil)","","ST13-004","C","Moderately Played Foil","","","2.0900","0.1000","","0","",""
"8947706","One Piece Card Game","Premium Booster -The Best- Vol. 2","Edward.Newgate - ST13-004 (Pirate Foil)","","ST13-004","C","Heavily Played Foil","","","","","","0","",""
"8947707","One Piece Card Game","Premium Booster -The Best- Vol. 2","Edward.Newgate - ST13-004 (Pirate Foil)","","ST13-004","C","Damaged Foil","","","","","","0","",""
"8947688","One Piece Card Game","Premium Booster -The Best- Vol. 2","Edward.Newgate - ST13-004 (Reprint)","","ST13-004","C","Near Mint","0.06","","1.5000","0.0100","","0","",""
"8947689","One Piece Card Game","Premium Booster -The Best- Vol. 2","Edward.Newgate - ST13-004 (Reprint)","","ST13-004","C","Lightly Played","0.22","","1.5400","0.0500","","0","",""
"8947690","One Piece Card Game","Premium Booster -The Best- Vol. 2","Edward.Newgate - ST13-004 (Reprint)","","ST13-004","C","Moderately Played","","","2.2400","0.2500","","0","",""
"8947691","One Piece Card Game","Premium Booster -The Best- Vol. 2","Edward.Newgate - ST13-004 (Reprint)","","ST13-004","C","Heavily Played","","","","","","0","",""
"8947692","One Piece Card Game","Premium Booster -The Best- Vol. 2","Edward.Newgate - ST13-004 (Reprint)","","ST13-004","C","Damaged","","","","","","0","",""
"8933326","One Piece Card Game","Premium Booster -The Best- Vol. 2","Edward.Newgate - ST15-002 (Alternate Art)","","ST15-002","SR","Near Mint Foil","37.56","","39.9000","39.9000","","0","",""
"8933327","One Piece Card Game","Premium Booster -The Best- Vol. 2","Edward.Newgate - ST15-002 (Alternate Art)","","ST15-002","SR","Lightly Played Foil","25.94","","38.9900","38.0000","","0","",""
"8933328","One Piece Card Game","Premium Booster -The Best- Vol. 2","Edward.Newgate - ST15-002 (Alternate Art)","","ST15-002","SR","Moderately Played Foil","22.99","","","","","0","",""
"8933329","One Piece Card Game","Premium Booster -The Best- Vol. 2","Edward.Newgate - ST15-002 (Alternate Art)","","ST15-002","SR","Heavily Played Foil","","","","","","0","",""
"8933330","One Piece Card Game","Premium Booster -The Best- Vol. 2","Edward.Newgate - ST15-002 (Alternate Art)","","ST15-002","SR","Damaged Foil","","","","","","0","",""
"8947287","One Piece Card Game","Premium Booster -The Best- Vol. 2","Edward.Newgate - ST15-002 (Reprint)","","ST15-002","SR","Near Mint Foil","0.61","","1.6400","0.1500","","0","",""
"8947288","One Piece Card Game","Premium Booster -The Best- Vol. 2","Edward.Newgate - ST15-002 (Reprint)","","ST15-002","SR","Lightly Played Foil","0.43","","1.9100","0.4200","","0","",""
"8947289","One Piece Card Game","Premium Booster -The Best- Vol. 2","Edward.Newgate - ST15-002 (Reprint)","","ST15-002","SR","Moderately Played Foil","0.34","","","","","0","",""
"8947290","One Piece Card Game","Premium Booster -The Best- Vol. 2","Edward.Newgate - ST15-002 (Reprint)","","ST15-002","SR","Heavily Played Foil","","","","","","0","",""
"8947291","One Piece Card Game","Premium Booster -The Best- Vol. 2","Edward.Newgate - ST15-002 (Reprint)","","ST15-002","SR","Damaged Foil","","","","","","0","",""
"8947207","One Piece Card Game","Premium Booster -The Best- Vol. 2","Emporio.Ivankov (Pirate Foil)","","OP05-004","UC","Near Mint Foil","0.19","","1.5700","0.0800","","0","",""
"8947208","One Piece Card Game","Premium Booster -The Best- Vol. 2","Emporio.Ivankov (Pirate Foil)","","OP05-004","UC","Lightly Played Foil","0.23","","1.5900","0.1000","","0","",""
"8947209","One Piece Card Game","Premium Booster -The Best- Vol. 2","Emporio.Ivankov (Pirate Foil)","","OP05-004","UC","Moderately Played Foil","","","2.1400","0.1500","","0","",""
"8947210","One Piece Card Game","Premium Booster -The Best- Vol. 2","Emporio.Ivankov (Pirate Foil)","","OP05-004","UC","Heavily Played Foil","","","","","","0","",""
"8947211","One Piece Card Game","Premium Booster -The Best- Vol. 2","Emporio.Ivankov (Pirate Foil)","","OP05-004","UC","Damaged Foil","","","","","","0","",""
"8947202","One Piece Card Game","Premium Booster -The Best- Vol. 2","Emporio.Ivankov (Reprint)","","OP05-004","UC","Near Mint","0.09","","1.5000","0.0100","","0","",""
"8947203","One Piece Card Game","Premium Booster -The Best- Vol. 2","Emporio.Ivankov (Reprint)","","OP05-004","UC","Lightly Played","0.25","","1.5400","0.0500","","0","",""
"8947204","One Piece Card Game","Premium Booster -The Best- Vol. 2","Emporio.Ivankov (Reprint)","","OP05-004","UC","Moderately Played","","","2.1400","0.1500","","0","",""
"8947205","One Piece Card Game","Premium Booster -The Best- Vol. 2","Emporio.Ivankov (Reprint)","","OP05-004","UC","Heavily Played","","","","","","0","",""
"8947206","One Piece Card Game","Premium Booster -The Best- Vol. 2","Emporio.Ivankov (Reprint)","","OP05-004","UC","Damaged","","","","","","0","",""
"8947617","One Piece Card Game","Premium Booster -The Best- Vol. 2","Eustass""Captain""Kid (Reprint)","","OP10-112","SR","Near Mint Foil","0.94","","1.8900","0.4000","","0","",""
"8947618","One Piece Card Game","Premium Booster -The Best- Vol. 2","Eustass""Captain""Kid (Reprint)","","OP10-112","SR","Lightly Played Foil","0.88","","1.8400","0.3500","","0","",""
"8947619","One Piece Card Game","Premium Booster -The Best- Vol. 2","Eustass""Captain""Kid (Reprint)","","OP10-112","SR","Moderately Played Foil","0.42","","","","","0","",""
"8947620","One Piece Card Game","Premium Booster -The Best- Vol. 2","Eustass""Captain""Kid (Reprint)","","OP10-112","SR","Heavily Played Foil","","","5.9900","5.9900","","0","",""
"8947621","One Piece Card Game","Premium Booster -The Best- Vol. 2","Eustass""Captain""Kid (Reprint)","","OP10-112","SR","Damaged Foil","","","","","","0","",""
"8946887","One Piece Card Game","Premium Booster -The Best- Vol. 2","Finger Pistol (Alternate Art)","","EB01-051","R","Near Mint Foil","8.27","","8.9900","8.9900","","0","",""
"8946888","One Piece Card Game","Premium Booster -The Best- Vol. 2","Finger Pistol (Alternate Art)","","EB01-051","R","Lightly Played Foil","10.74","","11.5600","9.5700","","0","",""
"8946889","One Piece Card Game","Premium Booster -The Best- Vol. 2","Finger Pistol (Alternate Art)","","EB01-051","R","Moderately Played Foil","","","","","","0","",""
"8946890","One Piece Card Game","Premium Booster -The Best- Vol. 2","Finger Pistol (Alternate Art)","","EB01-051","R","Heavily Played Foil","","","","","","0","",""
"8946891","One Piece Card Game","Premium Booster -The Best- Vol. 2","Finger Pistol (Alternate Art)","","EB01-051","R","Damaged Foil","11.99","","","","","0","",""
"8946882","One Piece Card Game","Premium Booster -The Best- Vol. 2","Finger Pistol (Reprint)","","EB01-051","R","Near Mint Foil","0.35","","1.6000","0.1000","","0","",""
"8946883","One Piece Card Game","Premium Booster -The Best- Vol. 2","Finger Pistol (Reprint)","","EB01-051","R","Lightly Played Foil","0.44","","1.8300","0.3400","","0","",""
"8946884","One Piece Card Game","Premium Booster -The Best- Vol. 2","Finger Pistol (Reprint)","","EB01-051","R","Moderately Played Foil","","","","","","0","",""
"8946885","One Piece Card Game","Premium Booster -The Best- Vol. 2","Finger Pistol (Reprint)","","EB01-051","R","Heavily Played Foil","","","","","","0","",""
"8946886","One Piece Card Game","Premium Booster -The Best- Vol. 2","Finger Pistol (Reprint)","","EB01-051","R","Damaged Foil","","","","","","0","",""
"8947999","One Piece Card Game","Premium Booster -The Best- Vol. 2","Franky - OP07-107 (Reprint)","","OP07-107","R","Near Mint Foil","0.27","","1.5900","0.1000","","0","",""
"8948000","One Piece Card Game","Premium Booster -The Best- Vol. 2","Franky - OP07-107 (Reprint)","","OP07-107","R","Lightly Played Foil","0.27","","1.7400","0.2500","","0","",""
"8948001","One Piece Card Game","Premium Booster -The Best- Vol. 2","Franky - OP07-107 (Reprint)","","OP07-107","R","Moderately Played Foil","","","1.7400","0.2500","","0","",""
"8948002","One Piece Card Game","Premium Booster -The Best- Vol. 2","Franky - OP07-107 (Reprint)","","OP07-107","R","Heavily Played Foil","","","","","","0","",""
"8948003","One Piece Card Game","Premium Booster -The Best- Vol. 2","Franky - OP07-107 (Reprint)","","OP07-107","R","Damaged Foil","","","","","","0","",""
"8947307","One Piece Card Game","Premium Booster -The Best- Vol. 2","Franky - OP09-072 (Reprint)","","OP09-072","SR","Near Mint Foil","0.50","","1.7200","0.2300","","0","",""
"8947308","One Piece Card Game","Premium Booster -The Best- Vol. 2","Franky - OP09-072 (Reprint)","","OP09-072","SR","Lightly Played Foil","0.45","","1.8900","0.4000","","0","",""
"8947309","One Piece Card Game","Premium Booster -The Best- Vol. 2","Franky - OP09-072 (Reprint)","","OP09-072","SR","Moderately Played Foil","0.31","","1.9900","0.5000","","0","",""
"8947310","One Piece Card Game","Premium Booster -The Best- Vol. 2","Franky - OP09-072 (Reprint)","","OP09-072","SR","Heavily Played Foil","","","","","","0","",""
"8947311","One Piece Card Game","Premium Booster -The Best- Vol. 2","Franky - OP09-072 (Reprint)","","OP09-072","SR","Damaged Foil","","","","","","0","",""
"8947302","One Piece Card Game","Premium Booster -The Best- Vol. 2","Gamma Knife (Pirate Foil)","","OP05-077","C","Near Mint Foil","3.10","","3.6200","2.1300","","0","",""
"8947303","One Piece Card Game","Premium Booster -The Best- Vol. 2","Gamma Knife (Pirate Foil)","","OP05-077","C","Lightly Played Foil","4.07","","4.3900","2.9000","","0","",""
"8947304","One Piece Card Game","Premium Booster -The Best- Vol. 2","Gamma Knife (Pirate Foil)","","OP05-077","C","Moderately Played Foil","","","","","","0","",""
"8947305","One Piece Card Game","Premium Booster -The Best- Vol. 2","Gamma Knife (Pirate Foil)","","OP05-077","C","Heavily Played Foil","","","","","","0","",""
"8947306","One Piece Card Game","Premium Booster -The Best- Vol. 2","Gamma Knife (Pirate Foil)","","OP05-077","C","Damaged Foil","","","","","","0","",""
"8947297","One Piece Card Game","Premium Booster -The Best- Vol. 2","Gamma Knife (Reprint)","","OP05-077","C","Near Mint","0.34","","1.6900","0.2000","","0","",""
"8947298","One Piece Card Game","Premium Booster -The Best- Vol. 2","Gamma Knife (Reprint)","","OP05-077","C","Lightly Played","0.22","","1.7100","0.2200","","0","",""
"8947299","One Piece Card Game","Premium Booster -The Best- Vol. 2","Gamma Knife (Reprint)","","OP05-077","C","Moderately Played","0.20","","2.1900","0.2000","","0","",""
"8947300","One Piece Card Game","Premium Booster -The Best- Vol. 2","Gamma Knife (Reprint)","","OP05-077","C","Heavily Played","","","","","","0","",""
"8947301","One Piece Card Game","Premium Booster -The Best- Vol. 2","Gamma Knife (Reprint)","","OP05-077","C","Damaged","","","","","","0","",""
"8933346","One Piece Card Game","Premium Booster -The Best- Vol. 2","Gecko Moria","","PRB02-013","R","Near Mint Foil","1.64","","2.9900","1.5000","","0","",""
"8933347","One Piece Card Game","Premium Booster -The Best- Vol. 2","Gecko Moria","","PRB02-013","R","Lightly Played Foil","3.04","","4.1800","2.6900","","0","",""
"8933348","One Piece Card Game","Premium Booster -The Best- Vol. 2","Gecko Moria","","PRB02-013","R","Moderately Played Foil","1.75","","","","","0","",""
"8933349","One Piece Card Game","Premium Booster -The Best- Vol. 2","Gecko Moria","","PRB02-013","R","Heavily Played Foil","","","","","","0","",""
"8933350","One Piece Card Game","Premium Booster -The Best- Vol. 2","Gecko Moria","","PRB02-013","R","Damaged Foil","","","","","","0","",""
"8933351","One Piece Card Game","Premium Booster -The Best- Vol. 2","Gecko Moria (Alternate Art)","","PRB02-013","R","Near Mint Foil","12.16","","12.0000","12.0000","","0","",""
"8933352","One Piece Card Game","Premium Booster -The Best- Vol. 2","Gecko Moria (Alternate Art)","","PRB02-013","R","Lightly Played Foil","18.14","","13.0000","13.0000","","0","",""
"8933353","One Piece Card Game","Premium Booster -The Best- Vol. 2","Gecko Moria (Alternate Art)","","PRB02-013","R","Moderately Played Foil","25.63","","","","","0","",""
"8933354","One Piece Card Game","Premium Booster -The Best- Vol. 2","Gecko Moria (Alternate Art)","","PRB02-013","R","Heavily Played Foil","","","","","","0","",""
"8933355","One Piece Card Game","Premium Booster -The Best- Vol. 2","Gecko Moria (Alternate Art)","","PRB02-013","R","Damaged Foil","","","","","","0","",""
"8947462","One Piece Card Game","Premium Booster -The Best- Vol. 2","Gedatsu (Reprint)","","OP05-102","R","Near Mint Foil","0.21","","1.5000","0.0100","","0","",""
"8947463","One Piece Card Game","Premium Booster -The Best- Vol. 2","Gedatsu (Reprint)","","OP05-102","R","Lightly Played Foil","0.22","","1.7000","0.2100","","0","",""
"8947464","One Piece Card Game","Premium Booster -The Best- Vol. 2","Gedatsu (Reprint)","","OP05-102","R","Moderately Played Foil","","","","","","0","",""
"8947465","One Piece Card Game","Premium Booster -The Best- Vol. 2","Gedatsu (Reprint)","","OP05-102","R","Heavily Played Foil","","","","","","0","",""
"8947466","One Piece Card Game","Premium Booster -The Best- Vol. 2","Gedatsu (Reprint)","","OP05-102","R","Damaged Foil","","","","","","0","",""
"8947677","One Piece Card Game","Premium Booster -The Best- Vol. 2","GERMA 66 (Pirate Foil)","","OP06-078","UC","Near Mint Foil","0.21","","1.5800","0.0900","","0","",""
"8947678","One Piece Card Game","Premium Booster -The Best- Vol. 2","GERMA 66 (Pirate Foil)","","OP06-078","UC","Lightly Played Foil","0.34","","1.6900","0.2000","","0","",""
"8947679","One Piece Card Game","Premium Booster -The Best- Vol. 2","GERMA 66 (Pirate Foil)","","OP06-078","UC","Moderately Played Foil","","","1.9900","0.5000","","0","",""
"8947680","One Piece Card Game","Premium Booster -The Best- Vol. 2","GERMA 66 (Pirate Foil)","","OP06-078","UC","Heavily Played Foil","","","","","","0","",""
"8947681","One Piece Card Game","Premium Booster -The Best- Vol. 2","GERMA 66 (Pirate Foil)","","OP06-078","UC","Damaged Foil","","","","","","0","",""
"8947672","One Piece Card Game","Premium Booster -The Best- Vol. 2","GERMA 66 (Reprint)","","OP06-078","UC","Near Mint","0.06","","1.5000","0.0100","","0","",""
"8947673","One Piece Card Game","Premium Booster -The Best- Vol. 2","GERMA 66 (Reprint)","","OP06-078","UC","Lightly Played","0.08","","1.5300","0.0400","","0","",""
"8947674","One Piece Card Game","Premium Booster -The Best- Vol. 2","GERMA 66 (Reprint)","","OP06-078","UC","Moderately Played","","","2.1400","0.1500","","0","",""
"8947675","One Piece Card Game","Premium Booster -The Best- Vol. 2","GERMA 66 (Reprint)","","OP06-078","UC","Heavily Played","","","","","","0","",""
"8947676","One Piece Card Game","Premium Booster -The Best- Vol. 2","GERMA 66 (Reprint)","","OP06-078","UC","Damaged","","","99.0000","99.0000","","0","",""
"8947497","One Piece Card Game","Premium Booster -The Best- Vol. 2","Gion (Pirate Foil)","","OP06-044","UC","Near Mint Foil","0.31","","1.5800","0.0900","","0","",""
"8947498","One Piece Card Game","Premium Booster -The Best- Vol. 2","Gion (Pirate Foil)","","OP06-044","UC","Lightly Played Foil","0.29","","1.7500","0.2500","","0","",""
"8947499","One Piece Card Game","Premium Booster -The Best- Vol. 2","Gion (Pirate Foil)","","OP06-044","UC","Moderately Played Foil","","","","","","0","",""
"8947500","One Piece Card Game","Premium Booster -The Best- Vol. 2","Gion (Pirate Foil)","","OP06-044","UC","Heavily Played Foil","","","","","","0","",""
"8947501","One Piece Card Game","Premium Booster -The Best- Vol. 2","Gion (Pirate Foil)","","OP06-044","UC","Damaged Foil","","","","","","0","",""
"8947492","One Piece Card Game","Premium Booster -The Best- Vol. 2","Gion (Reprint)","","OP06-044","UC","Near Mint","0.11","","1.5000","0.0100","","0","",""
"8947493","One Piece Card Game","Premium Booster -The Best- Vol. 2","Gion (Reprint)","","OP06-044","UC","Lightly Played","0.11","","1.5400","0.0500","","0","",""
"8947494","One Piece Card Game","Premium Booster -The Best- Vol. 2","Gion (Reprint)","","OP06-044","UC","Moderately Played","","","2.1900","0.2000","","0","",""
"8947495","One Piece Card Game","Premium Booster -The Best- Vol. 2","Gion (Reprint)","","OP06-044","UC","Heavily Played","","","","","","0","",""
"8947496","One Piece Card Game","Premium Booster -The Best- Vol. 2","Gion (Reprint)","","OP06-044","UC","Damaged","","","99.0000","99.0000","","0","",""
"8947482","One Piece Card Game","Premium Booster -The Best- Vol. 2","God Thread (Pirate Foil)","","OP10-079","UC","Near Mint Foil","0.32","","1.6100","0.1200","","0","",""
"8947483","One Piece Card Game","Premium Booster -The Best- Vol. 2","God Thread (Pirate Foil)","","OP10-079","UC","Lightly Played Foil","0.34","","1.7400","0.2500","","0","",""
"8947484","One Piece Card Game","Premium Booster -The Best- Vol. 2","God Thread (Pirate Foil)","","OP10-079","UC","Moderately Played Foil","","","","","","0","",""
"8947485","One Piece Card Game","Premium Booster -The Best- Vol. 2","God Thread (Pirate Foil)","","OP10-079","UC","Heavily Played Foil","","","","","","0","",""
"8947486","One Piece Card Game","Premium Booster -The Best- Vol. 2","God Thread (Pirate Foil)","","OP10-079","UC","Damaged Foil","","","","","","0","",""
"8947487","One Piece Card Game","Premium Booster -The Best- Vol. 2","God Thread (Reprint)","","OP10-079","UC","Near Mint","0.13","","1.5000","0.0100","","0","",""
"8947488","One Piece Card Game","Premium Booster -The Best- Vol. 2","God Thread (Reprint)","","OP10-079","UC","Lightly Played","","","1.5600","0.0100","","0","",""
"8947489","One Piece Card Game","Premium Booster -The Best- Vol. 2","God Thread (Reprint)","","OP10-079","UC","Moderately Played","","","2.3900","0.4000","","0","",""
"8947490","One Piece Card Game","Premium Booster -The Best- Vol. 2","God Thread (Reprint)","","OP10-079","UC","Heavily Played","","","","","","0","",""
"8947491","One Piece Card Game","Premium Booster -The Best- Vol. 2","God Thread (Reprint)","","OP10-079","UC","Damaged","","","","","","0","",""
"8947577","One Piece Card Game","Premium Booster -The Best- Vol. 2","Gravity Blade Raging Tiger (Alternate Art)","","OP06-058","R","Near Mint Foil","47.60","","42.3500","41.0400","","0","",""
"8947578","One Piece Card Game","Premium Booster -The Best- Vol. 2","Gravity Blade Raging Tiger (Alternate Art)","","OP06-058","R","Lightly Played Foil","40.12","","42.3000","42.3000","","0","",""
"8947579","One Piece Card Game","Premium Booster -The Best- Vol. 2","Gravity Blade Raging Tiger (Alternate Art)","","OP06-058","R","Moderately Played Foil","20.00","","","","","0","",""
"8947580","One Piece Card Game","Premium Booster -The Best- Vol. 2","Gravity Blade Raging Tiger (Alternate Art)","","OP06-058","R","Heavily Played Foil","","","","","","0","",""
"8947581","One Piece Card Game","Premium Booster -The Best- Vol. 2","Gravity Blade Raging Tiger (Alternate Art)","","OP06-058","R","Damaged Foil","","","","","","0","",""
"8947572","One Piece Card Game","Premium Booster -The Best- Vol. 2","Gravity Blade Raging Tiger (Reprint)","","OP06-058","R","Near Mint Foil","6.42","","2.4700","0.4700","","0","",""
"8947573","One Piece Card Game","Premium Booster -The Best- Vol. 2","Gravity Blade Raging Tiger (Reprint)","","OP06-058","R","Lightly Played Foil","5.72","","5.7500","5.7500","","0","",""
"8947574","One Piece Card Game","Premium Booster -The Best- Vol. 2","Gravity Blade Raging Tiger (Reprint)","","OP06-058","R","Moderately Played Foil","3.25","","8.1500","6.1600","","0","",""
"8947575","One Piece Card Game","Premium Booster -The Best- Vol. 2","Gravity Blade Raging Tiger (Reprint)","","OP06-058","R","Heavily Played Foil","","","","","","0","",""
"8947576","One Piece Card Game","Premium Booster -The Best- Vol. 2","Gravity Blade Raging Tiger (Reprint)","","OP06-058","R","Damaged Foil","","","","","","0","",""
"8933306","One Piece Card Game","Premium Booster -The Best- Vol. 2","Gum-Gum Giant (Alternate Art)","","OP09-078","R","Near Mint Foil","881.37","","900.0000","898.0100","","0","",""
"8933307","One Piece Card Game","Premium Booster -The Best- Vol. 2","Gum-Gum Giant (Alternate Art)","","OP09-078","R","Lightly Played Foil","706.00","","733.8500","732.3600","","0","",""
"8933308","One Piece Card Game","Premium Booster -The Best- Vol. 2","Gum-Gum Giant (Alternate Art)","","OP09-078","R","Moderately Played Foil","","","","","","0","",""
"8933309","One Piece Card Game","Premium Booster -The Best- Vol. 2","Gum-Gum Giant (Alternate Art)","","OP09-078","R","Heavily Played Foil","","","","","","0","",""
"8933310","One Piece Card Game","Premium Booster -The Best- Vol. 2","Gum-Gum Giant (Alternate Art)","","OP09-078","R","Damaged Foil","","","","","","0","",""
"8946872","One Piece Card Game","Premium Booster -The Best- Vol. 2","Gum-Gum Giant (Reprint)","","OP09-078","R","Near Mint Foil","0.31","","1.5900","0.1000","","0","",""
"8946873","One Piece Card Game","Premium Booster -The Best- Vol. 2","Gum-Gum Giant (Reprint)","","OP09-078","R","Lightly Played Foil","0.36","","1.7400","0.2500","","0","",""
"8946874","One Piece Card Game","Premium Booster -The Best- Vol. 2","Gum-Gum Giant (Reprint)","","OP09-078","R","Moderately Played Foil","0.30","","2.2900","0.3000","","0","",""
"8946875","One Piece Card Game","Premium Booster -The Best- Vol. 2","Gum-Gum Giant (Reprint)","","OP09-078","R","Heavily Played Foil","","","","","","0","",""
"8946876","One Piece Card Game","Premium Booster -The Best- Vol. 2","Gum-Gum Giant (Reprint)","","OP09-078","R","Damaged Foil","","","","","","0","",""
"8947022","One Piece Card Game","Premium Booster -The Best- Vol. 2","Gum-Gum Jet Gatling (Alternate Art)","","OP03-072","R","Near Mint Foil","14.81","","14.9500","13.4600","","0","",""
"8947023","One Piece Card Game","Premium Booster -The Best- Vol. 2","Gum-Gum Jet Gatling (Alternate Art)","","OP03-072","R","Lightly Played Foil","11.72","","19.8200","17.3200","","0","",""
"8947024","One Piece Card Game","Premium Booster -The Best- Vol. 2","Gum-Gum Jet Gatling (Alternate Art)","","OP03-072","R","Moderately Played Foil","9.49","","","","","0","",""
"8947025","One Piece Card Game","Premium Booster -The Best- Vol. 2","Gum-Gum Jet Gatling (Alternate Art)","","OP03-072","R","Heavily Played Foil","","","","","","0","",""
"8947026","One Piece Card Game","Premium Booster -The Best- Vol. 2","Gum-Gum Jet Gatling (Alternate Art)","","OP03-072","R","Damaged Foil","","","","","","0","",""
"8947017","One Piece Card Game","Premium Booster -The Best- Vol. 2","Gum-Gum Jet Gatling (Reprint)","","OP03-072","R","Near Mint Foil","0.30","","1.6800","0.1900","","0","",""
"8947018","One Piece Card Game","Premium Booster -The Best- Vol. 2","Gum-Gum Jet Gatling (Reprint)","","OP03-072","R","Lightly Played Foil","0.38","","1.8300","0.3400","","0","",""
"8947019","One Piece Card Game","Premium Booster -The Best- Vol. 2","Gum-Gum Jet Gatling (Reprint)","","OP03-072","R","Moderately Played Foil","0.50","","","","","0","",""
"8947020","One Piece Card Game","Premium Booster -The Best- Vol. 2","Gum-Gum Jet Gatling (Reprint)","","OP03-072","R","Heavily Played Foil","","","","","","0","",""
"8947021","One Piece Card Game","Premium Booster -The Best- Vol. 2","Gum-Gum Jet Gatling (Reprint)","","OP03-072","R","Damaged Foil","","","","","","0","",""
"8947347","One Piece Card Game","Premium Booster -The Best- Vol. 2","Gum-Gum Jump Rope (Pirate Foil)","","OP09-079","C","Near Mint Foil","0.24","","1.5200","0.0300","","0","",""
"8947348","One Piece Card Game","Premium Booster -The Best- Vol. 2","Gum-Gum Jump Rope (Pirate Foil)","","OP09-079","C","Lightly Played Foil","0.29","","1.6900","0.2000","","0","",""
"8947349","One Piece Card Game","Premium Booster -The Best- Vol. 2","Gum-Gum Jump Rope (Pirate Foil)","","OP09-079","C","Moderately Played Foil","","","","","","0","",""
"8947350","One Piece Card Game","Premium Booster -The Best- Vol. 2","Gum-Gum Jump Rope (Pirate Foil)","","OP09-079","C","Heavily Played Foil","","","","","","0","",""
"8947351","One Piece Card Game","Premium Booster -The Best- Vol. 2","Gum-Gum Jump Rope (Pirate Foil)","","OP09-079","C","Damaged Foil","","","","","","0","",""
"8947352","One Piece Card Game","Premium Booster -The Best- Vol. 2","Gum-Gum Jump Rope (Reprint)","","OP09-079","C","Near Mint","0.08","","1.5000","0.0100","","0","",""
"8947353","One Piece Card Game","Premium Booster -The Best- Vol. 2","Gum-Gum Jump Rope (Reprint)","","OP09-079","C","Lightly Played","","","1.5300","0.0400","","0","",""
"8947354","One Piece Card Game","Premium Booster -The Best- Vol. 2","Gum-Gum Jump Rope (Reprint)","","OP09-079","C","Moderately Played","","","2.0900","0.1000","","0","",""
"8947355","One Piece Card Game","Premium Booster -The Best- Vol. 2","Gum-Gum Jump Rope (Reprint)","","OP09-079","C","Heavily Played","","","","","","0","",""
"8947356","One Piece Card Game","Premium Booster -The Best- Vol. 2","Gum-Gum Jump Rope (Reprint)","","OP09-079","C","Damaged","","","","","","0","",""
"8947337","One Piece Card Game","Premium Booster -The Best- Vol. 2","Gum-Gum Lightning (Pirate Foil)","","OP09-077","UC","Near Mint Foil","0.59","","1.7900","0.2900","","0","",""
"8947338","One Piece Card Game","Premium Booster -The Best- Vol. 2","Gum-Gum Lightning (Pirate Foil)","","OP09-077","UC","Lightly Played Foil","0.41","","1.9000","0.4100","","0","",""
"8947339","One Piece Card Game","Premium Booster -The Best- Vol. 2","Gum-Gum Lightning (Pirate Foil)","","OP09-077","UC","Moderately Played Foil","","","","","","0","",""
"8947340","One Piece Card Game","Premium Booster -The Best- Vol. 2","Gum-Gum Lightning (Pirate Foil)","","OP09-077","UC","Heavily Played Foil","","","","","","0","",""
"8947341","One Piece Card Game","Premium Booster -The Best- Vol. 2","Gum-Gum Lightning (Pirate Foil)","","OP09-077","UC","Damaged Foil","","","","","","0","",""
"8947342","One Piece Card Game","Premium Booster -The Best- Vol. 2","Gum-Gum Lightning (Reprint)","","OP09-077","UC","Near Mint","0.13","","1.5000","0.0100","","0","",""
"8947343","One Piece Card Game","Premium Booster -The Best- Vol. 2","Gum-Gum Lightning (Reprint)","","OP09-077","UC","Lightly Played","0.09","","1.5700","0.0800","","0","",""
"8947344","One Piece Card Game","Premium Booster -The Best- Vol. 2","Gum-Gum Lightning (Reprint)","","OP09-077","UC","Moderately Played","","","2.1400","0.1500","","0","",""
"8947345","One Piece Card Game","Premium Booster -The Best- Vol. 2","Gum-Gum Lightning (Reprint)","","OP09-077","UC","Heavily Played","","","","","","0","",""
"8947346","One Piece Card Game","Premium Booster -The Best- Vol. 2","Gum-Gum Lightning (Reprint)","","OP09-077","UC","Damaged","","","","","","0","",""
"8946957","One Piece Card Game","Premium Booster -The Best- Vol. 2","Gum-Gum Rain (Alternate Art)","","OP02-068","R","Near Mint Foil","59.14","","54.9000","54.9000","","0","",""
"8946958","One Piece Card Game","Premium Booster -The Best- Vol. 2","Gum-Gum Rain (Alternate Art)","","OP02-068","R","Lightly Played Foil","34.45","","55.0000","55.0000","","0","",""
"8946959","One Piece Card Game","Premium Booster -The Best- Vol. 2","Gum-Gum Rain (Alternate Art)","","OP02-068","R","Moderately Played Foil","33.75","","","","","0","",""
"8946960","One Piece Card Game","Premium Booster -The Best- Vol. 2","Gum-Gum Rain (Alternate Art)","","OP02-068","R","Heavily Played Foil","","","","","","0","",""
"8946961","One Piece Card Game","Premium Booster -The Best- Vol. 2","Gum-Gum Rain (Alternate Art)","","OP02-068","R","Damaged Foil","","","","","","0","",""
"8946952","One Piece Card Game","Premium Booster -The Best- Vol. 2","Gum-Gum Rain (Reprint)","","OP02-068","R","Near Mint Foil","0.42","","1.7400","0.2500","","0","",""
"8946953","One Piece Card Game","Premium Booster -The Best- Vol. 2","Gum-Gum Rain (Reprint)","","OP02-068","R","Lightly Played Foil","0.33","","1.7900","0.3000","","0","",""
"8946954","One Piece Card Game","Premium Booster -The Best- Vol. 2","Gum-Gum Rain (Reprint)","","OP02-068","R","Moderately Played Foil","0.20","","","","","0","",""
"8946955","One Piece Card Game","Premium Booster -The Best- Vol. 2","Gum-Gum Rain (Reprint)","","OP02-068","R","Heavily Played Foil","","","","","","0","",""
"8946956","One Piece Card Game","Premium Booster -The Best- Vol. 2","Gum-Gum Rain (Reprint)","","OP02-068","R","Damaged Foil","","","1.9800","0.4900","","0","",""
"8948024","One Piece Card Game","Premium Booster -The Best- Vol. 2","He Possesses the World's Most Brilliant Mind (Pirate Foil)","","OP07-114","UC","Near Mint Foil","0.24","","1.5700","0.0800","","0","",""
"8948025","One Piece Card Game","Premium Booster -The Best- Vol. 2","He Possesses the World's Most Brilliant Mind (Pirate Foil)","","OP07-114","UC","Lightly Played Foil","0.17","","1.6900","0.2000","","0","",""
"8948026","One Piece Card Game","Premium Booster -The Best- Vol. 2","He Possesses the World's Most Brilliant Mind (Pirate Foil)","","OP07-114","UC","Moderately Played Foil","","","","","","0","",""
"8948027","One Piece Card Game","Premium Booster -The Best- Vol. 2","He Possesses the World's Most Brilliant Mind (Pirate Foil)","","OP07-114","UC","Heavily Played Foil","","","","","","0","",""
"8948028","One Piece Card Game","Premium Booster -The Best- Vol. 2","He Possesses the World's Most Brilliant Mind (Pirate Foil)","","OP07-114","UC","Damaged Foil","","","","","","0","",""
"8948019","One Piece Card Game","Premium Booster -The Best- Vol. 2","He Possesses the World's Most Brilliant Mind (Reprint)","","OP07-114","UC","Near Mint","0.07","","1.5000","0.0100","","0","",""
"8948020","One Piece Card Game","Premium Booster -The Best- Vol. 2","He Possesses the World's Most Brilliant Mind (Reprint)","","OP07-114","UC","Lightly Played","0.06","","1.5400","0.0500","","0","",""
"8948021","One Piece Card Game","Premium Booster -The Best- Vol. 2","He Possesses the World's Most Brilliant Mind (Reprint)","","OP07-114","UC","Moderately Played","0.15","","1.6400","0.1500","","0","",""
"8948022","One Piece Card Game","Premium Booster -The Best- Vol. 2","He Possesses the World's Most Brilliant Mind (Reprint)","","OP07-114","UC","Heavily Played","","","","","","0","",""
"8948023","One Piece Card Game","Premium Booster -The Best- Vol. 2","He Possesses the World's Most Brilliant Mind (Reprint)","","OP07-114","UC","Damaged","","","99.0000","99.0000","","0","",""
"8947854","One Piece Card Game","Premium Booster -The Best- Vol. 2","Hina (Pirate Foil)","","ST06-008","C","Near Mint Foil","0.22","","1.5800","0.0900","","0","",""
"8947855","One Piece Card Game","Premium Booster -The Best- Vol. 2","Hina (Pirate Foil)","","ST06-008","C","Lightly Played Foil","0.39","","1.6900","0.2000","","0","",""
"8947856","One Piece Card Game","Premium Booster -The Best- Vol. 2","Hina (Pirate Foil)","","ST06-008","C","Moderately Played Foil","","","","","","0","",""
"8947857","One Piece Card Game","Premium Booster -The Best- Vol. 2","Hina (Pirate Foil)","","ST06-008","C","Heavily Played Foil","","","1.9800","0.4900","","0","",""
"8947858","One Piece Card Game","Premium Booster -The Best- Vol. 2","Hina (Pirate Foil)","","ST06-008","C","Damaged Foil","","","","","","0","",""
"8947844","One Piece Card Game","Premium Booster -The Best- Vol. 2","Hina (Reprint)","","ST06-008","C","Near Mint","0.17","","1.5000","0.0100","","0","",""
"8947845","One Piece Card Game","Premium Booster -The Best- Vol. 2","Hina (Reprint)","","ST06-008","C","Lightly Played","0.21","","1.5600","0.0700","","0","",""
"8947846","One Piece Card Game","Premium Booster -The Best- Vol. 2","Hina (Reprint)","","ST06-008","C","Moderately Played","","","2.2400","0.2500","","0","",""
"8947847","One Piece Card Game","Premium Booster -The Best- Vol. 2","Hina (Reprint)","","ST06-008","C","Heavily Played","","","","","","0","",""
"8947848","One Piece Card Game","Premium Booster -The Best- Vol. 2","Hina (Reprint)","","ST06-008","C","Damaged","","","99.0000","99.0000","","0","",""
"8947652","One Piece Card Game","Premium Booster -The Best- Vol. 2","Hitokiri Kamazo (Pirate Foil)","","OP06-076","UC","Near Mint Foil","0.25","","1.5900","0.1000","","0","",""
"8947653","One Piece Card Game","Premium Booster -The Best- Vol. 2","Hitokiri Kamazo (Pirate Foil)","","OP06-076","UC","Lightly Played Foil","0.18","","1.7300","0.2400","","0","",""
"8947654","One Piece Card Game","Premium Booster -The Best- Vol. 2","Hitokiri Kamazo (Pirate Foil)","","OP06-076","UC","Moderately Played Foil","","","2.2400","0.2500","","0","",""
"8947655","One Piece Card Game","Premium Booster -The Best- Vol. 2","Hitokiri Kamazo (Pirate Foil)","","OP06-076","UC","Heavily Played Foil","","","","","","0","",""
"8947656","One Piece Card Game","Premium Booster -The Best- Vol. 2","Hitokiri Kamazo (Pirate Foil)","","OP06-076","UC","Damaged Foil","","","","","","0","",""
"8947642","One Piece Card Game","Premium Booster -The Best- Vol. 2","Hitokiri Kamazo (Reprint)","","OP06-076","UC","Near Mint","0.07","","1.5000","0.0100","","0","",""
"8947643","One Piece Card Game","Premium Booster -The Best- Vol. 2","Hitokiri Kamazo (Reprint)","","OP06-076","UC","Lightly Played","","","1.5400","0.0500","","0","",""
"8947644","One Piece Card Game","Premium Booster -The Best- Vol. 2","Hitokiri Kamazo (Reprint)","","OP06-076","UC","Moderately Played","","","2.2400","0.2500","","0","",""
"8947645","One Piece Card Game","Premium Booster -The Best- Vol. 2","Hitokiri Kamazo (Reprint)","","OP06-076","UC","Heavily Played","","","","","","0","",""
"8947646","One Piece Card Game","Premium Booster -The Best- Vol. 2","Hitokiri Kamazo (Reprint)","","OP06-076","UC","Damaged","","","6.2300","0.2400","","0","",""
"8947407","One Piece Card Game","Premium Booster -The Best- Vol. 2","I Have My Crew!! (Pirate Foil)","","ST14-016","C","Near Mint Foil","0.30","","1.6300","0.1400","","0","",""
"8947408","One Piece Card Game","Premium Booster -The Best- Vol. 2","I Have My Crew!! (Pirate Foil)","","ST14-016","C","Lightly Played Foil","0.27","","1.6900","0.2000","","0","",""
"8947409","One Piece Card Game","Premium Booster -The Best- Vol. 2","I Have My Crew!! (Pirate Foil)","","ST14-016","C","Moderately Played Foil","","","","","","0","",""
"8947410","One Piece Card Game","Premium Booster -The Best- Vol. 2","I Have My Crew!! (Pirate Foil)","","ST14-016","C","Heavily Played Foil","","","","","","0","",""
"8947411","One Piece Card Game","Premium Booster -The Best- Vol. 2","I Have My Crew!! (Pirate Foil)","","ST14-016","C","Damaged Foil","","","","","","0","",""
"8947402","One Piece Card Game","Premium Booster -The Best- Vol. 2","I Have My Crew!! (Reprint)","","ST14-016","C","Near Mint","0.14","","1.5400","0.0500","","0","",""
"8947403","One Piece Card Game","Premium Booster -The Best- Vol. 2","I Have My Crew!! (Reprint)","","ST14-016","C","Lightly Played","0.09","","1.5700","0.0800","","0","",""
"8947404","One Piece Card Game","Premium Booster -The Best- Vol. 2","I Have My Crew!! (Reprint)","","ST14-016","C","Moderately Played","","","2.1400","0.1500","","0","",""
"8947405","One Piece Card Game","Premium Booster -The Best- Vol. 2","I Have My Crew!! (Reprint)","","ST14-016","C","Heavily Played","","","","","","0","",""
"8947406","One Piece Card Game","Premium Booster -The Best- Vol. 2","I Have My Crew!! (Reprint)","","ST14-016","C","Damaged","","","","","","0","",""
"8947097","One Piece Card Game","Premium Booster -The Best- Vol. 2","Ideo (Pirate Foil)","","OP04-077","C","Near Mint Foil","0.10","","1.5500","0.0600","","0","",""
"8947098","One Piece Card Game","Premium Booster -The Best- Vol. 2","Ideo (Pirate Foil)","","OP04-077","C","Lightly Played Foil","0.12","","1.6100","0.1200","","0","",""
"8947099","One Piece Card Game","Premium Booster -The Best- Vol. 2","Ideo (Pirate Foil)","","OP04-077","C","Moderately Played Foil","","","4.4800","2.9900","","0","",""
"8947100","One Piece Card Game","Premium Booster -The Best- Vol. 2","Ideo (Pirate Foil)","","OP04-077","C","Heavily Played Foil","","","","","","0","",""
"8947101","One Piece Card Game","Premium Booster -The Best- Vol. 2","Ideo (Pirate Foil)","","OP04-077","C","Damaged Foil","","","","","","0","",""
"8947092","One Piece Card Game","Premium Booster -The Best- Vol. 2","Ideo (Reprint)","","OP04-077","C","Near Mint","0.02","","1.5000","0.0100","","0","",""
"8947093","One Piece Card Game","Premium Booster -The Best- Vol. 2","Ideo (Reprint)","","OP04-077","C","Lightly Played","","","1.5200","0.0300","","0","",""
"8947094","One Piece Card Game","Premium Booster -The Best- Vol. 2","Ideo (Reprint)","","OP04-077","C","Moderately Played","","","2.1900","0.2000","","0","",""
"8947095","One Piece Card Game","Premium Booster -The Best- Vol. 2","Ideo (Reprint)","","OP04-077","C","Heavily Played","","","","","","0","",""
"8947096","One Piece Card Game","Premium Booster -The Best- Vol. 2","Ideo (Reprint)","","OP04-077","C","Damaged","","","","","","0","",""
"8948135","One Piece Card Game","Premium Booster -The Best- Vol. 2","It's to Die For (Pirate Foil)","","OP08-076","UC","Near Mint Foil","0.80","","1.5900","0.1000","","0","",""
"8948136","One Piece Card Game","Premium Booster -The Best- Vol. 2","It's to Die For (Pirate Foil)","","OP08-076","UC","Lightly Played Foil","0.54","","1.9800","0.4900","","0","",""
"8948137","One Piece Card Game","Premium Booster -The Best- Vol. 2","It's to Die For (Pirate Foil)","","OP08-076","UC","Moderately Played Foil","0.25","","12.6000","0.6100","","0","",""
"8948138","One Piece Card Game","Premium Booster -The Best- Vol. 2","It's to Die For (Pirate Foil)","","OP08-076","UC","Heavily Played Foil","","","","","","0","",""
"8948139","One Piece Card Game","Premium Booster -The Best- Vol. 2","It's to Die For (Pirate Foil)","","OP08-076","UC","Damaged Foil","","","","","","0","",""
"8948130","One Piece Card Game","Premium Booster -The Best- Vol. 2","It's to Die For (Reprint)","","OP08-076","UC","Near Mint","0.14","","1.5000","0.0100","","0","",""
"8948131","One Piece Card Game","Premium Booster -The Best- Vol. 2","It's to Die For (Reprint)","","OP08-076","UC","Lightly Played","0.09","","1.5800","0.0900","","0","",""
"8948132","One Piece Card Game","Premium Booster -The Best- Vol. 2","It's to Die For (Reprint)","","OP08-076","UC","Moderately Played","","","1.6900","0.2000","","0","",""
"8948133","One Piece Card Game","Premium Booster -The Best- Vol. 2","It's to Die For (Reprint)","","OP08-076","UC","Heavily Played","","","","","","0","",""
"8948134","One Piece Card Game","Premium Booster -The Best- Vol. 2","It's to Die For (Reprint)","","OP08-076","UC","Damaged","1.00","","","","","0","",""
"8935284","One Piece Card Game","Premium Booster -The Best- Vol. 2","Jesus Burgess (Alternate Art)","","OP09-086","R","Near Mint Foil","68.29","","65.0000","65.0000","","0","",""
"8935285","One Piece Card Game","Premium Booster -The Best- Vol. 2","Jesus Burgess (Alternate Art)","","OP09-086","R","Lightly Played Foil","48.19","","80.5300","78.5400","","0","",""
"8935286","One Piece Card Game","Premium Booster -The Best- Vol. 2","Jesus Burgess (Alternate Art)","","OP09-086","R","Moderately Played Foil","25.99","","","","","0","",""
"8935287","One Piece Card Game","Premium Booster -The Best- Vol. 2","Jesus Burgess (Alternate Art)","","OP09-086","R","Heavily Played Foil","","","","","","0","",""
"8935288","One Piece Card Game","Premium Booster -The Best- Vol. 2","Jesus Burgess (Alternate Art)","","OP09-086","R","Damaged Foil","","","","","","0","",""
"8947367","One Piece Card Game","Premium Booster -The Best- Vol. 2","Jesus Burgess (Reprint)","","OP09-086","R","Near Mint Foil","0.13","","1.5000","0.0100","","0","",""
"8947368","One Piece Card Game","Premium Booster -The Best- Vol. 2","Jesus Burgess (Reprint)","","OP09-086","R","Lightly Played Foil","0.40","","1.6100","0.1200","","0","",""
"8947369","One Piece Card Game","Premium Booster -The Best- Vol. 2","Jesus Burgess (Reprint)","","OP09-086","R","Moderately Played Foil","","","2.1400","0.1500","","0","",""
"8947370","One Piece Card Game","Premium Booster -The Best- Vol. 2","Jesus Burgess (Reprint)","","OP09-086","R","Heavily Played Foil","","","","","","0","",""
"8947371","One Piece Card Game","Premium Booster -The Best- Vol. 2","Jesus Burgess (Reprint)","","OP09-086","R","Damaged Foil","","","","","","0","",""
"8947834","One Piece Card Game","Premium Booster -The Best- Vol. 2","Jewelry Bonney - OP07-026 (Reprint)","","OP07-026","SR","Near Mint Foil","0.88","","1.9800","0.4900","","0","",""
"8947835","One Piece Card Game","Premium Booster -The Best- Vol. 2","Jewelry Bonney - OP07-026 (Reprint)","","OP07-026","SR","Lightly Played Foil","0.75","","2.0400","0.5500","","0","",""
"8947836","One Piece Card Game","Premium Booster -The Best- Vol. 2","Jewelry Bonney - OP07-026 (Reprint)","","OP07-026","SR","Moderately Played Foil","0.28","","","","","0","",""
"8947837","One Piece Card Game","Premium Booster -The Best- Vol. 2","Jewelry Bonney - OP07-026 (Reprint)","","OP07-026","SR","Heavily Played Foil","","","","","","0","",""
"8947838","One Piece Card Game","Premium Booster -The Best- Vol. 2","Jewelry Bonney - OP07-026 (Reprint)","","OP07-026","SR","Damaged Foil","0.50","","","","","0","",""
"8948089","One Piece Card Game","Premium Booster -The Best- Vol. 2","Jewelry Bonney - P-085 (Pirate Foil)","","P-085","PR","Near Mint Foil","0.42","","1.6000","0.1100","","0","",""
"8948090","One Piece Card Game","Premium Booster -The Best- Vol. 2","Jewelry Bonney - P-085 (Pirate Foil)","","P-085","PR","Lightly Played Foil","0.47","","1.8500","0.3500","","0","",""
"8948091","One Piece Card Game","Premium Booster -The Best- Vol. 2","Jewelry Bonney - P-085 (Pirate Foil)","","P-085","PR","Moderately Played Foil","","","1.8800","0.3900","","0","",""
"8948092","One Piece Card Game","Premium Booster -The Best- Vol. 2","Jewelry Bonney - P-085 (Pirate Foil)","","P-085","PR","Heavily Played Foil","","","","","","0","",""
"8948093","One Piece Card Game","Premium Booster -The Best- Vol. 2","Jewelry Bonney - P-085 (Pirate Foil)","","P-085","PR","Damaged Foil","","","","","","0","",""
"8948084","One Piece Card Game","Premium Booster -The Best- Vol. 2","Jewelry Bonney - P-085 (Reprint)","","P-085","PR","Near Mint","0.23","","1.5400","0.0500","","0","",""
"8948085","One Piece Card Game","Premium Booster -The Best- Vol. 2","Jewelry Bonney - P-085 (Reprint)","","P-085","PR","Lightly Played","0.19","","1.6800","0.1900","","0","",""
"8948086","One Piece Card Game","Premium Booster -The Best- Vol. 2","Jewelry Bonney - P-085 (Reprint)","","P-085","PR","Moderately Played","","","2.3900","0.4000","","0","",""
"8948087","One Piece Card Game","Premium Booster -The Best- Vol. 2","Jewelry Bonney - P-085 (Reprint)","","P-085","PR","Heavily Played","","","","","","0","",""
"8948088","One Piece Card Game","Premium Booster -The Best- Vol. 2","Jewelry Bonney - P-085 (Reprint)","","P-085","PR","Damaged","","","","","","0","",""
"8928706","One Piece Card Game","Premium Booster -The Best- Vol. 2","Jewelry Bonney - PRB02-004 (Alternate Art)","","PRB02-004","R","Near Mint Foil","11.16","","11.1500","11.1500","","0","",""
"8928707","One Piece Card Game","Premium Booster -The Best- Vol. 2","Jewelry Bonney - PRB02-004 (Alternate Art)","","PRB02-004","R","Lightly Played Foil","13.97","","11.9900","11.9900","","0","",""
"8928708","One Piece Card Game","Premium Booster -The Best- Vol. 2","Jewelry Bonney - PRB02-004 (Alternate Art)","","PRB02-004","R","Moderately Played Foil","9.99","","","","","0","",""
"8928709","One Piece Card Game","Premium Booster -The Best- Vol. 2","Jewelry Bonney - PRB02-004 (Alternate Art)","","PRB02-004","R","Heavily Played Foil","","","","","","0","",""
"8928710","One Piece Card Game","Premium Booster -The Best- Vol. 2","Jewelry Bonney - PRB02-004 (Alternate Art)","","PRB02-004","R","Damaged Foil","","","","","","0","",""
"8947889","One Piece Card Game","Premium Booster -The Best- Vol. 2","Jewelry Bonney - ST02-007 (Pirate Foil)","","ST02-007","C","Near Mint Foil","0.78","","1.9500","0.4600","","0","",""
"8947890","One Piece Card Game","Premium Booster -The Best- Vol. 2","Jewelry Bonney - ST02-007 (Pirate Foil)","","ST02-007","C","Lightly Played Foil","0.64","","2.1200","0.6300","","0","",""
"8947891","One Piece Card Game","Premium Booster -The Best- Vol. 2","Jewelry Bonney - ST02-007 (Pirate Foil)","","ST02-007","C","Moderately Played Foil","","","","","","0","",""
"8947892","One Piece Card Game","Premium Booster -The Best- Vol. 2","Jewelry Bonney - ST02-007 (Pirate Foil)","","ST02-007","C","Heavily Played Foil","","","","","","0","",""
"8947893","One Piece Card Game","Premium Booster -The Best- Vol. 2","Jewelry Bonney - ST02-007 (Pirate Foil)","","ST02-007","C","Damaged Foil","","","","","","0","",""
"8947899","One Piece Card Game","Premium Booster -The Best- Vol. 2","Jewelry Bonney - ST02-007 (Reprint)","","ST02-007","C","Near Mint","0.43","","1.6900","0.2000","","0","",""
"8947900","One Piece Card Game","Premium Booster -The Best- Vol. 2","Jewelry Bonney - ST02-007 (Reprint)","","ST02-007","C","Lightly Played","0.46","","1.7100","0.2200","","0","",""
"8947901","One Piece Card Game","Premium Booster -The Best- Vol. 2","Jewelry Bonney - ST02-007 (Reprint)","","ST02-007","C","Moderately Played","","","","","","0","",""
"8947902","One Piece Card Game","Premium Booster -The Best- Vol. 2","Jewelry Bonney - ST02-007 (Reprint)","","ST02-007","C","Heavily Played","","","","","","0","",""
"8947903","One Piece Card Game","Premium Booster -The Best- Vol. 2","Jewelry Bonney - ST02-007 (Reprint)","","ST02-007","C","Damaged","","","","","","0","",""
"8928701","One Piece Card Game","Premium Booster -The Best- Vol. 2","Jewelry Bonney -PRB02-004","","PRB02-004","R","Near Mint Foil","0.89","","1.9800","0.4900","","0","",""
"8928702","One Piece Card Game","Premium Booster -The Best- Vol. 2","Jewelry Bonney -PRB02-004","","PRB02-004","R","Lightly Played Foil","1.51","","2.6300","1.1400","","0","",""
"8928703","One Piece Card Game","Premium Booster -The Best- Vol. 2","Jewelry Bonney -PRB02-004","","PRB02-004","R","Moderately Played Foil","2.00","","3.4900","2.0000","","0","",""
"8928704","One Piece Card Game","Premium Booster -The Best- Vol. 2","Jewelry Bonney -PRB02-004","","PRB02-004","R","Heavily Played Foil","","","","","","0","",""
"8928705","One Piece Card Game","Premium Booster -The Best- Vol. 2","Jewelry Bonney -PRB02-004","","PRB02-004","R","Damaged Foil","1.59","","3.4900","2.0000","","0","",""
"8935299","One Piece Card Game","Premium Booster -The Best- Vol. 2","Jinbe - P-063 (Alternate Art)","","P-063","PR","Near Mint Foil","1.64","","2.9700","1.4800","","0","",""
"8935300","One Piece Card Game","Premium Booster -The Best- Vol. 2","Jinbe - P-063 (Alternate Art)","","P-063","PR","Lightly Played Foil","1.81","","3.1000","1.6100","","0","",""
"8935301","One Piece Card Game","Premium Booster -The Best- Vol. 2","Jinbe - P-063 (Alternate Art)","","P-063","PR","Moderately Played Foil","1.09","","","","","0","",""
"8935302","One Piece Card Game","Premium Booster -The Best- Vol. 2","Jinbe - P-063 (Alternate Art)","","P-063","PR","Heavily Played Foil","","","","","","0","",""
"8935303","One Piece Card Game","Premium Booster -The Best- Vol. 2","Jinbe - P-063 (Alternate Art)","","P-063","PR","Damaged Foil","","","","","","0","",""
"8947784","One Piece Card Game","Premium Booster -The Best- Vol. 2","Jinbe - P-063 (Pirate Foil)","","P-063","PR","Near Mint Foil","0.25","","1.5800","0.0900","","0","",""
"8947785","One Piece Card Game","Premium Booster -The Best- Vol. 2","Jinbe - P-063 (Pirate Foil)","","P-063","PR","Lightly Played Foil","0.31","","1.6900","0.2000","","0","",""
"8947786","One Piece Card Game","Premium Booster -The Best- Vol. 2","Jinbe - P-063 (Pirate Foil)","","P-063","PR","Moderately Played Foil","","","2.1400","0.1500","","0","",""
"8947787","One Piece Card Game","Premium Booster -The Best- Vol. 2","Jinbe - P-063 (Pirate Foil)","","P-063","PR","Heavily Played Foil","","","","","","0","",""
"8947788","One Piece Card Game","Premium Booster -The Best- Vol. 2","Jinbe - P-063 (Pirate Foil)","","P-063","PR","Damaged Foil","","","","","","0","",""
"8947809","One Piece Card Game","Premium Booster -The Best- Vol. 2","Jinbe - P-063 (Reprint)","","P-063","PR","Near Mint","0.20","","1.5900","0.1000","","0","",""
"8947810","One Piece Card Game","Premium Booster -The Best- Vol. 2","Jinbe - P-063 (Reprint)","","P-063","PR","Lightly Played","0.21","","1.6900","0.2000","","0","",""
"8947811","One Piece Card Game","Premium Booster -The Best- Vol. 2","Jinbe - P-063 (Reprint)","","P-063","PR","Moderately Played","","","2.2400","0.2500","","0","",""
"8947812","One Piece Card Game","Premium Booster -The Best- Vol. 2","Jinbe - P-063 (Reprint)","","P-063","PR","Heavily Played","","","","","","0","",""
"8947813","One Piece Card Game","Premium Booster -The Best- Vol. 2","Jinbe - P-063 (Reprint)","","P-063","PR","Damaged","","","","","","0","",""
"8953829","One Piece Card Game","Premium Booster -The Best- Vol. 2","Jinbe - PRB02-007","","PRB02-007","R","Near Mint Foil","0.34","","1.6000","0.1100","","0","",""
"8953830","One Piece Card Game","Premium Booster -The Best- Vol. 2","Jinbe - PRB02-007","","PRB02-007","R","Lightly Played Foil","0.45","","1.7400","0.2500","","0","",""
"8953831","One Piece Card Game","Premium Booster -The Best- Vol. 2","Jinbe - PRB02-007","","PRB02-007","R","Moderately Played Foil","","","2.4900","0.5000","","0","",""
"8953832","One Piece Card Game","Premium Booster -The Best- Vol. 2","Jinbe - PRB02-007","","PRB02-007","R","Heavily Played Foil","","","","","","0","",""
"8953833","One Piece Card Game","Premium Booster -The Best- Vol. 2","Jinbe - PRB02-007","","PRB02-007","R","Damaged Foil","","","","","","0","",""
"8932115","One Piece Card Game","Premium Booster -The Best- Vol. 2","Jinbe - PRB02-007(Alternate Art)","","PRB02-007","R","Near Mint Foil","4.68","","5.0000","5.0000","","0","",""
"8932116","One Piece Card Game","Premium Booster -The Best- Vol. 2","Jinbe - PRB02-007(Alternate Art)","","PRB02-007","R","Lightly Played Foil","5.16","","5.4000","5.4000","","0","",""
"8932117","One Piece Card Game","Premium Booster -The Best- Vol. 2","Jinbe - PRB02-007(Alternate Art)","","PRB02-007","R","Moderately Played Foil","3.99","","","","","0","",""
"8932118","One Piece Card Game","Premium Booster -The Best- Vol. 2","Jinbe - PRB02-007(Alternate Art)","","PRB02-007","R","Heavily Played Foil","","","","","","0","",""
"8932119","One Piece Card Game","Premium Booster -The Best- Vol. 2","Jinbe - PRB02-007(Alternate Art)","","PRB02-007","R","Damaged Foil","","","","","","0","",""
"8947824","One Piece Card Game","Premium Booster -The Best- Vol. 2","Jinbe - ST10-005 (Pirate Foil)","","ST10-005","C","Near Mint Foil","0.18","","1.5000","0.0100","","0","",""
"8947825","One Piece Card Game","Premium Booster -The Best- Vol. 2","Jinbe - ST10-005 (Pirate Foil)","","ST10-005","C","Lightly Played Foil","0.24","","1.6400","0.1500","","0","",""
"8947826","One Piece Card Game","Premium Booster -The Best- Vol. 2","Jinbe - ST10-005 (Pirate Foil)","","ST10-005","C","Moderately Played Foil","0.10","","","","","0","",""
"8947827","One Piece Card Game","Premium Booster -The Best- Vol. 2","Jinbe - ST10-005 (Pirate Foil)","","ST10-005","C","Heavily Played Foil","","","","","","0","",""
"8947828","One Piece Card Game","Premium Booster -The Best- Vol. 2","Jinbe - ST10-005 (Pirate Foil)","","ST10-005","C","Damaged Foil","","","","","","0","",""
"8947814","One Piece Card Game","Premium Booster -The Best- Vol. 2","Jinbe - ST10-005 (Reprint)","","ST10-005","C","Near Mint","0.06","","1.5000","0.0100","","0","",""
"8947815","One Piece Card Game","Premium Booster -The Best- Vol. 2","Jinbe - ST10-005 (Reprint)","","ST10-005","C","Lightly Played","","","1.5300","0.0400","","0","",""
"8947816","One Piece Card Game","Premium Booster -The Best- Vol. 2","Jinbe - ST10-005 (Reprint)","","ST10-005","C","Moderately Played","","","1.8900","0.4000","","0","",""
"8947817","One Piece Card Game","Premium Booster -The Best- Vol. 2","Jinbe - ST10-005 (Reprint)","","ST10-005","C","Heavily Played","","","","","","0","",""
"8947818","One Piece Card Game","Premium Booster -The Best- Vol. 2","Jinbe - ST10-005 (Reprint)","","ST10-005","C","Damaged","","","","","","0","",""
"8946827","One Piece Card Game","Premium Booster -The Best- Vol. 2","Just Shut Up and Come with Us!!!! (Pirate Foil)","","EB01-009","C","Near Mint Foil","0.24","","1.5900","0.1000","","0","",""
"8946828","One Piece Card Game","Premium Booster -The Best- Vol. 2","Just Shut Up and Come with Us!!!! (Pirate Foil)","","EB01-009","C","Lightly Played Foil","0.25","","1.6100","0.0600","","0","",""
"8946829","One Piece Card Game","Premium Booster -The Best- Vol. 2","Just Shut Up and Come with Us!!!! (Pirate Foil)","","EB01-009","C","Moderately Played Foil","","","","","","0","",""
"8946830","One Piece Card Game","Premium Booster -The Best- Vol. 2","Just Shut Up and Come with Us!!!! (Pirate Foil)","","EB01-009","C","Heavily Played Foil","","","","","","0","",""
"8946831","One Piece Card Game","Premium Booster -The Best- Vol. 2","Just Shut Up and Come with Us!!!! (Pirate Foil)","","EB01-009","C","Damaged Foil","","","","","","0","",""
"8946822","One Piece Card Game","Premium Booster -The Best- Vol. 2","Just Shut Up and Come with Us!!!! (Reprint)","","EB01-009","C","Near Mint","0.10","","1.5000","0.0100","","0","",""
"8946823","One Piece Card Game","Premium Booster -The Best- Vol. 2","Just Shut Up and Come with Us!!!! (Reprint)","","EB01-009","C","Lightly Played","0.13","","1.6200","0.1300","","0","",""
"8946824","One Piece Card Game","Premium Booster -The Best- Vol. 2","Just Shut Up and Come with Us!!!! (Reprint)","","EB01-009","C","Moderately Played","","","1.8900","0.4000","","0","",""
"8946825","One Piece Card Game","Premium Booster -The Best- Vol. 2","Just Shut Up and Come with Us!!!! (Reprint)","","EB01-009","C","Heavily Played","","","","","","0","",""
"8946826","One Piece Card Game","Premium Booster -The Best- Vol. 2","Just Shut Up and Come with Us!!!! (Reprint)","","EB01-009","C","Damaged","","","","","","0","",""
"8948170","One Piece Card Game","Premium Booster -The Best- Vol. 2","Kalgara (Pirate Foil)","","OP08-099","C","Near Mint Foil","0.13","","1.5000","0.0100","","0","",""
"8948171","One Piece Card Game","Premium Booster -The Best- Vol. 2","Kalgara (Pirate Foil)","","OP08-099","C","Lightly Played Foil","0.29","","1.6100","0.1200","","0","",""
"8948172","One Piece Card Game","Premium Booster -The Best- Vol. 2","Kalgara (Pirate Foil)","","OP08-099","C","Moderately Played Foil","","","3.4800","1.9900","","0","",""
"8948173","One Piece Card Game","Premium Booster -The Best- Vol. 2","Kalgara (Pirate Foil)","","OP08-099","C","Heavily Played Foil","","","","","","0","",""
"8948174","One Piece Card Game","Premium Booster -The Best- Vol. 2","Kalgara (Pirate Foil)","","OP08-099","C","Damaged Foil","","","","","","0","",""
"8948165","One Piece Card Game","Premium Booster -The Best- Vol. 2","Kalgara (Reprint)","","OP08-099","C","Near Mint","0.05","","1.5000","0.0100","","0","",""
"8948166","One Piece Card Game","Premium Booster -The Best- Vol. 2","Kalgara (Reprint)","","OP08-099","C","Lightly Played","0.15","","1.5900","0.1000","","0","",""
"8948167","One Piece Card Game","Premium Booster -The Best- Vol. 2","Kalgara (Reprint)","","OP08-099","C","Moderately Played","","","2.1400","0.1500","","0","",""
"8948168","One Piece Card Game","Premium Booster -The Best- Vol. 2","Kalgara (Reprint)","","OP08-099","C","Heavily Played","","","","","","0","",""
"8948169","One Piece Card Game","Premium Booster -The Best- Vol. 2","Kalgara (Reprint)","","OP08-099","C","Damaged","","","99.0000","99.0000","","0","",""
"8956075","One Piece Card Game","Premium Booster -The Best- Vol. 2","Kaya (Reprint)","","OP03-044","R","Near Mint Foil","0.32","","1.7300","0.2300","","0","",""
"8956076","One Piece Card Game","Premium Booster -The Best- Vol. 2","Kaya (Reprint)","","OP03-044","R","Lightly Played Foil","0.48","","1.5900","0.1000","","0","",""
"8956077","One Piece Card Game","Premium Booster -The Best- Vol. 2","Kaya (Reprint)","","OP03-044","R","Moderately Played Foil","","","","","","0","",""
"8956078","One Piece Card Game","Premium Booster -The Best- Vol. 2","Kaya (Reprint)","","OP03-044","R","Heavily Played Foil","","","","","","0","",""
"8956079","One Piece Card Game","Premium Booster -The Best- Vol. 2","Kaya (Reprint)","","OP03-044","R","Damaged Foil","","","","","","0","",""
"8946922","One Piece Card Game","Premium Booster -The Best- Vol. 2","Killer (Pirate Foil)","","OP01-039","UC","Near Mint Foil","0.21","","1.6300","0.1400","","0","",""
"8946923","One Piece Card Game","Premium Booster -The Best- Vol. 2","Killer (Pirate Foil)","","OP01-039","UC","Lightly Played Foil","0.33","","1.7200","0.2300","","0","",""
"8946924","One Piece Card Game","Premium Booster -The Best- Vol. 2","Killer (Pirate Foil)","","OP01-039","UC","Moderately Played Foil","","","","","","0","",""
"8946925","One Piece Card Game","Premium Booster -The Best- Vol. 2","Killer (Pirate Foil)","","OP01-039","UC","Heavily Played Foil","","","","","","0","",""
"8946926","One Piece Card Game","Premium Booster -The Best- Vol. 2","Killer (Pirate Foil)","","OP01-039","UC","Damaged Foil","","","","","","0","",""
"8946917","One Piece Card Game","Premium Booster -The Best- Vol. 2","Killer (Reprint)","","OP01-039","UC","Near Mint","0.11","","1.5000","0.0100","","0","",""
"8946918","One Piece Card Game","Premium Booster -The Best- Vol. 2","Killer (Reprint)","","OP01-039","UC","Lightly Played","0.06","","1.5400","0.0500","","0","",""
"8946919","One Piece Card Game","Premium Booster -The Best- Vol. 2","Killer (Reprint)","","OP01-039","UC","Moderately Played","","","2.1900","0.2000","","0","",""
"8946920","One Piece Card Game","Premium Booster -The Best- Vol. 2","Killer (Reprint)","","OP01-039","UC","Heavily Played","","","","","","0","",""
"8946921","One Piece Card Game","Premium Booster -The Best- Vol. 2","Killer (Reprint)","","OP01-039","UC","Damaged","","","","","","0","",""
"8947869","One Piece Card Game","Premium Booster -The Best- Vol. 2","Koala (Pirate Foil)","","P-069","PR","Near Mint Foil","0.38","","1.6900","0.2000","","0","",""
"8947870","One Piece Card Game","Premium Booster -The Best- Vol. 2","Koala (Pirate Foil)","","P-069","PR","Lightly Played Foil","0.41","","1.7900","0.3000","","0","",""
"8947871","One Piece Card Game","Premium Booster -The Best- Vol. 2","Koala (Pirate Foil)","","P-069","PR","Moderately Played Foil","","","3.6500","0.9000","","0","",""
"8947872","One Piece Card Game","Premium Booster -The Best- Vol. 2","Koala (Pirate Foil)","","P-069","PR","Heavily Played Foil","","","","","","0","",""
"8947873","One Piece Card Game","Premium Booster -The Best- Vol. 2","Koala (Pirate Foil)","","P-069","PR","Damaged Foil","","","","","","0","",""
"8947884","One Piece Card Game","Premium Booster -The Best- Vol. 2","Koala (Reprint)","","P-069","PR","Near Mint","0.30","","1.6800","0.1900","","0","",""
"8947885","One Piece Card Game","Premium Booster -The Best- Vol. 2","Koala (Reprint)","","P-069","PR","Lightly Played","0.28","","1.7000","0.2000","","0","",""
"8947886","One Piece Card Game","Premium Booster -The Best- Vol. 2","Koala (Reprint)","","P-069","PR","Moderately Played","","","1.6900","0.2000","","0","",""
"8947887","One Piece Card Game","Premium Booster -The Best- Vol. 2","Koala (Reprint)","","P-069","PR","Heavily Played","","","","","","0","",""
"8947888","One Piece Card Game","Premium Booster -The Best- Vol. 2","Koala (Reprint)","","P-069","PR","Damaged","","","","","","0","",""
"8929565","One Piece Card Game","Premium Booster -The Best- Vol. 2","Koby","","PRB02-001","R","Near Mint Foil","11.78","","11.8000","10.5000","","0","",""
"8929566","One Piece Card Game","Premium Booster -The Best- Vol. 2","Koby","","PRB02-001","R","Lightly Played Foil","12.44","","12.4300","12.4300","","0","",""
"8929567","One Piece Card Game","Premium Booster -The Best- Vol. 2","Koby","","PRB02-001","R","Moderately Played Foil","7.50","","","","","0","",""
"8929568","One Piece Card Game","Premium Booster -The Best- Vol. 2","Koby","","PRB02-001","R","Heavily Played Foil","","","","","","0","",""
"8929569","One Piece Card Game","Premium Booster -The Best- Vol. 2","Koby","","PRB02-001","R","Damaged Foil","7.99","","","","","0","",""
"8929570","One Piece Card Game","Premium Booster -The Best- Vol. 2","Koby (Alternate Art)","","PRB02-001","R","Near Mint Foil","41.43","","35.0000","35.0000","","0","",""
"8929571","One Piece Card Game","Premium Booster -The Best- Vol. 2","Koby (Alternate Art)","","PRB02-001","R","Lightly Played Foil","37.88","","37.6900","37.6900","","0","",""
"8929572","One Piece Card Game","Premium Booster -The Best- Vol. 2","Koby (Alternate Art)","","PRB02-001","R","Moderately Played Foil","31.99","","","","","0","",""
"8929573","One Piece Card Game","Premium Booster -The Best- Vol. 2","Koby (Alternate Art)","","PRB02-001","R","Heavily Played Foil","","","","","","0","",""
"8929574","One Piece Card Game","Premium Booster -The Best- Vol. 2","Koby (Alternate Art)","","PRB02-001","R","Damaged Foil","","","","","","0","",""
"8947693","One Piece Card Game","Premium Booster -The Best- Vol. 2","Kouzuki Momonosuke (Reprint)","","OP06-107","SR","Near Mint Foil","0.33","","1.5900","0.1000","","0","",""
"8947694","One Piece Card Game","Premium Booster -The Best- Vol. 2","Kouzuki Momonosuke (Reprint)","","OP06-107","SR","Lightly Played Foil","0.36","","1.7900","0.3000","","0","",""
"8947695","One Piece Card Game","Premium Booster -The Best- Vol. 2","Kouzuki Momonosuke (Reprint)","","OP06-107","SR","Moderately Played Foil","","","1.8900","0.4000","","0","",""
"8947696","One Piece Card Game","Premium Booster -The Best- Vol. 2","Kouzuki Momonosuke (Reprint)","","OP06-107","SR","Heavily Played Foil","","","","","","0","",""
"8947697","One Piece Card Game","Premium Booster -The Best- Vol. 2","Kouzuki Momonosuke (Reprint)","","OP06-107","SR","Damaged Foil","0.47","","","","","0","",""
"8947472","One Piece Card Game","Premium Booster -The Best- Vol. 2","Kyros (Reprint)","","OP10-046","SR","Near Mint Foil","0.31","","1.5800","0.0400","","0","",""
"8947473","One Piece Card Game","Premium Booster -The Best- Vol. 2","Kyros (Reprint)","","OP10-046","SR","Lightly Played Foil","0.30","","1.6900","0.2000","","0","",""
"8947474","One Piece Card Game","Premium Booster -The Best- Vol. 2","Kyros (Reprint)","","OP10-046","SR","Moderately Played Foil","","","1.9900","0.5000","","0","",""
"8947475","One Piece Card Game","Premium Booster -The Best- Vol. 2","Kyros (Reprint)","","OP10-046","SR","Heavily Played Foil","","","","","","0","",""
"8947476","One Piece Card Game","Premium Booster -The Best- Vol. 2","Kyros (Reprint)","","OP10-046","SR","Damaged Foil","","","1.6900","0.2000","","0","",""
"8946877","One Piece Card Game","Premium Booster -The Best- Vol. 2","Laboon (Reprint)","","EB01-048","SR","Near Mint Foil","3.54","","4.9100","3.4200","","0","",""
"8946878","One Piece Card Game","Premium Booster -The Best- Vol. 2","Laboon (Reprint)","","EB01-048","SR","Lightly Played Foil","0.94","","5.9800","4.4900","","0","",""
"8946879","One Piece Card Game","Premium Booster -The Best- Vol. 2","Laboon (Reprint)","","EB01-048","SR","Moderately Played Foil","0.49","","","","","0","",""
"8946880","One Piece Card Game","Premium Booster -The Best- Vol. 2","Laboon (Reprint)","","EB01-048","SR","Heavily Played Foil","","","","","","0","",""
"8946881","One Piece Card Game","Premium Booster -The Best- Vol. 2","Laboon (Reprint)","","EB01-048","SR","Damaged Foil","0.83","","","","","0","",""
"8948079","One Piece Card Game","Premium Booster -The Best- Vol. 2","Lim","","P-079","PR","Near Mint","0.33","","1.6700","0.1800","","0","",""
"8948080","One Piece Card Game","Premium Booster -The Best- Vol. 2","Lim","","P-079","PR","Lightly Played","0.27","","1.7500","0.2500","","0","",""
"8948081","One Piece Card Game","Premium Booster -The Best- Vol. 2","Lim","","P-079","PR","Moderately Played","","","","","","0","",""
"8948082","One Piece Card Game","Premium Booster -The Best- Vol. 2","Lim","","P-079","PR","Heavily Played","","","","","","0","",""
"8948083","One Piece Card Game","Premium Booster -The Best- Vol. 2","Lim","","P-079","PR","Damaged","","","","","","0","",""
"8948074","One Piece Card Game","Premium Booster -The Best- Vol. 2","Lim (Pirate Foil)","","P-079","PR","Near Mint Foil","0.29","","1.6300","0.1400","","0","",""
"8948075","One Piece Card Game","Premium Booster -The Best- Vol. 2","Lim (Pirate Foil)","","P-079","PR","Lightly Played Foil","0.27","","1.7000","0.2000","","0","",""
"8948076","One Piece Card Game","Premium Booster -The Best- Vol. 2","Lim (Pirate Foil)","","P-079","PR","Moderately Played Foil","","","","","","0","",""
"8948077","One Piece Card Game","Premium Booster -The Best- Vol. 2","Lim (Pirate Foil)","","P-079","PR","Heavily Played Foil","","","","","","0","",""
"8948078","One Piece Card Game","Premium Booster -The Best- Vol. 2","Lim (Pirate Foil)","","P-079","PR","Damaged Foil","","","","","","0","",""
"8947117","One Piece Card Game","Premium Booster -The Best- Vol. 2","Limejuice (Alternate Art)","","OP09-014","UC","Near Mint Foil","4.78","","5.0000","5.0000","","0","",""
"8947118","One Piece Card Game","Premium Booster -The Best- Vol. 2","Limejuice (Alternate Art)","","OP09-014","UC","Lightly Played Foil","5.31","","5.3000","5.3000","","0","",""
"8947119","One Piece Card Game","Premium Booster -The Best- Vol. 2","Limejuice (Alternate Art)","","OP09-014","UC","Moderately Played Foil","6.19","","5.7500","5.7500","","0","",""
"8947120","One Piece Card Game","Premium Booster -The Best- Vol. 2","Limejuice (Alternate Art)","","OP09-014","UC","Heavily Played Foil","","","","","","0","",""
"8947121","One Piece Card Game","Premium Booster -The Best- Vol. 2","Limejuice (Alternate Art)","","OP09-014","UC","Damaged Foil","","","","","","0","",""
"8947102","One Piece Card Game","Premium Booster -The Best- Vol. 2","Limejuice (Pirate Foil)","","OP09-014","UC","Near Mint Foil","0.19","","1.5700","0.0800","","0","",""
"8947103","One Piece Card Game","Premium Booster -The Best- Vol. 2","Limejuice (Pirate Foil)","","OP09-014","UC","Lightly Played Foil","0.20","","1.6500","0.1500","","0","",""
"8947104","One Piece Card Game","Premium Booster -The Best- Vol. 2","Limejuice (Pirate Foil)","","OP09-014","UC","Moderately Played Foil","","","","","","0","",""
"8947105","One Piece Card Game","Premium Booster -The Best- Vol. 2","Limejuice (Pirate Foil)","","OP09-014","UC","Heavily Played Foil","","","","","","0","",""
"8947106","One Piece Card Game","Premium Booster -The Best- Vol. 2","Limejuice (Pirate Foil)","","OP09-014","UC","Damaged Foil","","","","","","0","",""
"8947112","One Piece Card Game","Premium Booster -The Best- Vol. 2","Limejuice (Reprint)","","OP09-014","UC","Near Mint","0.06","","1.5000","0.0100","","0","",""
"8947113","One Piece Card Game","Premium Booster -The Best- Vol. 2","Limejuice (Reprint)","","OP09-014","UC","Lightly Played","0.10","","1.5600","0.0100","","0","",""
"8947114","One Piece Card Game","Premium Booster -The Best- Vol. 2","Limejuice (Reprint)","","OP09-014","UC","Moderately Played","","","","","","0","",""
"8947115","One Piece Card Game","Premium Booster -The Best- Vol. 2","Limejuice (Reprint)","","OP09-014","UC","Heavily Played","","","","","","0","",""
"8947116","One Piece Card Game","Premium Booster -The Best- Vol. 2","Limejuice (Reprint)","","OP09-014","UC","Damaged","","","99.0000","99.0000","","0","",""
"8928691","One Piece Card Game","Premium Booster -The Best- Vol. 2","Lucky.Roux","","PRB02-003","R","Near Mint Foil","3.53","","4.4800","2.9900","","0","",""
"8928692","One Piece Card Game","Premium Booster -The Best- Vol. 2","Lucky.Roux","","PRB02-003","R","Lightly Played Foil","7.76","","5.4000","3.9100","","0","",""
"8928693","One Piece Card Game","Premium Booster -The Best- Vol. 2","Lucky.Roux","","PRB02-003","R","Moderately Played Foil","","","5.1600","3.6700","","0","",""
"8928694","One Piece Card Game","Premium Booster -The Best- Vol. 2","Lucky.Roux","","PRB02-003","R","Heavily Played Foil","6.99","","","","","0","",""
"8928695","One Piece Card Game","Premium Booster -The Best- Vol. 2","Lucky.Roux","","PRB02-003","R","Damaged Foil","","","","","","0","",""
"8928696","One Piece Card Game","Premium Booster -The Best- Vol. 2","Lucky.Roux (Alternate Art)","","PRB02-003","R","Near Mint Foil","10.87","","10.5000","10.5000","","0","",""
"8928697","One Piece Card Game","Premium Booster -The Best- Vol. 2","Lucky.Roux (Alternate Art)","","PRB02-003","R","Lightly Played Foil","11.42","","11.2900","11.2900","","0","",""
"8928698","One Piece Card Game","Premium Booster -The Best- Vol. 2","Lucky.Roux (Alternate Art)","","PRB02-003","R","Moderately Played Foil","15.49","","","","","0","",""
"8928699","One Piece Card Game","Premium Booster -The Best- Vol. 2","Lucky.Roux (Alternate Art)","","PRB02-003","R","Heavily Played Foil","","","","","","0","",""
"8928700","One Piece Card Game","Premium Booster -The Best- Vol. 2","Lucky.Roux (Alternate Art)","","PRB02-003","R","Damaged Foil","","","7.0000","7.0000","","0","",""
"8932045","One Piece Card Game","Premium Booster -The Best- Vol. 2","Marco","","PRB02-008","SR","Near Mint Foil","5.66","","6.2400","6.2400","0","0","8.5000",""
"8932046","One Piece Card Game","Premium Booster -The Best- Vol. 2","Marco","","PRB02-008","SR","Lightly Played Foil","7.35","","6.4500","4.5000","","0","",""
"8932047","One Piece Card Game","Premium Booster -The Best- Vol. 2","Marco","","PRB02-008","SR","Moderately Played Foil","8.74","","7.8900","7.8900","","0","",""
"8932048","One Piece Card Game","Premium Booster -The Best- Vol. 2","Marco","","PRB02-008","SR","Heavily Played Foil","","","","","","0","",""
"8932049","One Piece Card Game","Premium Booster -The Best- Vol. 2","Marco","","PRB02-008","SR","Damaged Foil","8.31","","","","","0","",""
"8932030","One Piece Card Game","Premium Booster -The Best- Vol. 2","Marco (Alternate Art)","","PRB02-008","SR","Near Mint Foil","100.65","","74.9400","74.9400","","0","",""
"8932031","One Piece Card Game","Premium Booster -The Best- Vol. 2","Marco (Alternate Art)","","PRB02-008","SR","Lightly Played Foil","92.07","","79.9800","79.9800","","0","",""
"8932032","One Piece Card Game","Premium Booster -The Best- Vol. 2","Marco (Alternate Art)","","PRB02-008","SR","Moderately Played Foil","82.66","","70.0000","70.0000","","0","",""
"8932033","One Piece Card Game","Premium Booster -The Best- Vol. 2","Marco (Alternate Art)","","PRB02-008","SR","Heavily Played Foil","","","","","","0","",""
"8932034","One Piece Card Game","Premium Booster -The Best- Vol. 2","Marco (Alternate Art)","","PRB02-008","SR","Damaged Foil","88.00","","","","","0","",""
"8947372","One Piece Card Game","Premium Booster -The Best- Vol. 2","Marshall.D.Teach - OP09-093 (Reprint)","","OP09-093","SR","Near Mint Foil","0.71","","2.0000","0.5000","","0","",""
"8947373","One Piece Card Game","Premium Booster -The Best- Vol. 2","Marshall.D.Teach - OP09-093 (Reprint)","","OP09-093","SR","Lightly Played Foil","1.03","","2.5100","1.0200","","0","",""
"8947374","One Piece Card Game","Premium Booster -The Best- Vol. 2","Marshall.D.Teach - OP09-093 (Reprint)","","OP09-093","SR","Moderately Played Foil","0.45","","","","","0","",""
"8947375","One Piece Card Game","Premium Booster -The Best- Vol. 2","Marshall.D.Teach - OP09-093 (Reprint)","","OP09-093","SR","Heavily Played Foil","","","","","","0","",""
"8947376","One Piece Card Game","Premium Booster -The Best- Vol. 2","Marshall.D.Teach - OP09-093 (Reprint)","","OP09-093","SR","Damaged Foil","","","","","","0","",""
"8947122","One Piece Card Game","Premium Booster -The Best- Vol. 2","Marshall.D.Teach - ST17-005","","ST17-005","C","Near Mint","0.10","","1.5100","0.0200","","0","",""
"8947123","One Piece Card Game","Premium Booster -The Best- Vol. 2","Marshall.D.Teach - ST17-005","","ST17-005","C","Lightly Played","0.09","","1.5800","0.0900","","0","",""
"8947124","One Piece Card Game","Premium Booster -The Best- Vol. 2","Marshall.D.Teach - ST17-005","","ST17-005","C","Moderately Played","","","1.5900","0.1000","","0","",""
"8947125","One Piece Card Game","Premium Booster -The Best- Vol. 2","Marshall.D.Teach - ST17-005","","ST17-005","C","Heavily Played","","","","","","0","",""
"8947126","One Piece Card Game","Premium Booster -The Best- Vol. 2","Marshall.D.Teach - ST17-005","","ST17-005","C","Damaged","","","99.0000","99.0000","","0","",""
"8947127","One Piece Card Game","Premium Booster -The Best- Vol. 2","Marshall.D.Teach - ST17-005 (Pirate Foil)","","ST17-005","C","Near Mint Foil","0.19","","1.5300","0.0400","","0","",""
"8947128","One Piece Card Game","Premium Booster -The Best- Vol. 2","Marshall.D.Teach - ST17-005 (Pirate Foil)","","ST17-005","C","Lightly Played Foil","0.22","","1.6900","0.2000","","0","",""
"8947129","One Piece Card Game","Premium Booster -The Best- Vol. 2","Marshall.D.Teach - ST17-005 (Pirate Foil)","","ST17-005","C","Moderately Played Foil","","","2.2400","0.2500","","0","",""
"8947130","One Piece Card Game","Premium Booster -The Best- Vol. 2","Marshall.D.Teach - ST17-005 (Pirate Foil)","","ST17-005","C","Heavily Played Foil","","","","","","0","",""
"8947131","One Piece Card Game","Premium Booster -The Best- Vol. 2","Marshall.D.Teach - ST17-005 (Pirate Foil)","","ST17-005","C","Damaged Foil","","","","","","0","",""
"8947452","One Piece Card Game","Premium Booster -The Best- Vol. 2","Mary Geoise (Alternate Art)","","OP05-097","C","Near Mint Foil","11.00","","6.2800","6.2800","","0","",""
"8947453","One Piece Card Game","Premium Booster -The Best- Vol. 2","Mary Geoise (Alternate Art)","","OP05-097","C","Lightly Played Foil","6.64","","7.6700","6.3600","","0","",""
"8947454","One Piece Card Game","Premium Booster -The Best- Vol. 2","Mary Geoise (Alternate Art)","","OP05-097","C","Moderately Played Foil","","","","","","0","",""
"8947455","One Piece Card Game","Premium Booster -The Best- Vol. 2","Mary Geoise (Alternate Art)","","OP05-097","C","Heavily Played Foil","","","","","","0","",""
"8947456","One Piece Card Game","Premium Booster -The Best- Vol. 2","Mary Geoise (Alternate Art)","","OP05-097","C","Damaged Foil","5.00","","","","","0","",""
"8947442","One Piece Card Game","Premium Booster -The Best- Vol. 2","Mary Geoise (Pirate Foil)","","OP05-097","C","Near Mint Foil","0.20","","1.5400","0.0500","","0","",""
"8947443","One Piece Card Game","Premium Booster -The Best- Vol. 2","Mary Geoise (Pirate Foil)","","OP05-097","C","Lightly Played Foil","0.64","","1.7400","0.2500","","0","",""
"8947444","One Piece Card Game","Premium Booster -The Best- Vol. 2","Mary Geoise (Pirate Foil)","","OP05-097","C","Moderately Played Foil","","","","","","0","",""
"8947445","One Piece Card Game","Premium Booster -The Best- Vol. 2","Mary Geoise (Pirate Foil)","","OP05-097","C","Heavily Played Foil","","","","","","0","",""
"8947446","One Piece Card Game","Premium Booster -The Best- Vol. 2","Mary Geoise (Pirate Foil)","","OP05-097","C","Damaged Foil","","","","","","0","",""
"8947437","One Piece Card Game","Premium Booster -The Best- Vol. 2","Mary Geoise (Reprint)","","OP05-097","C","Near Mint","0.12","","1.5300","0.0400","","0","",""
"8947438","One Piece Card Game","Premium Booster -The Best- Vol. 2","Mary Geoise (Reprint)","","OP05-097","C","Lightly Played","0.13","","1.5500","0.0600","","0","",""
"8947439","One Piece Card Game","Premium Booster -The Best- Vol. 2","Mary Geoise (Reprint)","","OP05-097","C","Moderately Played","","","2.1900","0.2000","","0","",""
"8947440","One Piece Card Game","Premium Booster -The Best- Vol. 2","Mary Geoise (Reprint)","","OP05-097","C","Heavily Played","","","","","","0","",""
"8947441","One Piece Card Game","Premium Booster -The Best- Vol. 2","Mary Geoise (Reprint)","","OP05-097","C","Damaged","","","","","","0","",""
"8947282","One Piece Card Game","Premium Booster -The Best- Vol. 2","Maynard (Pirate Foil)","","OP05-052","C","Near Mint Foil","0.13","","1.5900","0.1000","","0","",""
"8947283","One Piece Card Game","Premium Booster -The Best- Vol. 2","Maynard (Pirate Foil)","","OP05-052","C","Lightly Played Foil","0.23","","1.6900","0.2000","","0","",""
"8947284","One Piece Card Game","Premium Booster -The Best- Vol. 2","Maynard (Pirate Foil)","","OP05-052","C","Moderately Played Foil","","","12.3000","0.3100","","0","",""
"8947285","One Piece Card Game","Premium Booster -The Best- Vol. 2","Maynard (Pirate Foil)","","OP05-052","C","Heavily Played Foil","","","","","","0","",""
"8947286","One Piece Card Game","Premium Booster -The Best- Vol. 2","Maynard (Pirate Foil)","","OP05-052","C","Damaged Foil","","","","","","0","",""
"8947272","One Piece Card Game","Premium Booster -The Best- Vol. 2","Maynard (Reprint)","","OP05-052","C","Near Mint","0.05","","1.5000","0.0100","","0","",""
"8947273","One Piece Card Game","Premium Booster -The Best- Vol. 2","Maynard (Reprint)","","OP05-052","C","Lightly Played","0.22","","1.5900","0.1000","","0","",""
"8947274","One Piece Card Game","Premium Booster -The Best- Vol. 2","Maynard (Reprint)","","OP05-052","C","Moderately Played","","","2.1400","0.1500","","0","",""
"8947275","One Piece Card Game","Premium Booster -The Best- Vol. 2","Maynard (Reprint)","","OP05-052","C","Heavily Played","","","","","","0","",""
"8947276","One Piece Card Game","Premium Booster -The Best- Vol. 2","Maynard (Reprint)","","OP05-052","C","Damaged","","","","","","0","",""
"8947774","One Piece Card Game","Premium Booster -The Best- Vol. 2","Moda (Pirate Foil)","","OP07-014","UC","Near Mint Foil","0.24","","1.5700","0.0800","","0","",""
"8947775","One Piece Card Game","Premium Booster -The Best- Vol. 2","Moda (Pirate Foil)","","OP07-014","UC","Lightly Played Foil","0.30","","1.5600","0.0700","","0","",""
"8947776","One Piece Card Game","Premium Booster -The Best- Vol. 2","Moda (Pirate Foil)","","OP07-014","UC","Moderately Played Foil","","","2.0900","0.1000","","0","",""
"8947777","One Piece Card Game","Premium Booster -The Best- Vol. 2","Moda (Pirate Foil)","","OP07-014","UC","Heavily Played Foil","","","","","","0","",""
"8947778","One Piece Card Game","Premium Booster -The Best- Vol. 2","Moda (Pirate Foil)","","OP07-014","UC","Damaged Foil","","","","","","0","",""
"8947764","One Piece Card Game","Premium Booster -The Best- Vol. 2","Moda (Reprint)","","OP07-014","UC","Near Mint","0.06","","1.5000","0.0100","","0","",""
"8947765","One Piece Card Game","Premium Booster -The Best- Vol. 2","Moda (Reprint)","","OP07-014","UC","Lightly Played","","","1.5900","0.1000","","0","",""
"8947766","One Piece Card Game","Premium Booster -The Best- Vol. 2","Moda (Reprint)","","OP07-014","UC","Moderately Played","","","1.8800","0.3900","","0","",""
"8947767","One Piece Card Game","Premium Booster -The Best- Vol. 2","Moda (Reprint)","","OP07-014","UC","Heavily Played","","","1.8900","0.4000","","0","",""
"8947768","One Piece Card Game","Premium Booster -The Best- Vol. 2","Moda (Reprint)","","OP07-014","UC","Damaged","","","6.2300","0.2400","","0","",""
"8947252","One Piece Card Game","Premium Booster -The Best- Vol. 2","Monet (Pirate Foil)","","OP05-036","UC","Near Mint Foil","0.21","","1.5500","0.0600","","0","",""
"8947253","One Piece Card Game","Premium Booster -The Best- Vol. 2","Monet (Pirate Foil)","","OP05-036","UC","Lightly Played Foil","0.28","","1.7300","0.2400","","0","",""
"8947254","One Piece Card Game","Premium Booster -The Best- Vol. 2","Monet (Pirate Foil)","","OP05-036","UC","Moderately Played Foil","","","2.6000","0.1000","","0","",""
"8947255","One Piece Card Game","Premium Booster -The Best- Vol. 2","Monet (Pirate Foil)","","OP05-036","UC","Heavily Played Foil","","","","","","0","",""
"8947256","One Piece Card Game","Premium Booster -The Best- Vol. 2","Monet (Pirate Foil)","","OP05-036","UC","Damaged Foil","","","","","","0","",""
"8947242","One Piece Card Game","Premium Booster -The Best- Vol. 2","Monet (Reprint)","","OP05-036","UC","Near Mint","0.09","","1.5000","0.0100","","0","",""
"8947243","One Piece Card Game","Premium Booster -The Best- Vol. 2","Monet (Reprint)","","OP05-036","UC","Lightly Played","0.11","","1.5100","0.0200","","0","",""
"8947244","One Piece Card Game","Premium Booster -The Best- Vol. 2","Monet (Reprint)","","OP05-036","UC","Moderately Played","","","2.1900","0.2000","","0","",""
"8947245","One Piece Card Game","Premium Booster -The Best- Vol. 2","Monet (Reprint)","","OP05-036","UC","Heavily Played","","","","","","0","",""
"8947246","One Piece Card Game","Premium Booster -The Best- Vol. 2","Monet (Reprint)","","OP05-036","UC","Damaged","","","99.0000","99.0000","","0","",""
"8947789","One Piece Card Game","Premium Booster -The Best- Vol. 2","Monkey.D.Dragon (Reprint)","","OP07-015","SR","Near Mint Foil","0.41","","1.6900","0.2000","","0","",""
"8947790","One Piece Card Game","Premium Booster -The Best- Vol. 2","Monkey.D.Dragon (Reprint)","","OP07-015","SR","Lightly Played Foil","0.42","","1.9000","0.4000","","0","",""
"8947791","One Piece Card Game","Premium Booster -The Best- Vol. 2","Monkey.D.Dragon (Reprint)","","OP07-015","SR","Moderately Played Foil","","","2.1100","0.6200","","0","",""
"8947792","One Piece Card Game","Premium Booster -The Best- Vol. 2","Monkey.D.Dragon (Reprint)","","OP07-015","SR","Heavily Played Foil","","","","","","0","",""
"8947793","One Piece Card Game","Premium Booster -The Best- Vol. 2","Monkey.D.Dragon (Reprint)","","OP07-015","SR","Damaged Foil","","","1.8000","0.3100","","0","",""
"8949020","One Piece Card Game","Premium Booster -The Best- Vol. 2","Monkey.D.Luffy - EB02-061 (Reprint)","","EB02-061","SEC","Near Mint Foil","7.26","","7.0000","7.0000","","0","",""
"8949021","One Piece Card Game","Premium Booster -The Best- Vol. 2","Monkey.D.Luffy - EB02-061 (Reprint)","","EB02-061","SEC","Lightly Played Foil","7.52","","9.0700","9.0700","","0","",""
"8949022","One Piece Card Game","Premium Booster -The Best- Vol. 2","Monkey.D.Luffy - EB02-061 (Reprint)","","EB02-061","SEC","Moderately Played Foil","","","","","","0","",""
"8949023","One Piece Card Game","Premium Booster -The Best- Vol. 2","Monkey.D.Luffy - EB02-061 (Reprint)","","EB02-061","SEC","Heavily Played Foil","","","","","","0","",""
"8949024","One Piece Card Game","Premium Booster -The Best- Vol. 2","Monkey.D.Luffy - EB02-061 (Reprint)","","EB02-061","SEC","Damaged Foil","","","","","","0","",""
"8938078","One Piece Card Game","Premium Booster -The Best- Vol. 2","Monkey.D.Luffy - EB02-061 (SP)","","EB02-061","SEC","Near Mint Foil","480.55","","484.8000","484.8000","","0","",""
"8938079","One Piece Card Game","Premium Booster -The Best- Vol. 2","Monkey.D.Luffy - EB02-061 (SP)","","EB02-061","SEC","Lightly Played Foil","416.43","","650.0000","650.0000","","0","",""
"8938080","One Piece Card Game","Premium Booster -The Best- Vol. 2","Monkey.D.Luffy - EB02-061 (SP)","","EB02-061","SEC","Moderately Played Foil","","","","","","0","",""
"8938081","One Piece Card Game","Premium Booster -The Best- Vol. 2","Monkey.D.Luffy - EB02-061 (SP)","","EB02-061","SEC","Heavily Played Foil","","","","","","0","",""
"8938082","One Piece Card Game","Premium Booster -The Best- Vol. 2","Monkey.D.Luffy - EB02-061 (SP)","","EB02-061","SEC","Damaged Foil","","","","","","0","",""
"8948014","One Piece Card Game","Premium Booster -The Best- Vol. 2","Monkey.D.Luffy - OP07-109 (Reprint)","","OP07-109","SR","Near Mint Foil","0.95","","1.9700","0.4800","","0","",""
"8948015","One Piece Card Game","Premium Booster -The Best- Vol. 2","Monkey.D.Luffy - OP07-109 (Reprint)","","OP07-109","SR","Lightly Played Foil","0.86","","2.3700","0.8800","","0","",""
"8948016","One Piece Card Game","Premium Booster -The Best- Vol. 2","Monkey.D.Luffy - OP07-109 (Reprint)","","OP07-109","SR","Moderately Played Foil","0.74","","2.4800","0.9900","","0","",""
"8948017","One Piece Card Game","Premium Booster -The Best- Vol. 2","Monkey.D.Luffy - OP07-109 (Reprint)","","OP07-109","SR","Heavily Played Foil","0.49","","","","","0","",""
"8948018","One Piece Card Game","Premium Booster -The Best- Vol. 2","Monkey.D.Luffy - OP07-109 (Reprint)","","OP07-109","SR","Damaged Foil","","","","","","0","",""
"8953680","One Piece Card Game","Premium Booster -The Best- Vol. 2","Monkey.D.Luffy - P-075 (Pirate Foil)","","P-075","PR","Near Mint Foil","0.67","","1.7000","0.1500","","0","",""
"8953681","One Piece Card Game","Premium Booster -The Best- Vol. 2","Monkey.D.Luffy - P-075 (Pirate Foil)","","P-075","PR","Lightly Played Foil","0.46","","1.9500","0.4600","","0","",""
"8953682","One Piece Card Game","Premium Booster -The Best- Vol. 2","Monkey.D.Luffy - P-075 (Pirate Foil)","","P-075","PR","Moderately Played Foil","0.25","","","","","0","",""
"8953683","One Piece Card Game","Premium Booster -The Best- Vol. 2","Monkey.D.Luffy - P-075 (Pirate Foil)","","P-075","PR","Heavily Played Foil","","","","","","0","",""
"8953684","One Piece Card Game","Premium Booster -The Best- Vol. 2","Monkey.D.Luffy - P-075 (Pirate Foil)","","P-075","PR","Damaged Foil","","","","","","0","",""
"8948009","One Piece Card Game","Premium Booster -The Best- Vol. 2","Monkey.D.Luffy - P-075 (Reprint)","","P-075","PR","Near Mint","0.36","","1.6900","0.2000","","0","",""
"8948010","One Piece Card Game","Premium Booster -The Best- Vol. 2","Monkey.D.Luffy - P-075 (Reprint)","","P-075","PR","Lightly Played","0.32","","1.6400","0.1500","","0","",""
"8948011","One Piece Card Game","Premium Booster -The Best- Vol. 2","Monkey.D.Luffy - P-075 (Reprint)","","P-075","PR","Moderately Played","","","2.4900","0.5000","","0","",""
"8948012","One Piece Card Game","Premium Booster -The Best- Vol. 2","Monkey.D.Luffy - P-075 (Reprint)","","P-075","PR","Heavily Played","","","","","","0","",""
"8948013","One Piece Card Game","Premium Booster -The Best- Vol. 2","Monkey.D.Luffy - P-075 (Reprint)","","P-075","PR","Damaged","","","","","","0","",""
"8928711","One Piece Card Game","Premium Booster -The Best- Vol. 2","Monkey.D.Luffy - PRB02-005","","PRB02-005","SR","Near Mint Foil","2.07","","3.2900","1.3000","","0","",""
"8928712","One Piece Card Game","Premium Booster -The Best- Vol. 2","Monkey.D.Luffy - PRB02-005","","PRB02-005","SR","Lightly Played Foil","2.04","","3.9800","2.4900","","0","",""
"8928713","One Piece Card Game","Premium Booster -The Best- Vol. 2","Monkey.D.Luffy - PRB02-005","","PRB02-005","SR","Moderately Played Foil","2.31","","11.8300","1.8400","","0","",""
"8928714","One Piece Card Game","Premium Booster -The Best- Vol. 2","Monkey.D.Luffy - PRB02-005","","PRB02-005","SR","Heavily Played Foil","2.00","","","","","0","",""
"8928715","One Piece Card Game","Premium Booster -The Best- Vol. 2","Monkey.D.Luffy - PRB02-005","","PRB02-005","SR","Damaged Foil","1.75","","","","","0","",""
"8928716","One Piece Card Game","Premium Booster -The Best- Vol. 2","Monkey.D.Luffy - PRB02-005 (Alternate Art)","","PRB02-005","SR","Near Mint Foil","23.71","","20.9800","18.9900","1","0","33.8100",""
"8928717","One Piece Card Game","Premium Booster -The Best- Vol. 2","Monkey.D.Luffy - PRB02-005 (Alternate Art)","","PRB02-005","SR","Lightly Played Foil","22.89","","17.8300","17.8300","","0","",""
"8928718","One Piece Card Game","Premium Booster -The Best- Vol. 2","Monkey.D.Luffy - PRB02-005 (Alternate Art)","","PRB02-005","SR","Moderately Played Foil","12.99","","25.0000","25.0000","","0","",""
"8928719","One Piece Card Game","Premium Booster -The Best- Vol. 2","Monkey.D.Luffy - PRB02-005 (Alternate Art)","","PRB02-005","SR","Heavily Played Foil","","","","","","0","",""
"8928720","One Piece Card Game","Premium Booster -The Best- Vol. 2","Monkey.D.Luffy - PRB02-005 (Alternate Art)","","PRB02-005","SR","Damaged Foil","","","","","","0","",""
"8947592","One Piece Card Game","Premium Booster -The Best- Vol. 2","Monkey.D.Luffy - ST13-014 (Pirate Foil)","","ST13-014","C","Near Mint Foil","0.29","","1.6900","0.2000","","0","",""
"8947593","One Piece Card Game","Premium Booster -The Best- Vol. 2","Monkey.D.Luffy - ST13-014 (Pirate Foil)","","ST13-014","C","Lightly Played Foil","0.29","","1.7000","0.2100","","0","",""
"8947594","One Piece Card Game","Premium Booster -The Best- Vol. 2","Monkey.D.Luffy - ST13-014 (Pirate Foil)","","ST13-014","C","Moderately Played Foil","","","","","","0","",""
"8947595","One Piece Card Game","Premium Booster -The Best- Vol. 2","Monkey.D.Luffy - ST13-014 (Pirate Foil)","","ST13-014","C","Heavily Played Foil","","","","","","0","",""
"8947596","One Piece Card Game","Premium Booster -The Best- Vol. 2","Monkey.D.Luffy - ST13-014 (Pirate Foil)","","ST13-014","C","Damaged Foil","","","99.0000","99.0000","","0","",""
"8947582","One Piece Card Game","Premium Booster -The Best- Vol. 2","Monkey.D.Luffy - ST13-014 (Reprint)","","ST13-014","C","Near Mint","0.12","","1.5000","0.0100","","0","",""
"8947583","One Piece Card Game","Premium Booster -The Best- Vol. 2","Monkey.D.Luffy - ST13-014 (Reprint)","","ST13-014","C","Lightly Played","0.10","","1.5400","0.0500","","0","",""
"8947584","One Piece Card Game","Premium Booster -The Best- Vol. 2","Monkey.D.Luffy - ST13-014 (Reprint)","","ST13-014","C","Moderately Played","","","2.2400","0.2500","","0","",""
"8947585","One Piece Card Game","Premium Booster -The Best- Vol. 2","Monkey.D.Luffy - ST13-014 (Reprint)","","ST13-014","C","Heavily Played","","","","","","0","",""
"8947586","One Piece Card Game","Premium Booster -The Best- Vol. 2","Monkey.D.Luffy - ST13-014 (Reprint)","","ST13-014","C","Damaged","","","6.2300","0.2400","","0","",""
"8947192","One Piece Card Game","Premium Booster -The Best- Vol. 2","Monkey.D.Luffy - ST16-005 (Pirate Foil)","","ST16-005","C","Near Mint Foil","0.29","","1.6400","0.1500","","0","",""
"8947193","One Piece Card Game","Premium Booster -The Best- Vol. 2","Monkey.D.Luffy - ST16-005 (Pirate Foil)","","ST16-005","C","Lightly Played Foil","0.33","","1.6900","0.2000","","0","",""
"8947194","One Piece Card Game","Premium Booster -The Best- Vol. 2","Monkey.D.Luffy - ST16-005 (Pirate Foil)","","ST16-005","C","Moderately Played Foil","","","","","","0","",""
"8947195","One Piece Card Game","Premium Booster -The Best- Vol. 2","Monkey.D.Luffy - ST16-005 (Pirate Foil)","","ST16-005","C","Heavily Played Foil","","","6.9900","6.9900","","0","",""
"8947196","One Piece Card Game","Premium Booster -The Best- Vol. 2","Monkey.D.Luffy - ST16-005 (Pirate Foil)","","ST16-005","C","Damaged Foil","","","","","","0","",""
"8947182","One Piece Card Game","Premium Booster -The Best- Vol. 2","Monkey.D.Luffy - ST16-005 (Reprint)","","ST16-005","C","Near Mint","0.10","","1.5000","0.0100","","0","",""
"8947183","One Piece Card Game","Premium Booster -The Best- Vol. 2","Monkey.D.Luffy - ST16-005 (Reprint)","","ST16-005","C","Lightly Played","0.28","","1.5200","0.0300","","0","",""
"8947184","One Piece Card Game","Premium Booster -The Best- Vol. 2","Monkey.D.Luffy - ST16-005 (Reprint)","","ST16-005","C","Moderately Played","","","2.1900","0.2000","","0","",""
"8947185","One Piece Card Game","Premium Booster -The Best- Vol. 2","Monkey.D.Luffy - ST16-005 (Reprint)","","ST16-005","C","Heavily Played","","","","","","0","",""
"8947186","One Piece Card Game","Premium Booster -The Best- Vol. 2","Monkey.D.Luffy - ST16-005 (Reprint)","","ST16-005","C","Damaged","","","99.0000","99.0000","","0","",""
"8946847","One Piece Card Game","Premium Booster -The Best- Vol. 2","Mountain God (Pirate Foil)","","EB01-018","C","Near Mint Foil","0.13","","1.5200","0.0300","","0","",""
"8946848","One Piece Card Game","Premium Booster -The Best- Vol. 2","Mountain God (Pirate Foil)","","EB01-018","C","Lightly Played Foil","0.28","","1.5600","0.0700","","0","",""
"8946849","One Piece Card Game","Premium Booster -The Best- Vol. 2","Mountain God (Pirate Foil)","","EB01-018","C","Moderately Played Foil","","","","","","0","",""
"8946850","One Piece Card Game","Premium Booster -The Best- Vol. 2","Mountain God (Pirate Foil)","","EB01-018","C","Heavily Played Foil","","","","","","0","",""
"8946851","One Piece Card Game","Premium Booster -The Best- Vol. 2","Mountain God (Pirate Foil)","","EB01-018","C","Damaged Foil","","","","","","0","",""
"8946842","One Piece Card Game","Premium Booster -The Best- Vol. 2","Mountain God (Reprint)","","EB01-018","C","Near Mint","0.03","","1.5000","0.0100","","0","",""
"8946843","One Piece Card Game","Premium Booster -The Best- Vol. 2","Mountain God (Reprint)","","EB01-018","C","Lightly Played","0.03","","1.5000","0.0100","","0","",""
"8946844","One Piece Card Game","Premium Booster -The Best- Vol. 2","Mountain God (Reprint)","","EB01-018","C","Moderately Played","","","","","","0","",""
"8946845","One Piece Card Game","Premium Booster -The Best- Vol. 2","Mountain God (Reprint)","","EB01-018","C","Heavily Played","","","","","","0","",""
"8946846","One Piece Card Game","Premium Booster -The Best- Vol. 2","Mountain God (Reprint)","","EB01-018","C","Damaged","","","1.8900","0.4000","","0","",""
"8946907","One Piece Card Game","Premium Booster -The Best- Vol. 2","Mr.2.Bon.Kurei (Bentham) (Reprint)","","EB01-061","SEC","Near Mint Foil","16.36","","14.6100","13.3000","","0","",""
"8946908","One Piece Card Game","Premium Booster -The Best- Vol. 2","Mr.2.Bon.Kurei (Bentham) (Reprint)","","EB01-061","SEC","Lightly Played Foil","15.56","","18.5000","18.5000","","0","",""
"8946909","One Piece Card Game","Premium Booster -The Best- Vol. 2","Mr.2.Bon.Kurei (Bentham) (Reprint)","","EB01-061","SEC","Moderately Played Foil","17.55","","","","","0","",""
"8946910","One Piece Card Game","Premium Booster -The Best- Vol. 2","Mr.2.Bon.Kurei (Bentham) (Reprint)","","EB01-061","SEC","Heavily Played Foil","","","","","","0","",""
"8946911","One Piece Card Game","Premium Booster -The Best- Vol. 2","Mr.2.Bon.Kurei (Bentham) (Reprint)","","EB01-061","SEC","Damaged Foil","16.50","","","","","0","",""
"8935279","One Piece Card Game","Premium Booster -The Best- Vol. 2","Mr.3(Galdino) - OP09-056 (Alternate Art)","","OP09-056","R","Near Mint Foil","5.24","","5.0000","5.0000","","0","",""
"8935280","One Piece Card Game","Premium Booster -The Best- Vol. 2","Mr.3(Galdino) - OP09-056 (Alternate Art)","","OP09-056","R","Lightly Played Foil","5.86","","6.5000","6.5000","","0","",""
"8935281","One Piece Card Game","Premium Booster -The Best- Vol. 2","Mr.3(Galdino) - OP09-056 (Alternate Art)","","OP09-056","R","Moderately Played Foil","","","","","","0","",""
"8935282","One Piece Card Game","Premium Booster -The Best- Vol. 2","Mr.3(Galdino) - OP09-056 (Alternate Art)","","OP09-056","R","Heavily Played Foil","4.02","","","","","0","",""
"8935283","One Piece Card Game","Premium Booster -The Best- Vol. 2","Mr.3(Galdino) - OP09-056 (Alternate Art)","","OP09-056","R","Damaged Foil","","","","","","0","",""
"8947237","One Piece Card Game","Premium Booster -The Best- Vol. 2","Mr.3(Galdino) - OP09-056 (Reprint)","","OP09-056","R","Near Mint Foil","0.13","","1.5000","0.0100","","0","",""
"8947238","One Piece Card Game","Premium Booster -The Best- Vol. 2","Mr.3(Galdino) - OP09-056 (Reprint)","","OP09-056","R","Lightly Played Foil","0.40","","1.5400","0.0500","","0","",""
"8947239","One Piece Card Game","Premium Booster -The Best- Vol. 2","Mr.3(Galdino) - OP09-056 (Reprint)","","OP09-056","R","Moderately Played Foil","","","1.7400","0.2500","","0","",""
"8947240","One Piece Card Game","Premium Booster -The Best- Vol. 2","Mr.3(Galdino) - OP09-056 (Reprint)","","OP09-056","R","Heavily Played Foil","","","","","","0","",""
"8947241","One Piece Card Game","Premium Booster -The Best- Vol. 2","Mr.3(Galdino) - OP09-056 (Reprint)","","OP09-056","R","Damaged Foil","","","","","","0","",""
"8929397","One Piece Card Game","Premium Booster -The Best- Vol. 2","Mr.3(Galdino) - PRB02-009","","PRB02-009","R","Near Mint Foil","0.61","","1.8900","0.4000","","0","",""
"8929398","One Piece Card Game","Premium Booster -The Best- Vol. 2","Mr.3(Galdino) - PRB02-009","","PRB02-009","R","Lightly Played Foil","0.65","","2.0900","0.6000","","0","",""
"8929399","One Piece Card Game","Premium Booster -The Best- Vol. 2","Mr.3(Galdino) - PRB02-009","","PRB02-009","R","Moderately Played Foil","","","5.4800","3.9900","","0","",""
"8929400","One Piece Card Game","Premium Booster -The Best- Vol. 2","Mr.3(Galdino) - PRB02-009","","PRB02-009","R","Heavily Played Foil","","","","","","0","",""
"8929401","One Piece Card Game","Premium Booster -The Best- Vol. 2","Mr.3(Galdino) - PRB02-009","","PRB02-009","R","Damaged Foil","","","","","","0","",""
"8929402","One Piece Card Game","Premium Booster -The Best- Vol. 2","Mr.3(Galdino) - PRB02-009 (Alternate Art)","","PRB02-009","R","Near Mint Foil","7.90","","7.8400","7.8400","","0","",""
"8929403","One Piece Card Game","Premium Booster -The Best- Vol. 2","Mr.3(Galdino) - PRB02-009 (Alternate Art)","","PRB02-009","R","Lightly Played Foil","5.58","","7.8100","7.8100","","0","",""
"8929404","One Piece Card Game","Premium Booster -The Best- Vol. 2","Mr.3(Galdino) - PRB02-009 (Alternate Art)","","PRB02-009","R","Moderately Played Foil","3.75","","","","","0","",""
"8929405","One Piece Card Game","Premium Booster -The Best- Vol. 2","Mr.3(Galdino) - PRB02-009 (Alternate Art)","","PRB02-009","R","Heavily Played Foil","","","","","","0","",""
"8929406","One Piece Card Game","Premium Booster -The Best- Vol. 2","Mr.3(Galdino) - PRB02-009 (Alternate Art)","","PRB02-009","R","Damaged Foil","","","","","","0","",""
"8933311","One Piece Card Game","Premium Booster -The Best- Vol. 2","My Era...Begins!! (Alternate Art)","","OP09-096","R","Near Mint Foil","380.35","","337.6500","337.6500","","0","",""
"8933312","One Piece Card Game","Premium Booster -The Best- Vol. 2","My Era...Begins!! (Alternate Art)","","OP09-096","R","Lightly Played Foil","224.12","","300.0000","300.0000","","0","",""
"8933313","One Piece Card Game","Premium Booster -The Best- Vol. 2","My Era...Begins!! (Alternate Art)","","OP09-096","R","Moderately Played Foil","200.00","","","","","0","",""
"8933314","One Piece Card Game","Premium Booster -The Best- Vol. 2","My Era...Begins!! (Alternate Art)","","OP09-096","R","Heavily Played Foil","","","","","","0","",""
"8933315","One Piece Card Game","Premium Booster -The Best- Vol. 2","My Era...Begins!! (Alternate Art)","","OP09-096","R","Damaged Foil","","","","","","0","",""
"8946852","One Piece Card Game","Premium Booster -The Best- Vol. 2","My Era...Begins!! (Reprint)","","OP09-096","R","Near Mint Foil","1.10","","1.6700","0.1800","","0","",""
"8946853","One Piece Card Game","Premium Booster -The Best- Vol. 2","My Era...Begins!! (Reprint)","","OP09-096","R","Lightly Played Foil","1.06","","2.5400","1.0500","","0","",""
"8946854","One Piece Card Game","Premium Booster -The Best- Vol. 2","My Era...Begins!! (Reprint)","","OP09-096","R","Moderately Played Foil","","","","","","0","",""
"8946855","One Piece Card Game","Premium Booster -The Best- Vol. 2","My Era...Begins!! (Reprint)","","OP09-096","R","Heavily Played Foil","","","","","","0","",""
"8946856","One Piece Card Game","Premium Booster -The Best- Vol. 2","My Era...Begins!! (Reprint)","","OP09-096","R","Damaged Foil","","","","","","0","",""
"8929382","One Piece Card Game","Premium Booster -The Best- Vol. 2","Nami","","PRB02-012","R","Near Mint Foil","2.43","","3.4400","1.9500","","0","",""
"8929383","One Piece Card Game","Premium Booster -The Best- Vol. 2","Nami","","PRB02-012","R","Lightly Played Foil","2.46","","3.8900","2.4000","","0","",""
"8929384","One Piece Card Game","Premium Booster -The Best- Vol. 2","Nami","","PRB02-012","R","Moderately Played Foil","5.00","","","","","0","",""
"8929385","One Piece Card Game","Premium Booster -The Best- Vol. 2","Nami","","PRB02-012","R","Heavily Played Foil","","","","","","0","",""
"8929386","One Piece Card Game","Premium Booster -The Best- Vol. 2","Nami","","PRB02-012","R","Damaged Foil","1.10","","","","","0","",""
"8929387","One Piece Card Game","Premium Booster -The Best- Vol. 2","Nami (Alternate Art)","","PRB02-012","R","Near Mint Foil","38.81","","31.1900","29.2000","","0","",""
"8929388","One Piece Card Game","Premium Booster -The Best- Vol. 2","Nami (Alternate Art)","","PRB02-012","R","Lightly Played Foil","39.70","","38.1000","36.7800","","0","",""
"8929389","One Piece Card Game","Premium Booster -The Best- Vol. 2","Nami (Alternate Art)","","PRB02-012","R","Moderately Played Foil","43.49","","30.0000","30.0000","","0","",""
"8929390","One Piece Card Game","Premium Booster -The Best- Vol. 2","Nami (Alternate Art)","","PRB02-012","R","Heavily Played Foil","","","","","","0","",""
"8929391","One Piece Card Game","Premium Booster -The Best- Vol. 2","Nami (Alternate Art)","","PRB02-012","R","Damaged Foil","","","","","","0","",""
"8947177","One Piece Card Game","Premium Booster -The Best- Vol. 2","Nico Robin - OP09-033 (Pirate Foil)","","OP09-033","C","Near Mint Foil","0.41","","1.6900","0.2000","","0","",""
"8947178","One Piece Card Game","Premium Booster -The Best- Vol. 2","Nico Robin - OP09-033 (Pirate Foil)","","OP09-033","C","Lightly Played Foil","0.39","","1.8400","0.3500","","0","",""
"8947179","One Piece Card Game","Premium Booster -The Best- Vol. 2","Nico Robin - OP09-033 (Pirate Foil)","","OP09-033","C","Moderately Played Foil","0.25","","","","","0","",""
"8947180","One Piece Card Game","Premium Booster -The Best- Vol. 2","Nico Robin - OP09-033 (Pirate Foil)","","OP09-033","C","Heavily Played Foil","","","","","","0","",""
"8947181","One Piece Card Game","Premium Booster -The Best- Vol. 2","Nico Robin - OP09-033 (Pirate Foil)","","OP09-033","C","Damaged Foil","","","6.2300","0.2400","","0","",""
"8947187","One Piece Card Game","Premium Booster -The Best- Vol. 2","Nico Robin - OP09-033 (Reprint)","","OP09-033","C","Near Mint","0.10","","1.5000","0.0100","","0","",""
"8947188","One Piece Card Game","Premium Booster -The Best- Vol. 2","Nico Robin - OP09-033 (Reprint)","","OP09-033","C","Lightly Played","0.10","","1.6100","0.1200","","0","",""
"8947189","One Piece Card Game","Premium Booster -The Best- Vol. 2","Nico Robin - OP09-033 (Reprint)","","OP09-033","C","Moderately Played","","","2.1400","0.1500","","0","",""
"8947190","One Piece Card Game","Premium Booster -The Best- Vol. 2","Nico Robin - OP09-033 (Reprint)","","OP09-033","C","Heavily Played","","","","","","0","",""
"8947191","One Piece Card Game","Premium Booster -The Best- Vol. 2","Nico Robin - OP09-033 (Reprint)","","OP09-033","C","Damaged","","","","","","0","",""
"8947512","One Piece Card Game","Premium Booster -The Best- Vol. 2","Nico Robin - ST14-007 (Pirate Foil)","","ST14-007","C","Near Mint Foil","0.44","","1.7400","0.2500","","0","",""
"8947513","One Piece Card Game","Premium Booster -The Best- Vol. 2","Nico Robin - ST14-007 (Pirate Foil)","","ST14-007","C","Lightly Played Foil","0.45","","1.8400","0.3500","","0","",""
"8947514","One Piece Card Game","Premium Booster -The Best- Vol. 2","Nico Robin - ST14-007 (Pirate Foil)","","ST14-007","C","Moderately Played Foil","","","2.3400","0.3500","","0","",""
"8947515","One Piece Card Game","Premium Booster -The Best- Vol. 2","Nico Robin - ST14-007 (Pirate Foil)","","ST14-007","C","Heavily Played Foil","","","","","","0","",""
"8947516","One Piece Card Game","Premium Booster -The Best- Vol. 2","Nico Robin - ST14-007 (Pirate Foil)","","ST14-007","C","Damaged Foil","","","","","","0","",""
"8947502","One Piece Card Game","Premium Booster -The Best- Vol. 2","Nico Robin - ST14-007 (Reprint)","","ST14-007","C","Near Mint","0.17","","1.5400","0.0500","","0","",""
"8947503","One Piece Card Game","Premium Booster -The Best- Vol. 2","Nico Robin - ST14-007 (Reprint)","","ST14-007","C","Lightly Played","0.12","","1.6100","0.1200","","0","",""
"8947504","One Piece Card Game","Premium Booster -The Best- Vol. 2","Nico Robin - ST14-007 (Reprint)","","ST14-007","C","Moderately Played","","","2.1900","0.2000","","0","",""
"8947505","One Piece Card Game","Premium Booster -The Best- Vol. 2","Nico Robin - ST14-007 (Reprint)","","ST14-007","C","Heavily Played","","","","","","0","",""
"8947506","One Piece Card Game","Premium Booster -The Best- Vol. 2","Nico Robin - ST14-007 (Reprint)","","ST14-007","C","Damaged","","","","","","0","",""
"8947007","One Piece Card Game","Premium Booster -The Best- Vol. 2","Nojiko (Pirate Foil)","","OP03-048","UC","Near Mint Foil","0.38","","1.6900","0.2000","","0","",""
"8947008","One Piece Card Game","Premium Booster -The Best- Vol. 2","Nojiko (Pirate Foil)","","OP03-048","UC","Lightly Played Foil","0.49","","1.9400","0.4500","","0","",""
"8947009","One Piece Card Game","Premium Booster -The Best- Vol. 2","Nojiko (Pirate Foil)","","OP03-048","UC","Moderately Played Foil","0.59","","2.0800","0.5900","","0","",""
"8947010","One Piece Card Game","Premium Booster -The Best- Vol. 2","Nojiko (Pirate Foil)","","OP03-048","UC","Heavily Played Foil","","","","","","0","",""
"8947011","One Piece Card Game","Premium Booster -The Best- Vol. 2","Nojiko (Pirate Foil)","","OP03-048","UC","Damaged Foil","","","","","","0","",""
"8946997","One Piece Card Game","Premium Booster -The Best- Vol. 2","Nojiko (Reprint)","","OP03-048","UC","Near Mint","0.12","","1.5000","0.0100","","0","",""
"8946998","One Piece Card Game","Premium Booster -The Best- Vol. 2","Nojiko (Reprint)","","OP03-048","UC","Lightly Played","0.19","","1.5900","0.1000","","0","",""
"8946999","One Piece Card Game","Premium Booster -The Best- Vol. 2","Nojiko (Reprint)","","OP03-048","UC","Moderately Played","","","1.9800","0.4900","","0","",""
"8947000","One Piece Card Game","Premium Booster -The Best- Vol. 2","Nojiko (Reprint)","","OP03-048","UC","Heavily Played","","","","","","0","",""
"8947001","One Piece Card Game","Premium Booster -The Best- Vol. 2","Nojiko (Reprint)","","OP03-048","UC","Damaged","","","99.0000","99.0000","","0","",""
"8947067","One Piece Card Game","Premium Booster -The Best- Vol. 2","O-Nami (Pirate Foil)","","ST18-002","C","Near Mint Foil","1.09","","2.1900","0.7000","","0","",""
"8947068","One Piece Card Game","Premium Booster -The Best- Vol. 2","O-Nami (Pirate Foil)","","ST18-002","C","Lightly Played Foil","0.53","","2.1800","0.6900","","0","",""
"8947069","One Piece Card Game","Premium Booster -The Best- Vol. 2","O-Nami (Pirate Foil)","","ST18-002","C","Moderately Played Foil","0.41","","","","","0","",""
"8947070","One Piece Card Game","Premium Booster -The Best- Vol. 2","O-Nami (Pirate Foil)","","ST18-002","C","Heavily Played Foil","","","","","","0","",""
"8947071","One Piece Card Game","Premium Booster -The Best- Vol. 2","O-Nami (Pirate Foil)","","ST18-002","C","Damaged Foil","","","","","","0","",""
"8947042","One Piece Card Game","Premium Booster -The Best- Vol. 2","O-Nami (Reprint)","","ST18-002","C","Near Mint","0.21","","1.5400","0.0500","","0","",""
"8947043","One Piece Card Game","Premium Booster -The Best- Vol. 2","O-Nami (Reprint)","","ST18-002","C","Lightly Played","0.25","","1.6500","0.1500","","0","",""
"8947044","One Piece Card Game","Premium Booster -The Best- Vol. 2","O-Nami (Reprint)","","ST18-002","C","Moderately Played","","","","","","0","",""
"8947045","One Piece Card Game","Premium Booster -The Best- Vol. 2","O-Nami (Reprint)","","ST18-002","C","Heavily Played","","","","","","0","",""
"8947046","One Piece Card Game","Premium Booster -The Best- Vol. 2","O-Nami (Reprint)","","ST18-002","C","Damaged","","","","","","0","",""
"8946862","One Piece Card Game","Premium Booster -The Best- Vol. 2","Oh Come My Way (Pirate Foil)","","EB01-038","C","Near Mint Foil","0.19","","1.5400","0.0400","","0","",""
"8946863","One Piece Card Game","Premium Booster -The Best- Vol. 2","Oh Come My Way (Pirate Foil)","","EB01-038","C","Lightly Played Foil","0.28","","1.7400","0.2500","","0","",""
"8946864","One Piece Card Game","Premium Booster -The Best- Vol. 2","Oh Come My Way (Pirate Foil)","","EB01-038","C","Moderately Played Foil","","","20.0000","0.0100","","0","",""
"8946865","One Piece Card Game","Premium Booster -The Best- Vol. 2","Oh Come My Way (Pirate Foil)","","EB01-038","C","Heavily Played Foil","","","","","","0","",""
"8946866","One Piece Card Game","Premium Booster -The Best- Vol. 2","Oh Come My Way (Pirate Foil)","","EB01-038","C","Damaged Foil","","","","","","0","",""
"8946857","One Piece Card Game","Premium Booster -The Best- Vol. 2","Oh Come My Way (Reprint)","","EB01-038","C","Near Mint","0.07","","1.5000","0.0100","","0","",""
"8946858","One Piece Card Game","Premium Booster -The Best- Vol. 2","Oh Come My Way (Reprint)","","EB01-038","C","Lightly Played","","","1.5400","0.0500","","0","",""
"8946859","One Piece Card Game","Premium Booster -The Best- Vol. 2","Oh Come My Way (Reprint)","","EB01-038","C","Moderately Played","","","2.1400","0.1500","","0","",""
"8946860","One Piece Card Game","Premium Booster -The Best- Vol. 2","Oh Come My Way (Reprint)","","EB01-038","C","Heavily Played","","","","","","0","",""
"8946861","One Piece Card Game","Premium Booster -The Best- Vol. 2","Oh Come My Way (Reprint)","","EB01-038","C","Damaged","","","","","","0","",""
"8929412","One Piece Card Game","Premium Booster -The Best- Vol. 2","Otama","","PRB02-016","R","Near Mint Foil","1.92","","2.9900","1.5000","","0","",""
"8929413","One Piece Card Game","Premium Booster -The Best- Vol. 2","Otama","","PRB02-016","R","Lightly Played Foil","1.96","","3.3700","1.8800","","0","",""
"8929414","One Piece Card Game","Premium Booster -The Best- Vol. 2","Otama","","PRB02-016","R","Moderately Played Foil","","","5.4700","3.9800","","0","",""
"8929415","One Piece Card Game","Premium Booster -The Best- Vol. 2","Otama","","PRB02-016","R","Heavily Played Foil","","","","","","0","",""
"8929416","One Piece Card Game","Premium Booster -The Best- Vol. 2","Otama","","PRB02-016","R","Damaged Foil","","","","","","0","",""
"8929417","One Piece Card Game","Premium Booster -The Best- Vol. 2","Otama (Alternate Art)","","PRB02-016","R","Near Mint Foil","10.49","","10.5900","10.5900","","0","",""
"8929418","One Piece Card Game","Premium Booster -The Best- Vol. 2","Otama (Alternate Art)","","PRB02-016","R","Lightly Played Foil","10.48","","11.6900","11.6900","","0","",""
"8929419","One Piece Card Game","Premium Booster -The Best- Vol. 2","Otama (Alternate Art)","","PRB02-016","R","Moderately Played Foil","9.93","","","","","0","",""
"8929420","One Piece Card Game","Premium Booster -The Best- Vol. 2","Otama (Alternate Art)","","PRB02-016","R","Heavily Played Foil","","","","","","0","",""
"8929421","One Piece Card Game","Premium Booster -The Best- Vol. 2","Otama (Alternate Art)","","PRB02-016","R","Damaged Foil","","","","","","0","",""
"8947733","One Piece Card Game","Premium Booster -The Best- Vol. 2","Perona (Pirate Foil)","","ST12-005","C","Near Mint Foil","0.39","","1.7000","0.2100","","0","",""
"8947734","One Piece Card Game","Premium Booster -The Best- Vol. 2","Perona (Pirate Foil)","","ST12-005","C","Lightly Played Foil","0.37","","1.8400","0.3500","","0","",""
"8947735","One Piece Card Game","Premium Booster -The Best- Vol. 2","Perona (Pirate Foil)","","ST12-005","C","Moderately Played Foil","0.33","","","","","0","",""
"8947736","One Piece Card Game","Premium Booster -The Best- Vol. 2","Perona (Pirate Foil)","","ST12-005","C","Heavily Played Foil","0.25","","","","","0","",""
"8947737","One Piece Card Game","Premium Booster -The Best- Vol. 2","Perona (Pirate Foil)","","ST12-005","C","Damaged Foil","","","","","","0","",""
"8947728","One Piece Card Game","Premium Booster -The Best- Vol. 2","Perona (Reprint)","","ST12-005","C","Near Mint","0.15","","1.5200","0.0300","","0","",""
"8947729","One Piece Card Game","Premium Booster -The Best- Vol. 2","Perona (Reprint)","","ST12-005","C","Lightly Played","0.06","","1.5000","0.0100","","0","",""
"8947730","One Piece Card Game","Premium Booster -The Best- Vol. 2","Perona (Reprint)","","ST12-005","C","Moderately Played","","","2.1900","0.2000","","0","",""
"8947731","One Piece Card Game","Premium Booster -The Best- Vol. 2","Perona (Reprint)","","ST12-005","C","Heavily Played","","","","","","0","",""
"8947732","One Piece Card Game","Premium Booster -The Best- Vol. 2","Perona (Reprint)","","ST12-005","C","Damaged","","","","","","0","",""
"8947723","One Piece Card Game","Premium Booster -The Best- Vol. 2","Plastic Surgery Shot - ST12-017 (Pirate Foil)","","ST12-017","C","Near Mint Foil","0.19","","1.5000","0.0100","","0","",""
"8947724","One Piece Card Game","Premium Booster -The Best- Vol. 2","Plastic Surgery Shot - ST12-017 (Pirate Foil)","","ST12-017","C","Lightly Played Foil","0.12","","1.5100","0.0200","","0","",""
"8947725","One Piece Card Game","Premium Booster -The Best- Vol. 2","Plastic Surgery Shot - ST12-017 (Pirate Foil)","","ST12-017","C","Moderately Played Foil","","","","","","0","",""
"8947726","One Piece Card Game","Premium Booster -The Best- Vol. 2","Plastic Surgery Shot - ST12-017 (Pirate Foil)","","ST12-017","C","Heavily Played Foil","","","","","","0","",""
"8947727","One Piece Card Game","Premium Booster -The Best- Vol. 2","Plastic Surgery Shot - ST12-017 (Pirate Foil)","","ST12-017","C","Damaged Foil","","","","","","0","",""
"8947718","One Piece Card Game","Premium Booster -The Best- Vol. 2","Plastic Surgery Shot - ST12-017 (Reprint)","","ST12-017","C","Near Mint","0.06","","1.5000","0.0100","","0","",""
"8947719","One Piece Card Game","Premium Booster -The Best- Vol. 2","Plastic Surgery Shot - ST12-017 (Reprint)","","ST12-017","C","Lightly Played","0.04","","1.5300","0.0400","","0","",""
"8947720","One Piece Card Game","Premium Booster -The Best- Vol. 2","Plastic Surgery Shot - ST12-017 (Reprint)","","ST12-017","C","Moderately Played","","","2.1900","0.2000","","0","",""
"8947721","One Piece Card Game","Premium Booster -The Best- Vol. 2","Plastic Surgery Shot - ST12-017 (Reprint)","","ST12-017","C","Heavily Played","","","","","","0","",""
"8947722","One Piece Card Game","Premium Booster -The Best- Vol. 2","Plastic Surgery Shot - ST12-017 (Reprint)","","ST12-017","C","Damaged","","","","","","0","",""
"8948069","One Piece Card Game","Premium Booster -The Best- Vol. 2","Portgas.D.Ace - OP07-119 (Reprint)","","OP07-119","SEC","Near Mint Foil","2.01","","3.1900","1.7000","","0","",""
"8948070","One Piece Card Game","Premium Booster -The Best- Vol. 2","Portgas.D.Ace - OP07-119 (Reprint)","","OP07-119","SEC","Lightly Played Foil","1.96","","3.4800","1.9900","","0","",""
"8948071","One Piece Card Game","Premium Booster -The Best- Vol. 2","Portgas.D.Ace - OP07-119 (Reprint)","","OP07-119","SEC","Moderately Played Foil","1.93","","","","","0","",""
"8948072","One Piece Card Game","Premium Booster -The Best- Vol. 2","Portgas.D.Ace - OP07-119 (Reprint)","","OP07-119","SEC","Heavily Played Foil","0.99","","","","","0","",""
"8948073","One Piece Card Game","Premium Booster -The Best- Vol. 2","Portgas.D.Ace - OP07-119 (Reprint)","","OP07-119","SEC","Damaged Foil","1.20","","2.6900","1.2000","","0","",""
"8953675","One Piece Card Game","Premium Booster -The Best- Vol. 2","Portgas.D.Ace - P-074 (Pirate Foil)","","P-074","PR","Near Mint Foil","0.48","","1.7400","0.2500","","0","",""
"8953676","One Piece Card Game","Premium Booster -The Best- Vol. 2","Portgas.D.Ace - P-074 (Pirate Foil)","","P-074","PR","Lightly Played Foil","0.53","","1.9700","0.4800","","0","",""
"8953677","One Piece Card Game","Premium Booster -The Best- Vol. 2","Portgas.D.Ace - P-074 (Pirate Foil)","","P-074","PR","Moderately Played Foil","","","","","","0","",""
"8953678","One Piece Card Game","Premium Booster -The Best- Vol. 2","Portgas.D.Ace - P-074 (Pirate Foil)","","P-074","PR","Heavily Played Foil","","","","","","0","",""
"8953679","One Piece Card Game","Premium Booster -The Best- Vol. 2","Portgas.D.Ace - P-074 (Pirate Foil)","","P-074","PR","Damaged Foil","","","","","","0","",""
"8947989","One Piece Card Game","Premium Booster -The Best- Vol. 2","Portgas.D.Ace - P-074 (Reprint)","","P-074","PR","Near Mint","0.40","","1.7000","0.2000","","0","",""
"8947990","One Piece Card Game","Premium Booster -The Best- Vol. 2","Portgas.D.Ace - P-074 (Reprint)","","P-074","PR","Lightly Played","0.48","","1.7900","0.3000","","0","",""
"8947991","One Piece Card Game","Premium Booster -The Best- Vol. 2","Portgas.D.Ace - P-074 (Reprint)","","P-074","PR","Moderately Played","","","","","","0","",""
"8947992","One Piece Card Game","Premium Booster -The Best- Vol. 2","Portgas.D.Ace - P-074 (Reprint)","","P-074","PR","Heavily Played","","","","","","0","",""
"8947993","One Piece Card Game","Premium Booster -The Best- Vol. 2","Portgas.D.Ace - P-074 (Reprint)","","P-074","PR","Damaged","","","","","","0","",""
"8933433","One Piece Card Game","Premium Booster -The Best- Vol. 2","Portgas.D.Ace - PRB02-018","","PRB02-018","R","Near Mint Foil","0.59","","1.7900","0.3000","","0","",""
"8933434","One Piece Card Game","Premium Booster -The Best- Vol. 2","Portgas.D.Ace - PRB02-018","","PRB02-018","R","Lightly Played Foil","0.63","","2.0900","0.6000","","0","",""
"8933435","One Piece Card Game","Premium Booster -The Best- Vol. 2","Portgas.D.Ace - PRB02-018","","PRB02-018","R","Moderately Played Foil","0.64","","2.5900","0.6000","","0","",""
"8933436","One Piece Card Game","Premium Booster -The Best- Vol. 2","Portgas.D.Ace - PRB02-018","","PRB02-018","R","Heavily Played Foil","","","","","","0","",""
"8933437","One Piece Card Game","Premium Booster -The Best- Vol. 2","Portgas.D.Ace - PRB02-018","","PRB02-018","R","Damaged Foil","","","","","","0","",""
"8933423","One Piece Card Game","Premium Booster -The Best- Vol. 2","Portgas.D.Ace - PRB02-018 (Alternate Art)","","PRB02-018","R","Near Mint Foil","9.31","","9.3100","8.0000","","0","",""
"8933424","One Piece Card Game","Premium Booster -The Best- Vol. 2","Portgas.D.Ace - PRB02-018 (Alternate Art)","","PRB02-018","R","Lightly Played Foil","17.94","","17.9300","17.9300","","0","",""
"8933425","One Piece Card Game","Premium Booster -The Best- Vol. 2","Portgas.D.Ace - PRB02-018 (Alternate Art)","","PRB02-018","R","Moderately Played Foil","","","","","","0","",""
"8933426","One Piece Card Game","Premium Booster -The Best- Vol. 2","Portgas.D.Ace - PRB02-018 (Alternate Art)","","PRB02-018","R","Heavily Played Foil","","","","","","0","",""
"8933427","One Piece Card Game","Premium Booster -The Best- Vol. 2","Portgas.D.Ace - PRB02-018 (Alternate Art)","","PRB02-018","R","Damaged Foil","3.99","","","","","0","",""
"8947627","One Piece Card Game","Premium Booster -The Best- Vol. 2","Portgas.D.Ace - ST13-010 (Pirate Foil)","","ST13-010","C","Near Mint Foil","0.29","","1.6400","0.1500","","0","",""
"8947628","One Piece Card Game","Premium Booster -The Best- Vol. 2","Portgas.D.Ace - ST13-010 (Pirate Foil)","","ST13-010","C","Lightly Played Foil","0.23","","1.7400","0.2500","","0","",""
"8947629","One Piece Card Game","Premium Booster -The Best- Vol. 2","Portgas.D.Ace - ST13-010 (Pirate Foil)","","ST13-010","C","Moderately Played Foil","","","","","","0","",""
"8947630","One Piece Card Game","Premium Booster -The Best- Vol. 2","Portgas.D.Ace - ST13-010 (Pirate Foil)","","ST13-010","C","Heavily Played Foil","","","","","","0","",""
"8947631","One Piece Card Game","Premium Booster -The Best- Vol. 2","Portgas.D.Ace - ST13-010 (Pirate Foil)","","ST13-010","C","Damaged Foil","","","99.0000","99.0000","","0","",""
"8947612","One Piece Card Game","Premium Booster -The Best- Vol. 2","Portgas.D.Ace - ST13-010 (Reprint)","","ST13-010","C","Near Mint","0.08","","1.5000","0.0100","","0","",""
"8947613","One Piece Card Game","Premium Booster -The Best- Vol. 2","Portgas.D.Ace - ST13-010 (Reprint)","","ST13-010","C","Lightly Played","0.18","","1.5700","0.0800","","0","",""
"8947614","One Piece Card Game","Premium Booster -The Best- Vol. 2","Portgas.D.Ace - ST13-010 (Reprint)","","ST13-010","C","Moderately Played","","","2.1400","0.1500","","0","",""
"8947615","One Piece Card Game","Premium Booster -The Best- Vol. 2","Portgas.D.Ace - ST13-010 (Reprint)","","ST13-010","C","Heavily Played","","","","","","0","",""
"8947616","One Piece Card Game","Premium Booster -The Best- Vol. 2","Portgas.D.Ace - ST13-010 (Reprint)","","ST13-010","C","Damaged","","","","","","0","",""
"8678065","One Piece Card Game","Premium Booster -The Best- Vol. 2","Premium Booster Vol. 2 - Booster Box","","","None","Unopened","393.01","","395.0000","395.0000","","0","",""
"8678066","One Piece Card Game","Premium Booster -The Best- Vol. 2","Premium Booster Vol. 2 - Booster Box Case","","","None","Unopened","3438.21","","3653.0000","3650.0000","","0","",""
"8678064","One Piece Card Game","Premium Booster -The Best- Vol. 2","Premium Booster Vol. 2 - Booster Pack","","","None","Unopened","12.85","","12.9300","12.9300","","0","",""
"8954888","One Piece Card Game","Premium Booster -The Best- Vol. 2","Premium Booster Vol. 2 - Sleeved Booster Pack","","","None","Unopened","25.17","","24.0000","24.0000","","0","",""
"8947422","One Piece Card Game","Premium Booster -The Best- Vol. 2","Rebecca (Reprint)","","OP05-091","SR","Near Mint Foil","1.14","","2.2400","0.7500","","0","",""
"8947423","One Piece Card Game","Premium Booster -The Best- Vol. 2","Rebecca (Reprint)","","OP05-091","SR","Lightly Played Foil","1.09","","2.4800","0.9900","","0","",""
"8947424","One Piece Card Game","Premium Booster -The Best- Vol. 2","Rebecca (Reprint)","","OP05-091","SR","Moderately Played Foil","0.49","","","","","0","",""
"8947425","One Piece Card Game","Premium Booster -The Best- Vol. 2","Rebecca (Reprint)","","OP05-091","SR","Heavily Played Foil","","","5.0000","5.0000","","0","",""
"8947426","One Piece Card Game","Premium Booster -The Best- Vol. 2","Rebecca (Reprint)","","OP05-091","SR","Damaged Foil","0.35","","","","","0","",""
"8938337","One Piece Card Game","Premium Booster -The Best- Vol. 2","Rebecca (SP)","","OP05-091","SR","Near Mint Foil","136.83","","108.7200","106.8300","","0","",""
"8938338","One Piece Card Game","Premium Booster -The Best- Vol. 2","Rebecca (SP)","","OP05-091","SR","Lightly Played Foil","120.66","","135.0000","135.0000","","0","",""
"8938339","One Piece Card Game","Premium Booster -The Best- Vol. 2","Rebecca (SP)","","OP05-091","SR","Moderately Played Foil","","","","","","0","",""
"8938340","One Piece Card Game","Premium Booster -The Best- Vol. 2","Rebecca (SP)","","OP05-091","SR","Heavily Played Foil","","","","","","0","",""
"8938341","One Piece Card Game","Premium Booster -The Best- Vol. 2","Rebecca (SP)","","OP05-091","SR","Damaged Foil","","","","","","0","",""
"8947222","One Piece Card Game","Premium Booster -The Best- Vol. 2","Revolutionary Army HQ (Pirate Foil)","","OP05-021","UC","Near Mint Foil","0.46","","1.7300","0.2400","","0","",""
"8947223","One Piece Card Game","Premium Booster -The Best- Vol. 2","Revolutionary Army HQ (Pirate Foil)","","OP05-021","UC","Lightly Played Foil","0.48","","1.9400","0.4500","","0","",""
"8947224","One Piece Card Game","Premium Booster -The Best- Vol. 2","Revolutionary Army HQ (Pirate Foil)","","OP05-021","UC","Moderately Played Foil","0.35","","2.4400","0.4500","","0","",""
"8947225","One Piece Card Game","Premium Booster -The Best- Vol. 2","Revolutionary Army HQ (Pirate Foil)","","OP05-021","UC","Heavily Played Foil","","","","","","0","",""
"8947226","One Piece Card Game","Premium Booster -The Best- Vol. 2","Revolutionary Army HQ (Pirate Foil)","","OP05-021","UC","Damaged Foil","0.50","","99.0000","99.0000","","0","",""
"8947217","One Piece Card Game","Premium Booster -The Best- Vol. 2","Revolutionary Army HQ (Reprint)","","OP05-021","UC","Near Mint","0.12","","1.5000","0.0100","","0","",""
"8947218","One Piece Card Game","Premium Booster -The Best- Vol. 2","Revolutionary Army HQ (Reprint)","","OP05-021","UC","Lightly Played","0.19","","1.6400","0.1500","","0","",""
"8947219","One Piece Card Game","Premium Booster -The Best- Vol. 2","Revolutionary Army HQ (Reprint)","","OP05-021","UC","Moderately Played","","","2.1900","0.2000","","0","",""
"8947220","One Piece Card Game","Premium Booster -The Best- Vol. 2","Revolutionary Army HQ (Reprint)","","OP05-021","UC","Heavily Played","","","","","","0","",""
"8947221","One Piece Card Game","Premium Booster -The Best- Vol. 2","Revolutionary Army HQ (Reprint)","","OP05-021","UC","Damaged","","","99.0000","99.0000","","0","",""
"8966961","One Piece Card Game","Premium Booster -The Best- Vol. 2","Roronoa Zoro - OP06-118 (Reprint)","","OP06-118","SEC","Near Mint","3.96","","4.4900","3.0000","","0","",""
"8966962","One Piece Card Game","Premium Booster -The Best- Vol. 2","Roronoa Zoro - OP06-118 (Reprint)","","OP06-118","SEC","Lightly Played","4.53","","5.8900","5.8900","","0","",""
"8966963","One Piece Card Game","Premium Booster -The Best- Vol. 2","Roronoa Zoro - OP06-118 (Reprint)","","OP06-118","SEC","Moderately Played","3.75","","5.2400","3.7500","","0","",""
"8966964","One Piece Card Game","Premium Booster -The Best- Vol. 2","Roronoa Zoro - OP06-118 (Reprint)","","OP06-118","SEC","Heavily Played","","","","","","0","",""
"8966965","One Piece Card Game","Premium Booster -The Best- Vol. 2","Roronoa Zoro - OP06-118 (Reprint)","","OP06-118","SEC","Damaged","","","","","","0","",""
"8947743","One Piece Card Game","Premium Booster -The Best- Vol. 2","Roronoa Zoro - OP06-118 (Reprint)","","OP06-118","SEC","Near Mint Foil","5.52","","5.9900","5.9900","","0","",""
"8947744","One Piece Card Game","Premium Booster -The Best- Vol. 2","Roronoa Zoro - OP06-118 (Reprint)","","OP06-118","SEC","Lightly Played Foil","5.36","","5.9400","5.9400","","0","",""
"8947745","One Piece Card Game","Premium Booster -The Best- Vol. 2","Roronoa Zoro - OP06-118 (Reprint)","","OP06-118","SEC","Moderately Played Foil","5.48","","537.1300","537.1300","","0","",""
"8947746","One Piece Card Game","Premium Booster -The Best- Vol. 2","Roronoa Zoro - OP06-118 (Reprint)","","OP06-118","SEC","Heavily Played Foil","","","7.9500","7.9500","","0","",""
"8947747","One Piece Card Game","Premium Booster -The Best- Vol. 2","Roronoa Zoro - OP06-118 (Reprint)","","OP06-118","SEC","Damaged Foil","","","","","","0","",""
"8947332","One Piece Card Game","Premium Booster -The Best- Vol. 2","Roronoa Zoro - OP09-076","","OP09-076","R","Near Mint Foil","0.24","","1.5400","0.0500","","0","",""
"8947333","One Piece Card Game","Premium Booster -The Best- Vol. 2","Roronoa Zoro - OP09-076","","OP09-076","R","Lightly Played Foil","0.25","","1.5900","0.1000","","0","",""
"8947334","One Piece Card Game","Premium Booster -The Best- Vol. 2","Roronoa Zoro - OP09-076","","OP09-076","R","Moderately Played Foil","","","1.7400","0.2500","","0","",""
"8947335","One Piece Card Game","Premium Booster -The Best- Vol. 2","Roronoa Zoro - OP09-076","","OP09-076","R","Heavily Played Foil","","","","","","0","",""
"8947336","One Piece Card Game","Premium Booster -The Best- Vol. 2","Roronoa Zoro - OP09-076","","OP09-076","R","Damaged Foil","","","","","","0","",""
"8935289","One Piece Card Game","Premium Booster -The Best- Vol. 2","Roronoa Zoro - OP09-076 (Alternate Art)","","OP09-076","R","Near Mint Foil","57.70","","54.4500","53.4600","","0","",""
"8935290","One Piece Card Game","Premium Booster -The Best- Vol. 2","Roronoa Zoro - OP09-076 (Alternate Art)","","OP09-076","R","Lightly Played Foil","39.64","","60.0000","60.0000","","0","",""
"8935291","One Piece Card Game","Premium Booster -The Best- Vol. 2","Roronoa Zoro - OP09-076 (Alternate Art)","","OP09-076","R","Moderately Played Foil","27.99","","","","","0","",""
"8935292","One Piece Card Game","Premium Booster -The Best- Vol. 2","Roronoa Zoro - OP09-076 (Alternate Art)","","OP09-076","R","Heavily Played Foil","","","","","","0","",""
"8935293","One Piece Card Game","Premium Booster -The Best- Vol. 2","Roronoa Zoro - OP09-076 (Alternate Art)","","OP09-076","R","Damaged Foil","","","","","","0","",""
"8934704","One Piece Card Game","Premium Booster -The Best- Vol. 2","Roronoa Zoro - OP10-095 (Alternate Art)","","OP10-095","R","Near Mint Foil","12.77","","10.4700","8.9800","","0","",""
"8934705","One Piece Card Game","Premium Booster -The Best- Vol. 2","Roronoa Zoro - OP10-095 (Alternate Art)","","OP10-095","R","Lightly Played Foil","10.21","","13.9900","13.9900","","0","",""
"8934706","One Piece Card Game","Premium Booster -The Best- Vol. 2","Roronoa Zoro - OP10-095 (Alternate Art)","","OP10-095","R","Moderately Played Foil","8.00","","9.9900","9.9900","","0","",""
"8934707","One Piece Card Game","Premium Booster -The Best- Vol. 2","Roronoa Zoro - OP10-095 (Alternate Art)","","OP10-095","R","Heavily Played Foil","","","","","","0","",""
"8934708","One Piece Card Game","Premium Booster -The Best- Vol. 2","Roronoa Zoro - OP10-095 (Alternate Art)","","OP10-095","R","Damaged Foil","","","","","","0","",""
"8947507","One Piece Card Game","Premium Booster -The Best- Vol. 2","Roronoa Zoro - OP10-095 (Reprint)","","OP10-095","R","Near Mint Foil","0.16","","1.5000","0.0100","","0","",""
"8947508","One Piece Card Game","Premium Booster -The Best- Vol. 2","Roronoa Zoro - OP10-095 (Reprint)","","OP10-095","R","Lightly Played Foil","0.10","","1.5900","0.1000","","0","",""
"8947509","One Piece Card Game","Premium Booster -The Best- Vol. 2","Roronoa Zoro - OP10-095 (Reprint)","","OP10-095","R","Moderately Played Foil","","","","","","0","",""
"8947510","One Piece Card Game","Premium Booster -The Best- Vol. 2","Roronoa Zoro - OP10-095 (Reprint)","","OP10-095","R","Heavily Played Foil","","","","","","0","",""
"8947511","One Piece Card Game","Premium Booster -The Best- Vol. 2","Roronoa Zoro - OP10-095 (Reprint)","","OP10-095","R","Damaged Foil","","","","","","0","",""
"8929575","One Piece Card Game","Premium Booster -The Best- Vol. 2","Roronoa Zoro - PRB02-006","","PRB02-006","R","Near Mint Foil","7.35","","6.4800","4.9900","","0","",""
"8929576","One Piece Card Game","Premium Booster -The Best- Vol. 2","Roronoa Zoro - PRB02-006","","PRB02-006","R","Lightly Played Foil","9.77","","7.5000","7.5000","","0","",""
"8929577","One Piece Card Game","Premium Booster -The Best- Vol. 2","Roronoa Zoro - PRB02-006","","PRB02-006","R","Moderately Played Foil","12.45","","7.2400","5.9900","","0","",""
"8929578","One Piece Card Game","Premium Booster -The Best- Vol. 2","Roronoa Zoro - PRB02-006","","PRB02-006","R","Heavily Played Foil","","","","","","0","",""
"8929579","One Piece Card Game","Premium Booster -The Best- Vol. 2","Roronoa Zoro - PRB02-006","","PRB02-006","R","Damaged Foil","9.31","","","","","0","",""
"8929580","One Piece Card Game","Premium Booster -The Best- Vol. 2","Roronoa Zoro - PRB02-006 (Alternate Art)","","PRB02-006","R","Near Mint Foil","35.95","","34.5000","33.0000","","0","",""
"8929581","One Piece Card Game","Premium Booster -The Best- Vol. 2","Roronoa Zoro - PRB02-006 (Alternate Art)","","PRB02-006","R","Lightly Played Foil","39.90","","36.2400","36.2400","","0","",""
"8929582","One Piece Card Game","Premium Booster -The Best- Vol. 2","Roronoa Zoro - PRB02-006 (Alternate Art)","","PRB02-006","R","Moderately Played Foil","35.99","","","","","0","",""
"8929583","One Piece Card Game","Premium Booster -The Best- Vol. 2","Roronoa Zoro - PRB02-006 (Alternate Art)","","PRB02-006","R","Heavily Played Foil","34.00","","","","","0","",""
"8929584","One Piece Card Game","Premium Booster -The Best- Vol. 2","Roronoa Zoro - PRB02-006 (Alternate Art)","","PRB02-006","R","Damaged Foil","","","","","","0","",""
"8947417","One Piece Card Game","Premium Booster -The Best- Vol. 2","Roronoa Zoro - ST14-013 (Pirate Foil)","","ST14-013","C","Near Mint Foil","0.51","","1.6200","0.1300","","0","",""
"8947418","One Piece Card Game","Premium Booster -The Best- Vol. 2","Roronoa Zoro - ST14-013 (Pirate Foil)","","ST14-013","C","Lightly Played Foil","0.39","","1.8400","0.3500","","0","",""
"8947419","One Piece Card Game","Premium Booster -The Best- Vol. 2","Roronoa Zoro - ST14-013 (Pirate Foil)","","ST14-013","C","Moderately Played Foil","","","6.9900","6.9900","","0","",""
"8947420","One Piece Card Game","Premium Booster -The Best- Vol. 2","Roronoa Zoro - ST14-013 (Pirate Foil)","","ST14-013","C","Heavily Played Foil","","","","","","0","",""
"8947421","One Piece Card Game","Premium Booster -The Best- Vol. 2","Roronoa Zoro - ST14-013 (Pirate Foil)","","ST14-013","C","Damaged Foil","","","","","","0","",""
"8947412","One Piece Card Game","Premium Booster -The Best- Vol. 2","Roronoa Zoro - ST14-013 (Reprint)","","ST14-013","C","Near Mint","0.20","","1.5000","0.0100","","0","",""
"8947413","One Piece Card Game","Premium Booster -The Best- Vol. 2","Roronoa Zoro - ST14-013 (Reprint)","","ST14-013","C","Lightly Played","0.10","","1.5900","0.1000","","0","",""
"8947414","One Piece Card Game","Premium Booster -The Best- Vol. 2","Roronoa Zoro - ST14-013 (Reprint)","","ST14-013","C","Moderately Played","","","2.1400","0.1500","","0","",""
"8947415","One Piece Card Game","Premium Booster -The Best- Vol. 2","Roronoa Zoro - ST14-013 (Reprint)","","ST14-013","C","Heavily Played","","","","","","0","",""
"8947416","One Piece Card Game","Premium Booster -The Best- Vol. 2","Roronoa Zoro - ST14-013 (Reprint)","","ST14-013","C","Damaged","","","","","","0","",""
"8947107","One Piece Card Game","Premium Booster -The Best- Vol. 2","Sabo - OP04-083 (Reprint)","","OP04-083","SR","Near Mint Foil","0.36","","1.6400","0.1500","","0","",""
"8947108","One Piece Card Game","Premium Booster -The Best- Vol. 2","Sabo - OP04-083 (Reprint)","","OP04-083","SR","Lightly Played Foil","0.47","","1.8100","0.3100","","0","",""
"8947109","One Piece Card Game","Premium Booster -The Best- Vol. 2","Sabo - OP04-083 (Reprint)","","OP04-083","SR","Moderately Played Foil","0.54","","2.9400","1.4500","","0","",""
"8947110","One Piece Card Game","Premium Booster -The Best- Vol. 2","Sabo - OP04-083 (Reprint)","","OP04-083","SR","Heavily Played Foil","","","5.2400","0.2500","","0","",""
"8947111","One Piece Card Game","Premium Booster -The Best- Vol. 2","Sabo - OP04-083 (Reprint)","","OP04-083","SR","Damaged Foil","0.49","","","","","0","",""
"8948054","One Piece Card Game","Premium Booster -The Best- Vol. 2","Sabo - OP07-118 (Reprint)","","OP07-118","SEC","Near Mint Foil","1.11","","2.2300","0.7300","","0","",""
"8948055","One Piece Card Game","Premium Booster -The Best- Vol. 2","Sabo - OP07-118 (Reprint)","","OP07-118","SEC","Lightly Played Foil","1.10","","2.5900","1.1000","","0","",""
"8948056","One Piece Card Game","Premium Booster -The Best- Vol. 2","Sabo - OP07-118 (Reprint)","","OP07-118","SEC","Moderately Played Foil","","","","","","0","",""
"8948057","One Piece Card Game","Premium Booster -The Best- Vol. 2","Sabo - OP07-118 (Reprint)","","OP07-118","SEC","Heavily Played Foil","","","","","","0","",""
"8948058","One Piece Card Game","Premium Booster -The Best- Vol. 2","Sabo - OP07-118 (Reprint)","","OP07-118","SEC","Damaged Foil","","","","","","0","",""
"8947157","One Piece Card Game","Premium Booster -The Best- Vol. 2","Sabo - OP09-027 (Pirate Foil)","","OP09-027","UC","Near Mint Foil","0.23","","1.5700","0.0800","","0","",""
"8947158","One Piece Card Game","Premium Booster -The Best- Vol. 2","Sabo - OP09-027 (Pirate Foil)","","OP09-027","UC","Lightly Played Foil","0.27","","1.6900","0.2000","","0","",""
"8947159","One Piece Card Game","Premium Booster -The Best- Vol. 2","Sabo - OP09-027 (Pirate Foil)","","OP09-027","UC","Moderately Played Foil","","","","","","0","",""
"8947160","One Piece Card Game","Premium Booster -The Best- Vol. 2","Sabo - OP09-027 (Pirate Foil)","","OP09-027","UC","Heavily Played Foil","","","","","","0","",""
"8947161","One Piece Card Game","Premium Booster -The Best- Vol. 2","Sabo - OP09-027 (Pirate Foil)","","OP09-027","UC","Damaged Foil","","","","","","0","",""
"8947172","One Piece Card Game","Premium Booster -The Best- Vol. 2","Sabo - OP09-027 (Reprint)","","OP09-027","UC","Near Mint","0.07","","1.5000","0.0100","","0","",""
"8947173","One Piece Card Game","Premium Booster -The Best- Vol. 2","Sabo - OP09-027 (Reprint)","","OP09-027","UC","Lightly Played","0.06","","1.5500","0.0600","","0","",""
"8947174","One Piece Card Game","Premium Booster -The Best- Vol. 2","Sabo - OP09-027 (Reprint)","","OP09-027","UC","Moderately Played","","","2.1400","0.1500","","0","",""
"8947175","One Piece Card Game","Premium Booster -The Best- Vol. 2","Sabo - OP09-027 (Reprint)","","OP09-027","UC","Heavily Played","","","","","","0","",""
"8947176","One Piece Card Game","Premium Booster -The Best- Vol. 2","Sabo - OP09-027 (Reprint)","","OP09-027","UC","Damaged","","","","","","0","",""
"8947738","One Piece Card Game","Premium Booster -The Best- Vol. 2","Sabo - P-044 (Pirate Foil)","","P-044","PR","Near Mint Foil","0.26","","1.6400","0.1500","","0","",""
"8947739","One Piece Card Game","Premium Booster -The Best- Vol. 2","Sabo - P-044 (Pirate Foil)","","P-044","PR","Lightly Played Foil","0.25","","1.7100","0.2200","","0","",""
"8947740","One Piece Card Game","Premium Booster -The Best- Vol. 2","Sabo - P-044 (Pirate Foil)","","P-044","PR","Moderately Played Foil","","","2.6500","0.1500","","0","",""
"8947741","One Piece Card Game","Premium Booster -The Best- Vol. 2","Sabo - P-044 (Pirate Foil)","","P-044","PR","Heavily Played Foil","","","","","","0","",""
"8947742","One Piece Card Game","Premium Booster -The Best- Vol. 2","Sabo - P-044 (Pirate Foil)","","P-044","PR","Damaged Foil","","","","","","0","",""
"8947753","One Piece Card Game","Premium Booster -The Best- Vol. 2","Sabo - P-044 (Reprint)","","P-044","PR","Near Mint","0.21","","1.5900","0.1000","","0","",""
"8947754","One Piece Card Game","Premium Booster -The Best- Vol. 2","Sabo - P-044 (Reprint)","","P-044","PR","Lightly Played","0.19","","1.5900","0.1000","","0","",""
"8947755","One Piece Card Game","Premium Booster -The Best- Vol. 2","Sabo - P-044 (Reprint)","","P-044","PR","Moderately Played","","","2.2400","0.2500","","0","",""
"8947756","One Piece Card Game","Premium Booster -The Best- Vol. 2","Sabo - P-044 (Reprint)","","P-044","PR","Heavily Played","","","","","","0","",""
"8947757","One Piece Card Game","Premium Booster -The Best- Vol. 2","Sabo - P-044 (Reprint)","","P-044","PR","Damaged","","","","","","0","",""
"8953670","One Piece Card Game","Premium Booster -The Best- Vol. 2","Sabo - P-073 (Pirate Foil)","","P-073","PR","Near Mint Foil","0.26","","1.5900","0.1000","","0","",""
"8953671","One Piece Card Game","Premium Booster -The Best- Vol. 2","Sabo - P-073 (Pirate Foil)","","P-073","PR","Lightly Played Foil","0.36","","1.7400","0.2500","","0","",""
"8953672","One Piece Card Game","Premium Booster -The Best- Vol. 2","Sabo - P-073 (Pirate Foil)","","P-073","PR","Moderately Played Foil","","","","","","0","",""
"8953673","One Piece Card Game","Premium Booster -The Best- Vol. 2","Sabo - P-073 (Pirate Foil)","","P-073","PR","Heavily Played Foil","","","","","","0","",""
"8953674","One Piece Card Game","Premium Booster -The Best- Vol. 2","Sabo - P-073 (Pirate Foil)","","P-073","PR","Damaged Foil","","","99.0000","99.0000","","0","",""
"8947974","One Piece Card Game","Premium Booster -The Best- Vol. 2","Sabo - P-073 (Reprint)","","P-073","PR","Near Mint","0.38","","1.6700","0.1800","","0","",""
"8947975","One Piece Card Game","Premium Booster -The Best- Vol. 2","Sabo - P-073 (Reprint)","","P-073","PR","Lightly Played","0.39","","1.6400","0.1500","","0","",""
"8947976","One Piece Card Game","Premium Booster -The Best- Vol. 2","Sabo - P-073 (Reprint)","","P-073","PR","Moderately Played","","","2.7400","0.7500","","0","",""
"8947977","One Piece Card Game","Premium Booster -The Best- Vol. 2","Sabo - P-073 (Reprint)","","P-073","PR","Heavily Played","","","","","","0","",""
"8947978","One Piece Card Game","Premium Booster -The Best- Vol. 2","Sabo - P-073 (Reprint)","","P-073","PR","Damaged","","","","","","0","",""
"8933336","One Piece Card Game","Premium Booster -The Best- Vol. 2","Sabo - PRB02-014","","PRB02-014","SR","Near Mint Foil","5.63","","6.5200","5.0300","","0","",""
"8933337","One Piece Card Game","Premium Booster -The Best- Vol. 2","Sabo - PRB02-014","","PRB02-014","SR","Lightly Played Foil","5.61","","7.1000","5.6100","","0","",""
"8933338","One Piece Card Game","Premium Booster -The Best- Vol. 2","Sabo - PRB02-014","","PRB02-014","SR","Moderately Played Foil","6.00","","","","","0","",""
"8933339","One Piece Card Game","Premium Booster -The Best- Vol. 2","Sabo - PRB02-014","","PRB02-014","SR","Heavily Played Foil","","","","","","0","",""
"8933340","One Piece Card Game","Premium Booster -The Best- Vol. 2","Sabo - PRB02-014","","PRB02-014","SR","Damaged Foil","6.99","","","","","0","",""
"8933341","One Piece Card Game","Premium Booster -The Best- Vol. 2","Sabo - PRB02-014 (Alternate Art)","","PRB02-014","SR","Near Mint Foil","16.54","","16.4500","16.4500","","0","",""
"8933342","One Piece Card Game","Premium Booster -The Best- Vol. 2","Sabo - PRB02-014 (Alternate Art)","","PRB02-014","SR","Lightly Played Foil","25.44","","18.6200","18.6200","","0","",""
"8933343","One Piece Card Game","Premium Booster -The Best- Vol. 2","Sabo - PRB02-014 (Alternate Art)","","PRB02-014","SR","Moderately Played Foil","","","","","","0","",""
"8933344","One Piece Card Game","Premium Booster -The Best- Vol. 2","Sabo - PRB02-014 (Alternate Art)","","PRB02-014","SR","Heavily Played Foil","","","","","","0","",""
"8933345","One Piece Card Game","Premium Booster -The Best- Vol. 2","Sabo - PRB02-014 (Alternate Art)","","PRB02-014","SR","Damaged Foil","28.99","","","","","0","",""
"8947667","One Piece Card Game","Premium Booster -The Best- Vol. 2","Sabo - ST13-007 (Pirate Foil)","","ST13-007","C","Near Mint Foil","0.21","","1.5400","0.0500","","0","",""
"8947668","One Piece Card Game","Premium Booster -The Best- Vol. 2","Sabo - ST13-007 (Pirate Foil)","","ST13-007","C","Lightly Played Foil","0.21","","1.6500","0.1500","","0","",""
"8947669","One Piece Card Game","Premium Booster -The Best- Vol. 2","Sabo - ST13-007 (Pirate Foil)","","ST13-007","C","Moderately Played Foil","","","","","","0","",""
"8947670","One Piece Card Game","Premium Booster -The Best- Vol. 2","Sabo - ST13-007 (Pirate Foil)","","ST13-007","C","Heavily Played Foil","","","","","","0","",""
"8947671","One Piece Card Game","Premium Booster -The Best- Vol. 2","Sabo - ST13-007 (Pirate Foil)","","ST13-007","C","Damaged Foil","","","99.0000","99.0000","","0","",""
"8947657","One Piece Card Game","Premium Booster -The Best- Vol. 2","Sabo - ST13-007 (Reprint)","","ST13-007","C","Near Mint","0.08","","1.5000","0.0100","","0","",""
"8947658","One Piece Card Game","Premium Booster -The Best- Vol. 2","Sabo - ST13-007 (Reprint)","","ST13-007","C","Lightly Played","0.10","","1.5400","0.0500","","0","",""
"8947659","One Piece Card Game","Premium Booster -The Best- Vol. 2","Sabo - ST13-007 (Reprint)","","ST13-007","C","Moderately Played","","","1.6900","0.2000","","0","",""
"8947660","One Piece Card Game","Premium Booster -The Best- Vol. 2","Sabo - ST13-007 (Reprint)","","ST13-007","C","Heavily Played","","","","","","0","",""
"8947661","One Piece Card Game","Premium Booster -The Best- Vol. 2","Sabo - ST13-007 (Reprint)","","ST13-007","C","Damaged","","","","","","0","",""
"8947012","One Piece Card Game","Premium Booster -The Best- Vol. 2","San-Gorou (Pirate Foil)","","ST18-003","C","Near Mint Foil","0.23","","1.5300","0.0400","","0","",""
"8947013","One Piece Card Game","Premium Booster -The Best- Vol. 2","San-Gorou (Pirate Foil)","","ST18-003","C","Lightly Played Foil","0.24","","1.7100","0.2200","","0","",""
"8947014","One Piece Card Game","Premium Booster -The Best- Vol. 2","San-Gorou (Pirate Foil)","","ST18-003","C","Moderately Played Foil","","","","","","0","",""
"8947015","One Piece Card Game","Premium Booster -The Best- Vol. 2","San-Gorou (Pirate Foil)","","ST18-003","C","Heavily Played Foil","","","","","","0","",""
"8947016","One Piece Card Game","Premium Booster -The Best- Vol. 2","San-Gorou (Pirate Foil)","","ST18-003","C","Damaged Foil","","","","","","0","",""
"8947002","One Piece Card Game","Premium Booster -The Best- Vol. 2","San-Gorou (Reprint)","","ST18-003","C","Near Mint","0.07","","1.5000","0.0100","","0","",""
"8947003","One Piece Card Game","Premium Booster -The Best- Vol. 2","San-Gorou (Reprint)","","ST18-003","C","Lightly Played","0.06","","1.5500","0.0600","","0","",""
"8947004","One Piece Card Game","Premium Booster -The Best- Vol. 2","San-Gorou (Reprint)","","ST18-003","C","Moderately Played","","","1.7400","0.0500","","0","",""
"8947005","One Piece Card Game","Premium Booster -The Best- Vol. 2","San-Gorou (Reprint)","","ST18-003","C","Heavily Played","","","","","","0","",""
"8947006","One Piece Card Game","Premium Booster -The Best- Vol. 2","San-Gorou (Reprint)","","ST18-003","C","Damaged","","","","","","0","",""
"8938660","One Piece Card Game","Premium Booster -The Best- Vol. 2","Sanji - OP06-119 (Manga)","","OP06-119","SEC","Near Mint Foil","2194.00","","2999.9600","2999.9600","","0","",""
"8938661","One Piece Card Game","Premium Booster -The Best- Vol. 2","Sanji - OP06-119 (Manga)","","OP06-119","SEC","Lightly Played Foil","1767.25","","2501.4900","2500.0000","","0","",""
"8938662","One Piece Card Game","Premium Booster -The Best- Vol. 2","Sanji - OP06-119 (Manga)","","OP06-119","SEC","Moderately Played Foil","","","","","","0","",""
"8938663","One Piece Card Game","Premium Booster -The Best- Vol. 2","Sanji - OP06-119 (Manga)","","OP06-119","SEC","Heavily Played Foil","","","","","","0","",""
"8938664","One Piece Card Game","Premium Booster -The Best- Vol. 2","Sanji - OP06-119 (Manga)","","OP06-119","SEC","Damaged Foil","","","","","","0","",""
"8947748","One Piece Card Game","Premium Booster -The Best- Vol. 2","Sanji - OP06-119 (Reprint)","","OP06-119","SEC","Near Mint Foil","3.95","","4.9600","3.4700","","0","",""
"8947749","One Piece Card Game","Premium Booster -The Best- Vol. 2","Sanji - OP06-119 (Reprint)","","OP06-119","SEC","Lightly Played Foil","3.71","","5.2500","3.0000","","0","",""
"8947750","One Piece Card Game","Premium Booster -The Best- Vol. 2","Sanji - OP06-119 (Reprint)","","OP06-119","SEC","Moderately Played Foil","3.00","","","","","0","",""
"8947751","One Piece Card Game","Premium Booster -The Best- Vol. 2","Sanji - OP06-119 (Reprint)","","OP06-119","SEC","Heavily Played Foil","","","","","","0","",""
"8947752","One Piece Card Game","Premium Booster -The Best- Vol. 2","Sanji - OP06-119 (Reprint)","","OP06-119","SEC","Damaged Foil","","","","","","0","",""
"8947277","One Piece Card Game","Premium Booster -The Best- Vol. 2","Sanji - OP09-065 (Reprint)","","OP09-065","SR","Near Mint Foil","0.44","","1.7400","0.2500","","0","",""
"8947278","One Piece Card Game","Premium Booster -The Best- Vol. 2","Sanji - OP09-065 (Reprint)","","OP09-065","SR","Lightly Played Foil","0.40","","1.9800","0.4900","","0","",""
"8947279","One Piece Card Game","Premium Booster -The Best- Vol. 2","Sanji - OP09-065 (Reprint)","","OP09-065","SR","Moderately Played Foil","0.32","","","","","0","",""
"8947280","One Piece Card Game","Premium Booster -The Best- Vol. 2","Sanji - OP09-065 (Reprint)","","OP09-065","SR","Heavily Played Foil","","","2.7400","0.2400","","0","",""
"8947281","One Piece Card Game","Premium Booster -The Best- Vol. 2","Sanji - OP09-065 (Reprint)","","OP09-065","SR","Damaged Foil","","","","","","0","",""
"8947829","One Piece Card Game","Premium Booster -The Best- Vol. 2","Sanji - P-068 (Pirate Foil)","","P-068","PR","Near Mint Foil","0.31","","1.5500","0.0600","","0","",""
"8947830","One Piece Card Game","Premium Booster -The Best- Vol. 2","Sanji - P-068 (Pirate Foil)","","P-068","PR","Lightly Played Foil","0.36","","1.7500","0.2500","","0","",""
"8947831","One Piece Card Game","Premium Booster -The Best- Vol. 2","Sanji - P-068 (Pirate Foil)","","P-068","PR","Moderately Played Foil","","","","","","0","",""
"8947832","One Piece Card Game","Premium Booster -The Best- Vol. 2","Sanji - P-068 (Pirate Foil)","","P-068","PR","Heavily Played Foil","","","","","","0","",""
"8947833","One Piece Card Game","Premium Booster -The Best- Vol. 2","Sanji - P-068 (Pirate Foil)","","P-068","PR","Damaged Foil","","","","","","0","",""
"8947864","One Piece Card Game","Premium Booster -The Best- Vol. 2","Sanji - P-068 (Reprint)","","P-068","PR","Near Mint","0.21","","1.6000","0.1100","","0","",""
"8947865","One Piece Card Game","Premium Booster -The Best- Vol. 2","Sanji - P-068 (Reprint)","","P-068","PR","Lightly Played","0.24","","1.6400","0.1500","","0","",""
"8947866","One Piece Card Game","Premium Booster -The Best- Vol. 2","Sanji - P-068 (Reprint)","","P-068","PR","Moderately Played","","","2.2400","0.2500","","0","",""
"8947867","One Piece Card Game","Premium Booster -The Best- Vol. 2","Sanji - P-068 (Reprint)","","P-068","PR","Heavily Played","","","","","","0","",""
"8947868","One Piece Card Game","Premium Booster -The Best- Vol. 2","Sanji - P-068 (Reprint)","","P-068","PR","Damaged","","","","","","0","",""
"8946927","One Piece Card Game","Premium Booster -The Best- Vol. 2","Sanji - ST21-003 (Pirate Foil)","","ST21-003","C","Near Mint Foil","1.25","","2.1900","0.7000","","0","",""
"8946928","One Piece Card Game","Premium Booster -The Best- Vol. 2","Sanji - ST21-003 (Pirate Foil)","","ST21-003","C","Lightly Played Foil","0.53","","2.4100","0.4100","","0","",""
"8946929","One Piece Card Game","Premium Booster -The Best- Vol. 2","Sanji - ST21-003 (Pirate Foil)","","ST21-003","C","Moderately Played Foil","0.38","","","","","0","",""
"8946930","One Piece Card Game","Premium Booster -The Best- Vol. 2","Sanji - ST21-003 (Pirate Foil)","","ST21-003","C","Heavily Played Foil","","","","","","0","",""
"8946931","One Piece Card Game","Premium Booster -The Best- Vol. 2","Sanji - ST21-003 (Pirate Foil)","","ST21-003","C","Damaged Foil","","","","","","0","",""
"8946912","One Piece Card Game","Premium Booster -The Best- Vol. 2","Sanji - ST21-003 (Reprint)","","ST21-003","C","Near Mint","0.69","","1.7000","0.2100","","0","",""
"8946913","One Piece Card Game","Premium Booster -The Best- Vol. 2","Sanji - ST21-003 (Reprint)","","ST21-003","C","Lightly Played","0.30","","1.7400","0.2500","","0","",""
"8946914","One Piece Card Game","Premium Booster -The Best- Vol. 2","Sanji - ST21-003 (Reprint)","","ST21-003","C","Moderately Played","0.25","","","","","0","",""
"8946915","One Piece Card Game","Premium Booster -The Best- Vol. 2","Sanji - ST21-003 (Reprint)","","ST21-003","C","Heavily Played","","","","","","0","",""
"8946916","One Piece Card Game","Premium Booster -The Best- Vol. 2","Sanji - ST21-003 (Reprint)","","ST21-003","C","Damaged","","","","","","0","",""
"8947949","One Piece Card Game","Premium Booster -The Best- Vol. 2","Sanji (Reprint)","","OP07-064","SR","Near Mint Foil","1.12","","2.2000","0.7000","","0","",""
"8947950","One Piece Card Game","Premium Booster -The Best- Vol. 2","Sanji (Reprint)","","OP07-064","SR","Lightly Played Foil","1.36","","2.6200","1.1300","","0","",""
"8947951","One Piece Card Game","Premium Booster -The Best- Vol. 2","Sanji (Reprint)","","OP07-064","SR","Moderately Played Foil","1.55","","","","","0","",""
"8947952","One Piece Card Game","Premium Booster -The Best- Vol. 2","Sanji (Reprint)","","OP07-064","SR","Heavily Played Foil","","","","","","0","",""
"8947953","One Piece Card Game","Premium Booster -The Best- Vol. 2","Sanji (Reprint)","","OP07-064","SR","Damaged Foil","","","","","","0","",""
"8933709","One Piece Card Game","Premium Booster -The Best- Vol. 2","Scratchmen Apoo - EB01-015 (Alternate Art)","","EB01-015","R","Near Mint Foil","6.64","","5.7100","5.7100","","0","",""
"8933710","One Piece Card Game","Premium Booster -The Best- Vol. 2","Scratchmen Apoo - EB01-015 (Alternate Art)","","EB01-015","R","Lightly Played Foil","10.20","","9.6900","7.7000","","0","",""
"8933711","One Piece Card Game","Premium Booster -The Best- Vol. 2","Scratchmen Apoo - EB01-015 (Alternate Art)","","EB01-015","R","Moderately Played Foil","10.29","","","","","0","",""
"8933712","One Piece Card Game","Premium Booster -The Best- Vol. 2","Scratchmen Apoo - EB01-015 (Alternate Art)","","EB01-015","R","Heavily Played Foil","","","","","","0","",""
"8933713","One Piece Card Game","Premium Booster -The Best- Vol. 2","Scratchmen Apoo - EB01-015 (Alternate Art)","","EB01-015","R","Damaged Foil","","","","","","0","",""
"8953824","One Piece Card Game","Premium Booster -The Best- Vol. 2","Scratchmen Apoo - EB01-015 (Reprint)","","EB01-015","R","Near Mint Foil","0.38","","1.6900","0.2000","","0","",""
"8953825","One Piece Card Game","Premium Booster -The Best- Vol. 2","Scratchmen Apoo - EB01-015 (Reprint)","","EB01-015","R","Lightly Played Foil","0.27","","1.6900","0.2000","","0","",""
"8953826","One Piece Card Game","Premium Booster -The Best- Vol. 2","Scratchmen Apoo - EB01-015 (Reprint)","","EB01-015","R","Moderately Played Foil","","","","","","0","",""
"8953827","One Piece Card Game","Premium Booster -The Best- Vol. 2","Scratchmen Apoo - EB01-015 (Reprint)","","EB01-015","R","Heavily Played Foil","","","","","","0","",""
"8953828","One Piece Card Game","Premium Booster -The Best- Vol. 2","Scratchmen Apoo - EB01-015 (Reprint)","","EB01-015","R","Damaged Foil","","","","","","0","",""
"8948155","One Piece Card Game","Premium Booster -The Best- Vol. 2","Scratchmen Apoo - OP08-087 (Pirate Foil)","","OP08-087","UC","Near Mint Foil","0.12","","1.5100","0.0200","","0","",""
"8948156","One Piece Card Game","Premium Booster -The Best- Vol. 2","Scratchmen Apoo - OP08-087 (Pirate Foil)","","OP08-087","UC","Lightly Played Foil","0.10","","1.5800","0.0900","","0","",""
"8948157","One Piece Card Game","Premium Booster -The Best- Vol. 2","Scratchmen Apoo - OP08-087 (Pirate Foil)","","OP08-087","UC","Moderately Played Foil","","","","","","0","",""
"8948158","One Piece Card Game","Premium Booster -The Best- Vol. 2","Scratchmen Apoo - OP08-087 (Pirate Foil)","","OP08-087","UC","Heavily Played Foil","","","","","","0","",""
"8948159","One Piece Card Game","Premium Booster -The Best- Vol. 2","Scratchmen Apoo - OP08-087 (Pirate Foil)","","OP08-087","UC","Damaged Foil","","","","","","0","",""
"8948145","One Piece Card Game","Premium Booster -The Best- Vol. 2","Scratchmen Apoo - OP08-087 (Reprint)","","OP08-087","UC","Near Mint","0.04","","1.5000","0.0100","","0","",""
"8948146","One Piece Card Game","Premium Booster -The Best- Vol. 2","Scratchmen Apoo - OP08-087 (Reprint)","","OP08-087","UC","Lightly Played","","","1.5900","0.1000","","0","",""
"8948147","One Piece Card Game","Premium Booster -The Best- Vol. 2","Scratchmen Apoo - OP08-087 (Reprint)","","OP08-087","UC","Moderately Played","","","2.1900","0.2000","","0","",""
"8948148","One Piece Card Game","Premium Booster -The Best- Vol. 2","Scratchmen Apoo - OP08-087 (Reprint)","","OP08-087","UC","Heavily Played","","","","","","0","",""
"8948149","One Piece Card Game","Premium Booster -The Best- Vol. 2","Scratchmen Apoo - OP08-087 (Reprint)","","OP08-087","UC","Damaged","","","","","","0","",""
"8947562","One Piece Card Game","Premium Booster -The Best- Vol. 2","Scratchmen Apoo - OP10-108 (Pirate Foil)","","OP10-108","C","Near Mint Foil","0.25","","1.5100","0.0200","","0","",""
"8947563","One Piece Card Game","Premium Booster -The Best- Vol. 2","Scratchmen Apoo - OP10-108 (Pirate Foil)","","OP10-108","C","Lightly Played Foil","0.09","","1.5700","0.0200","","0","",""
"8947564","One Piece Card Game","Premium Booster -The Best- Vol. 2","Scratchmen Apoo - OP10-108 (Pirate Foil)","","OP10-108","C","Moderately Played Foil","","","","","","0","",""
"8947565","One Piece Card Game","Premium Booster -The Best- Vol. 2","Scratchmen Apoo - OP10-108 (Pirate Foil)","","OP10-108","C","Heavily Played Foil","","","","","","0","",""
"8947566","One Piece Card Game","Premium Booster -The Best- Vol. 2","Scratchmen Apoo - OP10-108 (Pirate Foil)","","OP10-108","C","Damaged Foil","","","","","","0","",""
"8947567","One Piece Card Game","Premium Booster -The Best- Vol. 2","Scratchmen Apoo - OP10-108 (Reprint)","","OP10-108","C","Near Mint","0.08","","1.5000","0.0100","","0","",""
"8947568","One Piece Card Game","Premium Booster -The Best- Vol. 2","Scratchmen Apoo - OP10-108 (Reprint)","","OP10-108","C","Lightly Played","","","1.5900","0.1000","","0","",""
"8947569","One Piece Card Game","Premium Booster -The Best- Vol. 2","Scratchmen Apoo - OP10-108 (Reprint)","","OP10-108","C","Moderately Played","","","","","","0","",""
"8947570","One Piece Card Game","Premium Booster -The Best- Vol. 2","Scratchmen Apoo - OP10-108 (Reprint)","","OP10-108","C","Heavily Played","","","","","","0","",""
"8947571","One Piece Card Game","Premium Booster -The Best- Vol. 2","Scratchmen Apoo - OP10-108 (Reprint)","","OP10-108","C","Damaged","","","99.0000","99.0000","","0","",""
"8947547","One Piece Card Game","Premium Booster -The Best- Vol. 2","Sengoku - OP06-049 (Pirate Foil)","","OP06-049","C","Near Mint Foil","0.10","","1.5000","0.0100","","0","",""
"8947548","One Piece Card Game","Premium Booster -The Best- Vol. 2","Sengoku - OP06-049 (Pirate Foil)","","OP06-049","C","Lightly Played Foil","0.15","","1.5600","0.0700","","0","",""
"8947549","One Piece Card Game","Premium Booster -The Best- Vol. 2","Sengoku - OP06-049 (Pirate Foil)","","OP06-049","C","Moderately Played Foil","","","","","","0","",""
"8947550","One Piece Card Game","Premium Booster -The Best- Vol. 2","Sengoku - OP06-049 (Pirate Foil)","","OP06-049","C","Heavily Played Foil","","","","","","0","",""
"8947551","One Piece Card Game","Premium Booster -The Best- Vol. 2","Sengoku - OP06-049 (Pirate Foil)","","OP06-049","C","Damaged Foil","","","","","","0","",""
"8947537","One Piece Card Game","Premium Booster -The Best- Vol. 2","Sengoku - OP06-049 (Reprint)","","OP06-049","C","Near Mint","0.05","","1.5000","0.0100","","0","",""
"8947538","One Piece Card Game","Premium Booster -The Best- Vol. 2","Sengoku - OP06-049 (Reprint)","","OP06-049","C","Lightly Played","","","1.5000","0.0100","","0","",""
"8947539","One Piece Card Game","Premium Booster -The Best- Vol. 2","Sengoku - OP06-049 (Reprint)","","OP06-049","C","Moderately Played","","","2.1900","0.2000","","0","",""
"8947540","One Piece Card Game","Premium Booster -The Best- Vol. 2","Sengoku - OP06-049 (Reprint)","","OP06-049","C","Heavily Played","","","","","","0","",""
"8947541","One Piece Card Game","Premium Booster -The Best- Vol. 2","Sengoku - OP06-049 (Reprint)","","OP06-049","C","Damaged","","","99.0000","99.0000","","0","",""
"8946987","One Piece Card Game","Premium Booster -The Best- Vol. 2","Sengoku - ST19-002 (Pirate Foil)","","ST19-002","C","Near Mint Foil","0.16","","1.5200","0.0300","","0","",""
"8946988","One Piece Card Game","Premium Booster -The Best- Vol. 2","Sengoku - ST19-002 (Pirate Foil)","","ST19-002","C","Lightly Played Foil","0.30","","1.5900","0.1000","","0","",""
"8946989","One Piece Card Game","Premium Booster -The Best- Vol. 2","Sengoku - ST19-002 (Pirate Foil)","","ST19-002","C","Moderately Played Foil","","","2.1900","0.2000","","0","",""
"8946990","One Piece Card Game","Premium Booster -The Best- Vol. 2","Sengoku - ST19-002 (Pirate Foil)","","ST19-002","C","Heavily Played Foil","","","","","","0","",""
"8946991","One Piece Card Game","Premium Booster -The Best- Vol. 2","Sengoku - ST19-002 (Pirate Foil)","","ST19-002","C","Damaged Foil","","","","","","0","",""
"8946982","One Piece Card Game","Premium Booster -The Best- Vol. 2","Sengoku - ST19-002 (Reprint)","","ST19-002","C","Near Mint","0.09","","1.5000","0.0100","","0","",""
"8946983","One Piece Card Game","Premium Booster -The Best- Vol. 2","Sengoku - ST19-002 (Reprint)","","ST19-002","C","Lightly Played","","","1.5600","0.0700","","0","",""
"8946984","One Piece Card Game","Premium Booster -The Best- Vol. 2","Sengoku - ST19-002 (Reprint)","","ST19-002","C","Moderately Played","","","2.1400","0.1500","","0","",""
"8946985","One Piece Card Game","Premium Booster -The Best- Vol. 2","Sengoku - ST19-002 (Reprint)","","ST19-002","C","Heavily Played","","","","","","0","",""
"8946986","One Piece Card Game","Premium Booster -The Best- Vol. 2","Sengoku - ST19-002 (Reprint)","","ST19-002","C","Damaged","","","","","","0","",""
"8947779","One Piece Card Game","Premium Booster -The Best- Vol. 2","Shachi & Penguin (Pirate Foil)","","ST10-008","C","Near Mint Foil","0.17","","1.5500","0.0600","","0","",""
"8947780","One Piece Card Game","Premium Booster -The Best- Vol. 2","Shachi & Penguin (Pirate Foil)","","ST10-008","C","Lightly Played Foil","0.29","","1.6900","0.2000","","0","",""
"8947781","One Piece Card Game","Premium Booster -The Best- Vol. 2","Shachi & Penguin (Pirate Foil)","","ST10-008","C","Moderately Played Foil","","","","","","0","",""
"8947782","One Piece Card Game","Premium Booster -The Best- Vol. 2","Shachi & Penguin (Pirate Foil)","","ST10-008","C","Heavily Played Foil","","","","","","0","",""
"8947783","One Piece Card Game","Premium Booster -The Best- Vol. 2","Shachi & Penguin (Pirate Foil)","","ST10-008","C","Damaged Foil","","","","","","0","",""
"8947758","One Piece Card Game","Premium Booster -The Best- Vol. 2","Shachi & Penguin (Reprint)","","ST10-008","C","Near Mint","0.06","","1.5000","0.0100","","0","",""
"8947759","One Piece Card Game","Premium Booster -The Best- Vol. 2","Shachi & Penguin (Reprint)","","ST10-008","C","Lightly Played","0.23","","1.5300","0.0400","","0","",""
"8947760","One Piece Card Game","Premium Booster -The Best- Vol. 2","Shachi & Penguin (Reprint)","","ST10-008","C","Moderately Played","","","2.1400","0.1500","","0","",""
"8947761","One Piece Card Game","Premium Booster -The Best- Vol. 2","Shachi & Penguin (Reprint)","","ST10-008","C","Heavily Played","","","","","","0","",""
"8947762","One Piece Card Game","Premium Booster -The Best- Vol. 2","Shachi & Penguin (Reprint)","","ST10-008","C","Damaged","","","","","","0","",""
"8947052","One Piece Card Game","Premium Booster -The Best- Vol. 2","Shanks - OP09-004 (Reprint)","","OP09-004","SR","Near Mint Foil","0.66","","1.9100","0.4200","","0","",""
"8947053","One Piece Card Game","Premium Booster -The Best- Vol. 2","Shanks - OP09-004 (Reprint)","","OP09-004","SR","Lightly Played Foil","0.88","","2.3600","0.8700","","0","",""
"8947054","One Piece Card Game","Premium Booster -The Best- Vol. 2","Shanks - OP09-004 (Reprint)","","OP09-004","SR","Moderately Played Foil","0.50","","","","","0","",""
"8947055","One Piece Card Game","Premium Booster -The Best- Vol. 2","Shanks - OP09-004 (Reprint)","","OP09-004","SR","Heavily Played Foil","1.20","","","","","0","",""
"8947056","One Piece Card Game","Premium Booster -The Best- Vol. 2","Shanks - OP09-004 (Reprint)","","OP09-004","SR","Damaged Foil","0.33","","","","","0","",""
"8948120","One Piece Card Game","Premium Booster -The Best- Vol. 2","Shanks - P-083 (Pirate Foil)","","P-083","PR","Near Mint Foil","0.28","","1.6100","0.1100","","0","",""
"8948121","One Piece Card Game","Premium Booster -The Best- Vol. 2","Shanks - P-083 (Pirate Foil)","","P-083","PR","Lightly Played Foil","0.38","","1.7400","0.2400","","0","",""
"8948122","One Piece Card Game","Premium Booster -The Best- Vol. 2","Shanks - P-083 (Pirate Foil)","","P-083","PR","Moderately Played Foil","","","10.0000","10.0000","","0","",""
"8948123","One Piece Card Game","Premium Booster -The Best- Vol. 2","Shanks - P-083 (Pirate Foil)","","P-083","PR","Heavily Played Foil","","","","","","0","",""
"8948124","One Piece Card Game","Premium Booster -The Best- Vol. 2","Shanks - P-083 (Pirate Foil)","","P-083","PR","Damaged Foil","","","","","","0","",""
"8948115","One Piece Card Game","Premium Booster -The Best- Vol. 2","Shanks - P-083 (Reprint)","","P-083","PR","Near Mint","0.39","","1.7400","0.2500","","0","",""
"8948116","One Piece Card Game","Premium Booster -The Best- Vol. 2","Shanks - P-083 (Reprint)","","P-083","PR","Lightly Played","0.28","","1.7600","0.2700","","0","",""
"8948117","One Piece Card Game","Premium Booster -The Best- Vol. 2","Shanks - P-083 (Reprint)","","P-083","PR","Moderately Played","","","","","","0","",""
"8948118","One Piece Card Game","Premium Booster -The Best- Vol. 2","Shanks - P-083 (Reprint)","","P-083","PR","Heavily Played","","","","","","0","",""
"8948119","One Piece Card Game","Premium Booster -The Best- Vol. 2","Shanks - P-083 (Reprint)","","P-083","PR","Damaged","","","","","","0","",""
"8933331","One Piece Card Game","Premium Booster -The Best- Vol. 2","Shanks - ST16-004 (Alternate Art)","","ST16-004","SR","Near Mint Foil","50.94","","51.9800","49.9900","","0","",""
"8933332","One Piece Card Game","Premium Booster -The Best- Vol. 2","Shanks - ST16-004 (Alternate Art)","","ST16-004","SR","Lightly Played Foil","29.92","","74.5000","74.5000","","0","",""
"8933333","One Piece Card Game","Premium Booster -The Best- Vol. 2","Shanks - ST16-004 (Alternate Art)","","ST16-004","SR","Moderately Played Foil","","","","","","0","",""
"8933334","One Piece Card Game","Premium Booster -The Best- Vol. 2","Shanks - ST16-004 (Alternate Art)","","ST16-004","SR","Heavily Played Foil","","","","","","0","",""
"8933335","One Piece Card Game","Premium Booster -The Best- Vol. 2","Shanks - ST16-004 (Alternate Art)","","ST16-004","SR","Damaged Foil","","","","","","0","",""
"8947227","One Piece Card Game","Premium Booster -The Best- Vol. 2","Shanks - ST16-004 (Reprint)","","ST16-004","SR","Near Mint Foil","3.80","","4.3900","2.9000","","0","",""
"8947228","One Piece Card Game","Premium Booster -The Best- Vol. 2","Shanks - ST16-004 (Reprint)","","ST16-004","SR","Lightly Played Foil","2.09","","5.0000","5.0000","","0","",""
"8947229","One Piece Card Game","Premium Booster -The Best- Vol. 2","Shanks - ST16-004 (Reprint)","","ST16-004","SR","Moderately Played Foil","0.25","","","","","0","",""
"8947230","One Piece Card Game","Premium Booster -The Best- Vol. 2","Shanks - ST16-004 (Reprint)","","ST16-004","SR","Heavily Played Foil","","","","","","0","",""
"8947231","One Piece Card Game","Premium Booster -The Best- Vol. 2","Shanks - ST16-004 (Reprint)","","ST16-004","SR","Damaged Foil","","","","","","0","",""
"8947477","One Piece Card Game","Premium Booster -The Best- Vol. 2","Shanks (Reprint)","","OP06-007","SR","Near Mint Foil","1.10","","2.2000","0.7100","","0","",""
"8947478","One Piece Card Game","Premium Booster -The Best- Vol. 2","Shanks (Reprint)","","OP06-007","SR","Lightly Played Foil","1.26","","2.7600","1.2700","","0","",""
"8947479","One Piece Card Game","Premium Booster -The Best- Vol. 2","Shanks (Reprint)","","OP06-007","SR","Moderately Played Foil","","","","","","0","",""
"8947480","One Piece Card Game","Premium Booster -The Best- Vol. 2","Shanks (Reprint)","","OP06-007","SR","Heavily Played Foil","","","","","","0","",""
"8947481","One Piece Card Game","Premium Booster -The Best- Vol. 2","Shanks (Reprint)","","OP06-007","SR","Damaged Foil","","","","","","0","",""
"8935473","One Piece Card Game","Premium Booster -The Best- Vol. 2","Shanks (SP)","","OP06-007","SR","Near Mint Foil","210.12","","194.1400","194.1400","","0","",""
"8935474","One Piece Card Game","Premium Booster -The Best- Vol. 2","Shanks (SP)","","OP06-007","SR","Lightly Played Foil","209.93","","","","","0","",""
"8935475","One Piece Card Game","Premium Booster -The Best- Vol. 2","Shanks (SP)","","OP06-007","SR","Moderately Played Foil","149.99","","","","","0","",""
"8935476","One Piece Card Game","Premium Booster -The Best- Vol. 2","Shanks (SP)","","OP06-007","SR","Heavily Played Foil","","","","","","0","",""
"8935477","One Piece Card Game","Premium Booster -The Best- Vol. 2","Shanks (SP)","","OP06-007","SR","Damaged Foil","","","","","","0","",""
"8947637","One Piece Card Game","Premium Booster -The Best- Vol. 2","Shiki (Pirate Foil)","","OP06-073","UC","Near Mint Foil","0.12","","1.5000","0.0100","","0","",""
"8947638","One Piece Card Game","Premium Booster -The Best- Vol. 2","Shiki (Pirate Foil)","","OP06-073","UC","Lightly Played Foil","0.24","","1.5400","0.0500","","0","",""
"8947639","One Piece Card Game","Premium Booster -The Best- Vol. 2","Shiki (Pirate Foil)","","OP06-073","UC","Moderately Played Foil","","","","","","0","",""
"8947640","One Piece Card Game","Premium Booster -The Best- Vol. 2","Shiki (Pirate Foil)","","OP06-073","UC","Heavily Played Foil","","","","","","0","",""
"8947641","One Piece Card Game","Premium Booster -The Best- Vol. 2","Shiki (Pirate Foil)","","OP06-073","UC","Damaged Foil","","","","","","0","",""
"8947632","One Piece Card Game","Premium Booster -The Best- Vol. 2","Shiki (Reprint)","","OP06-073","UC","Near Mint","0.03","","1.5000","0.0100","","0","",""
"8947633","One Piece Card Game","Premium Booster -The Best- Vol. 2","Shiki (Reprint)","","OP06-073","UC","Lightly Played","","","1.5200","0.0300","","0","",""
"8947634","One Piece Card Game","Premium Booster -The Best- Vol. 2","Shiki (Reprint)","","OP06-073","UC","Moderately Played","","","2.1400","0.1500","","0","",""
"8947635","One Piece Card Game","Premium Booster -The Best- Vol. 2","Shiki (Reprint)","","OP06-073","UC","Heavily Played","","","","","","0","",""
"8947636","One Piece Card Game","Premium Booster -The Best- Vol. 2","Shiki (Reprint)","","OP06-073","UC","Damaged","","","99.0000","99.0000","","0","",""
"8946892","One Piece Card Game","Premium Booster -The Best- Vol. 2","Shirahoshi (Reprint)","","EB01-057","SR","Near Mint Foil","0.41","","1.7000","0.2100","","0","",""
"8946893","One Piece Card Game","Premium Booster -The Best- Vol. 2","Shirahoshi (Reprint)","","EB01-057","SR","Lightly Played Foil","0.56","","1.9900","0.5000","","0","",""
"8946894","One Piece Card Game","Premium Booster -The Best- Vol. 2","Shirahoshi (Reprint)","","EB01-057","SR","Moderately Played Foil","","","1.9900","0.5000","","0","",""
"8946895","One Piece Card Game","Premium Booster -The Best- Vol. 2","Shirahoshi (Reprint)","","EB01-057","SR","Heavily Played Foil","","","","","","0","",""
"8946896","One Piece Card Game","Premium Booster -The Best- Vol. 2","Shirahoshi (Reprint)","","EB01-057","SR","Damaged Foil","","","","","","0","",""
"8929427","One Piece Card Game","Premium Booster -The Best- Vol. 2","Shiryu","","PRB02-015","R","Near Mint Foil","2.28","","3.4400","1.9500","","0","",""
"8929428","One Piece Card Game","Premium Booster -The Best- Vol. 2","Shiryu","","PRB02-015","R","Lightly Played Foil","5.92","","3.7400","2.2500","","0","",""
"8929429","One Piece Card Game","Premium Booster -The Best- Vol. 2","Shiryu","","PRB02-015","R","Moderately Played Foil","2.43","","","","","0","",""
"8929430","One Piece Card Game","Premium Booster -The Best- Vol. 2","Shiryu","","PRB02-015","R","Heavily Played Foil","","","","","","0","",""
"8929431","One Piece Card Game","Premium Booster -The Best- Vol. 2","Shiryu","","PRB02-015","R","Damaged Foil","","","","","","0","",""
"8929432","One Piece Card Game","Premium Booster -The Best- Vol. 2","Shiryu (Alternate Art)","","PRB02-015","R","Near Mint Foil","7.53","","7.4900","7.4900","","0","",""
"8929433","One Piece Card Game","Premium Booster -The Best- Vol. 2","Shiryu (Alternate Art)","","PRB02-015","R","Lightly Played Foil","14.36","","7.3600","7.3600","","0","",""
"8929434","One Piece Card Game","Premium Booster -The Best- Vol. 2","Shiryu (Alternate Art)","","PRB02-015","R","Moderately Played Foil","","","11.9900","11.0000","","0","",""
"8929435","One Piece Card Game","Premium Booster -The Best- Vol. 2","Shiryu (Alternate Art)","","PRB02-015","R","Heavily Played Foil","","","","","","0","",""
"8929436","One Piece Card Game","Premium Booster -The Best- Vol. 2","Shiryu (Alternate Art)","","PRB02-015","R","Damaged Foil","3.00","","","","","0","",""
"8948160","One Piece Card Game","Premium Booster -The Best- Vol. 2","Silvers Rayleigh - OP08-118 (Reprint)","","OP08-118","SEC","Near Mint Foil","2.89","","3.9400","2.4500","","0","",""
"8948161","One Piece Card Game","Premium Booster -The Best- Vol. 2","Silvers Rayleigh - OP08-118 (Reprint)","","OP08-118","SEC","Lightly Played Foil","3.66","","4.4700","2.9800","","0","",""
"8948162","One Piece Card Game","Premium Booster -The Best- Vol. 2","Silvers Rayleigh - OP08-118 (Reprint)","","OP08-118","SEC","Moderately Played Foil","3.00","","","","","0","",""
"8948163","One Piece Card Game","Premium Booster -The Best- Vol. 2","Silvers Rayleigh - OP08-118 (Reprint)","","OP08-118","SEC","Heavily Played Foil","1.29","","","","","0","",""
"8948164","One Piece Card Game","Premium Booster -The Best- Vol. 2","Silvers Rayleigh - OP08-118 (Reprint)","","OP08-118","SEC","Damaged Foil","","","","","","0","",""
"8947062","One Piece Card Game","Premium Booster -The Best- Vol. 2","Silvers Rayleigh - OP09-005 (Reprint)","","OP09-005","R","Near Mint Foil","0.13","","1.5200","0.0200","","0","",""
"8947063","One Piece Card Game","Premium Booster -The Best- Vol. 2","Silvers Rayleigh - OP09-005 (Reprint)","","OP09-005","R","Lightly Played Foil","0.09","","1.5900","0.1000","","0","",""
"8947064","One Piece Card Game","Premium Booster -The Best- Vol. 2","Silvers Rayleigh - OP09-005 (Reprint)","","OP09-005","R","Moderately Played Foil","","","","","","0","",""
"8947065","One Piece Card Game","Premium Booster -The Best- Vol. 2","Silvers Rayleigh - OP09-005 (Reprint)","","OP09-005","R","Heavily Played Foil","","","","","","0","",""
"8947066","One Piece Card Game","Premium Booster -The Best- Vol. 2","Silvers Rayleigh - OP09-005 (Reprint)","","OP09-005","R","Damaged Foil","","","","","","0","",""
"8947027","One Piece Card Game","Premium Booster -The Best- Vol. 2","Six King Pistol (Reprint)","","OP03-097","R","Near Mint Foil","0.21","","1.5500","0.0600","","0","",""
"8947028","One Piece Card Game","Premium Booster -The Best- Vol. 2","Six King Pistol (Reprint)","","OP03-097","R","Lightly Played Foil","0.32","","1.6900","0.2000","","0","",""
"8947029","One Piece Card Game","Premium Booster -The Best- Vol. 2","Six King Pistol (Reprint)","","OP03-097","R","Moderately Played Foil","","","","","","0","",""
"8947030","One Piece Card Game","Premium Booster -The Best- Vol. 2","Six King Pistol (Reprint)","","OP03-097","R","Heavily Played Foil","","","","","","0","",""
"8947031","One Piece Card Game","Premium Booster -The Best- Vol. 2","Six King Pistol (Reprint)","","OP03-097","R","Damaged Foil","","","","","","0","",""
"8947944","One Piece Card Game","Premium Booster -The Best- Vol. 2","Slave Arrow (Pirate Foil)","","OP07-056","UC","Near Mint Foil","0.94","","1.9700","0.4800","","0","",""
"8947945","One Piece Card Game","Premium Booster -The Best- Vol. 2","Slave Arrow (Pirate Foil)","","OP07-056","UC","Lightly Played Foil","0.98","","2.3300","0.8400","","0","",""
"8947946","One Piece Card Game","Premium Booster -The Best- Vol. 2","Slave Arrow (Pirate Foil)","","OP07-056","UC","Moderately Played Foil","1.00","","","","","0","",""
"8947947","One Piece Card Game","Premium Booster -The Best- Vol. 2","Slave Arrow (Pirate Foil)","","OP07-056","UC","Heavily Played Foil","","","","","","0","",""
"8947948","One Piece Card Game","Premium Booster -The Best- Vol. 2","Slave Arrow (Pirate Foil)","","OP07-056","UC","Damaged Foil","","","","","","0","",""
"8947939","One Piece Card Game","Premium Booster -The Best- Vol. 2","Slave Arrow (Reprint)","","OP07-056","UC","Near Mint","0.18","","1.5900","0.1000","","0","",""
"8947940","One Piece Card Game","Premium Booster -The Best- Vol. 2","Slave Arrow (Reprint)","","OP07-056","UC","Lightly Played","0.18","","1.5900","0.1000","","0","",""
"8947941","One Piece Card Game","Premium Booster -The Best- Vol. 2","Slave Arrow (Reprint)","","OP07-056","UC","Moderately Played","0.15","","2.1400","0.1500","","0","",""
"8947942","One Piece Card Game","Premium Booster -The Best- Vol. 2","Slave Arrow (Reprint)","","OP07-056","UC","Heavily Played","","","","","","0","",""
"8947943","One Piece Card Game","Premium Booster -The Best- Vol. 2","Slave Arrow (Reprint)","","OP07-056","UC","Damaged","","","","","","0","",""
"8947994","One Piece Card Game","Premium Booster -The Best- Vol. 2","Slow-Slow Beam Sword (Pirate Foil)","","OP07-076","C","Near Mint Foil","1.94","","3.5300","2.0400","","0","",""
"8947995","One Piece Card Game","Premium Booster -The Best- Vol. 2","Slow-Slow Beam Sword (Pirate Foil)","","OP07-076","C","Lightly Played Foil","1.27","","6.6900","5.0000","","0","",""
"8947996","One Piece Card Game","Premium Booster -The Best- Vol. 2","Slow-Slow Beam Sword (Pirate Foil)","","OP07-076","C","Moderately Played Foil","0.89","","","","","0","",""
"8947997","One Piece Card Game","Premium Booster -The Best- Vol. 2","Slow-Slow Beam Sword (Pirate Foil)","","OP07-076","C","Heavily Played Foil","","","","","","0","",""
"8947998","One Piece Card Game","Premium Booster -The Best- Vol. 2","Slow-Slow Beam Sword (Pirate Foil)","","OP07-076","C","Damaged Foil","","","","","","0","",""
"8947984","One Piece Card Game","Premium Booster -The Best- Vol. 2","Slow-Slow Beam Sword (Reprint)","","OP07-076","C","Near Mint","0.30","","1.5400","0.0500","","0","",""
"8947985","One Piece Card Game","Premium Booster -The Best- Vol. 2","Slow-Slow Beam Sword (Reprint)","","OP07-076","C","Lightly Played","0.28","","1.7400","0.2500","","0","",""
"8947986","One Piece Card Game","Premium Booster -The Best- Vol. 2","Slow-Slow Beam Sword (Reprint)","","OP07-076","C","Moderately Played","","","","","","0","",""
"8947987","One Piece Card Game","Premium Booster -The Best- Vol. 2","Slow-Slow Beam Sword (Reprint)","","OP07-076","C","Heavily Played","","","","","","0","",""
"8947988","One Piece Card Game","Premium Booster -The Best- Vol. 2","Slow-Slow Beam Sword (Reprint)","","OP07-076","C","Damaged","","","","","","0","",""
"8947447","One Piece Card Game","Premium Booster -The Best- Vol. 2","Tashigi (Reprint)","","OP10-032","SR","Near Mint Foil","0.49","","1.6900","0.2000","","0","",""
"8947448","One Piece Card Game","Premium Booster -The Best- Vol. 2","Tashigi (Reprint)","","OP10-032","SR","Lightly Played Foil","1.10","","2.0000","0.5100","","0","",""
"8947449","One Piece Card Game","Premium Booster -The Best- Vol. 2","Tashigi (Reprint)","","OP10-032","SR","Moderately Played Foil","","","","","","0","",""
"8947450","One Piece Card Game","Premium Booster -The Best- Vol. 2","Tashigi (Reprint)","","OP10-032","SR","Heavily Played Foil","","","","","","0","",""
"8947451","One Piece Card Game","Premium Booster -The Best- Vol. 2","Tashigi (Reprint)","","OP10-032","SR","Damaged Foil","","","","","","0","",""
"8947427","One Piece Card Game","Premium Booster -The Best- Vol. 2","Ten-Layer Igloo (Pirate Foil)","","OP10-018","C","Near Mint Foil","0.23","","1.5700","0.0800","","0","",""
"8947428","One Piece Card Game","Premium Booster -The Best- Vol. 2","Ten-Layer Igloo (Pirate Foil)","","OP10-018","C","Lightly Played Foil","0.29","","1.6900","0.2000","","0","",""
"8947429","One Piece Card Game","Premium Booster -The Best- Vol. 2","Ten-Layer Igloo (Pirate Foil)","","OP10-018","C","Moderately Played Foil","","","","","","0","",""
"8947430","One Piece Card Game","Premium Booster -The Best- Vol. 2","Ten-Layer Igloo (Pirate Foil)","","OP10-018","C","Heavily Played Foil","","","","","","0","",""
"8947431","One Piece Card Game","Premium Booster -The Best- Vol. 2","Ten-Layer Igloo (Pirate Foil)","","OP10-018","C","Damaged Foil","","","","","","0","",""
"8947432","One Piece Card Game","Premium Booster -The Best- Vol. 2","Ten-Layer Igloo (Reprint)","","OP10-018","C","Near Mint","0.10","","1.5000","0.0100","","0","",""
"8947433","One Piece Card Game","Premium Booster -The Best- Vol. 2","Ten-Layer Igloo (Reprint)","","OP10-018","C","Lightly Played","","","1.5400","0.0500","","0","",""
"8947434","One Piece Card Game","Premium Booster -The Best- Vol. 2","Ten-Layer Igloo (Reprint)","","OP10-018","C","Moderately Played","","","","","","0","",""
"8947435","One Piece Card Game","Premium Booster -The Best- Vol. 2","Ten-Layer Igloo (Reprint)","","OP10-018","C","Heavily Played","","","","","","0","",""
"8947436","One Piece Card Game","Premium Booster -The Best- Vol. 2","Ten-Layer Igloo (Reprint)","","OP10-018","C","Damaged","","","99.0000","99.0000","","0","",""
"8947527","One Piece Card Game","Premium Booster -The Best- Vol. 2","The Three Brothers' Bond (Pirate Foil)","","ST13-019","C","Near Mint Foil","0.25","","1.5300","0.0400","","0","",""
"8947528","One Piece Card Game","Premium Booster -The Best- Vol. 2","The Three Brothers' Bond (Pirate Foil)","","ST13-019","C","Lightly Played Foil","0.28","","1.6900","0.2000","","0","",""
"8947529","One Piece Card Game","Premium Booster -The Best- Vol. 2","The Three Brothers' Bond (Pirate Foil)","","ST13-019","C","Moderately Played Foil","","","2.1600","0.1700","","0","",""
"8947530","One Piece Card Game","Premium Booster -The Best- Vol. 2","The Three Brothers' Bond (Pirate Foil)","","ST13-019","C","Heavily Played Foil","","","","","","0","",""
"8947531","One Piece Card Game","Premium Booster -The Best- Vol. 2","The Three Brothers' Bond (Pirate Foil)","","ST13-019","C","Damaged Foil","","","99.0000","99.0000","","0","",""
"8947522","One Piece Card Game","Premium Booster -The Best- Vol. 2","The Three Brothers' Bond (Reprint)","","ST13-019","C","Near Mint","0.09","","1.5000","0.0100","","0","",""
"8947523","One Piece Card Game","Premium Booster -The Best- Vol. 2","The Three Brothers' Bond (Reprint)","","ST13-019","C","Lightly Played","0.10","","1.5900","0.1000","","0","",""
"8947524","One Piece Card Game","Premium Booster -The Best- Vol. 2","The Three Brothers' Bond (Reprint)","","ST13-019","C","Moderately Played","","","2.1400","0.1500","","0","",""
"8947525","One Piece Card Game","Premium Booster -The Best- Vol. 2","The Three Brothers' Bond (Reprint)","","ST13-019","C","Heavily Played","","","","","","0","",""
"8947526","One Piece Card Game","Premium Booster -The Best- Vol. 2","The Three Brothers' Bond (Reprint)","","ST13-019","C","Damaged","","","","","","0","",""
"8948185","One Piece Card Game","Premium Booster -The Best- Vol. 2","Thousand Sunny (Pirate Foil)","","ST14-017","C","Near Mint Foil","1.01","","3.4500","0.4600","","0","",""
"8948186","One Piece Card Game","Premium Booster -The Best- Vol. 2","Thousand Sunny (Pirate Foil)","","ST14-017","C","Lightly Played Foil","0.37","","","","","0","",""
"8948187","One Piece Card Game","Premium Booster -The Best- Vol. 2","Thousand Sunny (Pirate Foil)","","ST14-017","C","Moderately Played Foil","","","","","","0","",""
"8948188","One Piece Card Game","Premium Booster -The Best- Vol. 2","Thousand Sunny (Pirate Foil)","","ST14-017","C","Heavily Played Foil","","","","","","0","",""
"8948189","One Piece Card Game","Premium Booster -The Best- Vol. 2","Thousand Sunny (Pirate Foil)","","ST14-017","C","Damaged Foil","","","","","","0","",""
"8947392","One Piece Card Game","Premium Booster -The Best- Vol. 2","Thousand Sunny (Reprint)","","ST14-017","C","Near Mint","0.17","","1.5000","0.0100","","0","",""
"8947393","One Piece Card Game","Premium Booster -The Best- Vol. 2","Thousand Sunny (Reprint)","","ST14-017","C","Lightly Played","0.16","","1.5500","0.0600","","0","",""
"8947394","One Piece Card Game","Premium Booster -The Best- Vol. 2","Thousand Sunny (Reprint)","","ST14-017","C","Moderately Played","","","2.1400","0.1500","","0","",""
"8947395","One Piece Card Game","Premium Booster -The Best- Vol. 2","Thousand Sunny (Reprint)","","ST14-017","C","Heavily Played","","","","","","0","",""
"8947396","One Piece Card Game","Premium Booster -The Best- Vol. 2","Thousand Sunny (Reprint)","","ST14-017","C","Damaged","","","","","","0","",""
"8935304","One Piece Card Game","Premium Booster -The Best- Vol. 2","Tony Tony.Chopper (Alternate Art)","","OP10-011","R","Near Mint Foil","38.47","","35.0000","33.0000","","0","",""
"8935305","One Piece Card Game","Premium Booster -The Best- Vol. 2","Tony Tony.Chopper (Alternate Art)","","OP10-011","R","Lightly Played Foil","42.50","","37.9800","35.9900","","0","",""
"8935306","One Piece Card Game","Premium Booster -The Best- Vol. 2","Tony Tony.Chopper (Alternate Art)","","OP10-011","R","Moderately Played Foil","","","","","","0","",""
"8935307","One Piece Card Game","Premium Booster -The Best- Vol. 2","Tony Tony.Chopper (Alternate Art)","","OP10-011","R","Heavily Played Foil","","","","","","0","",""
"8935308","One Piece Card Game","Premium Booster -The Best- Vol. 2","Tony Tony.Chopper (Alternate Art)","","OP10-011","R","Damaged Foil","","","","","","0","",""
"8935294","One Piece Card Game","Premium Booster -The Best- Vol. 2","Tony Tony.Chopper (Reprint)","","OP10-011","R","Near Mint Foil","1.13","","2.3400","0.8500","","0","",""
"8935295","One Piece Card Game","Premium Booster -The Best- Vol. 2","Tony Tony.Chopper (Reprint)","","OP10-011","R","Lightly Played Foil","0.98","","2.4600","0.9700","","0","",""
"8935296","One Piece Card Game","Premium Booster -The Best- Vol. 2","Tony Tony.Chopper (Reprint)","","OP10-011","R","Moderately Played Foil","0.50","","","","","0","",""
"8935297","One Piece Card Game","Premium Booster -The Best- Vol. 2","Tony Tony.Chopper (Reprint)","","OP10-011","R","Heavily Played Foil","","","","","","0","",""
"8935298","One Piece Card Game","Premium Booster -The Best- Vol. 2","Tony Tony.Chopper (Reprint)","","OP10-011","R","Damaged Foil","","","","","","0","",""
"8948064","One Piece Card Game","Premium Booster -The Best- Vol. 2","Trafalgar Law -  P-088 (Pirate Foil)","","P-088","PR","Near Mint Foil","4.86","","4.4900","3.0000","","0","",""
"8948065","One Piece Card Game","Premium Booster -The Best- Vol. 2","Trafalgar Law -  P-088 (Pirate Foil)","","P-088","PR","Lightly Played Foil","11.58","","5.0400","5.0400","","0","",""
"8948066","One Piece Card Game","Premium Booster -The Best- Vol. 2","Trafalgar Law -  P-088 (Pirate Foil)","","P-088","PR","Moderately Played Foil","8.51","","8.5100","8.5100","","0","",""
"8948067","One Piece Card Game","Premium Booster -The Best- Vol. 2","Trafalgar Law -  P-088 (Pirate Foil)","","P-088","PR","Heavily Played Foil","","","13.0000","13.0000","","0","",""
"8948068","One Piece Card Game","Premium Booster -The Best- Vol. 2","Trafalgar Law -  P-088 (Pirate Foil)","","P-088","PR","Damaged Foil","","","","","","0","",""
"8948029","One Piece Card Game","Premium Booster -The Best- Vol. 2","Trafalgar Law -  P-088 (Reprint)","","P-088","PR","Near Mint","3.39","","2.9900","1.5000","","0","",""
"8948030","One Piece Card Game","Premium Booster -The Best- Vol. 2","Trafalgar Law -  P-088 (Reprint)","","P-088","PR","Lightly Played","12.02","","3.4500","1.9600","","0","",""
"8948031","One Piece Card Game","Premium Booster -The Best- Vol. 2","Trafalgar Law -  P-088 (Reprint)","","P-088","PR","Moderately Played","8.49","","18.7800","12.9900","","0","",""
"8948032","One Piece Card Game","Premium Booster -The Best- Vol. 2","Trafalgar Law -  P-088 (Reprint)","","P-088","PR","Heavily Played","","","","","","0","",""
"8948033","One Piece Card Game","Premium Booster -The Best- Vol. 2","Trafalgar Law -  P-088 (Reprint)","","P-088","PR","Damaged","8.89","","3.4800","1.9900","","0","",""
"8947292","One Piece Card Game","Premium Booster -The Best- Vol. 2","Trafalgar Law - OP09-069 (Reprint)","","OP09-069","R","Near Mint Foil","0.59","","1.8100","0.3200","","0","",""
"8947293","One Piece Card Game","Premium Booster -The Best- Vol. 2","Trafalgar Law - OP09-069 (Reprint)","","OP09-069","R","Lightly Played Foil","0.51","","1.9800","0.4900","","0","",""
"8947294","One Piece Card Game","Premium Booster -The Best- Vol. 2","Trafalgar Law - OP09-069 (Reprint)","","OP09-069","R","Moderately Played Foil","0.25","","","","","0","",""
"8947295","One Piece Card Game","Premium Booster -The Best- Vol. 2","Trafalgar Law - OP09-069 (Reprint)","","OP09-069","R","Heavily Played Foil","","","","","","0","",""
"8947296","One Piece Card Game","Premium Booster -The Best- Vol. 2","Trafalgar Law - OP09-069 (Reprint)","","OP09-069","R","Damaged Foil","","","","","","0","",""
"8947698","One Piece Card Game","Premium Booster -The Best- Vol. 2","Trafalgar Law - OP10-119 (Reprint)","","OP10-119","SEC","Near Mint Foil","6.52","","6.6400","6.6400","","0","",""
"8947699","One Piece Card Game","Premium Booster -The Best- Vol. 2","Trafalgar Law - OP10-119 (Reprint)","","OP10-119","SEC","Lightly Played Foil","5.13","","6.5900","6.5900","","0","",""
"8947700","One Piece Card Game","Premium Booster -The Best- Vol. 2","Trafalgar Law - OP10-119 (Reprint)","","OP10-119","SEC","Moderately Played Foil","2.17","","","","","0","",""
"8947701","One Piece Card Game","Premium Booster -The Best- Vol. 2","Trafalgar Law - OP10-119 (Reprint)","","OP10-119","SEC","Heavily Played Foil","","","","","","0","",""
"8947702","One Piece Card Game","Premium Booster -The Best- Vol. 2","Trafalgar Law - OP10-119 (Reprint)","","OP10-119","SEC","Damaged Foil","0.89","","","","","0","",""
"8938655","One Piece Card Game","Premium Booster -The Best- Vol. 2","Trafalgar Law - OP10-119 (SP)","","OP10-119","SEC","Near Mint Foil","168.02","","164.7800","163.2800","","0","",""
"8938656","One Piece Card Game","Premium Booster -The Best- Vol. 2","Trafalgar Law - OP10-119 (SP)","","OP10-119","SEC","Lightly Played Foil","142.67","","453.7900","450.0000","","0","",""
"8938657","One Piece Card Game","Premium Booster -The Best- Vol. 2","Trafalgar Law - OP10-119 (SP)","","OP10-119","SEC","Moderately Played Foil","100.00","","","","","0","",""
"8938658","One Piece Card Game","Premium Booster -The Best- Vol. 2","Trafalgar Law - OP10-119 (SP)","","OP10-119","SEC","Heavily Played Foil","","","","","","0","",""
"8938659","One Piece Card Game","Premium Booster -The Best- Vol. 2","Trafalgar Law - OP10-119 (SP)","","OP10-119","SEC","Damaged Foil","","","","","","0","",""
"8929549","One Piece Card Game","Premium Booster -The Best- Vol. 2","Trafalgar Law - PRB02-002","","PRB02-002","SR","Near Mint Foil","2.09","","3.1800","1.6900","","0","",""
"8929550","One Piece Card Game","Premium Booster -The Best- Vol. 2","Trafalgar Law - PRB02-002","","PRB02-002","SR","Lightly Played Foil","2.56","","3.6900","2.2000","","0","",""
"8929551","One Piece Card Game","Premium Booster -The Best- Vol. 2","Trafalgar Law - PRB02-002","","PRB02-002","SR","Moderately Played Foil","1.91","","","","","0","",""
"8929552","One Piece Card Game","Premium Booster -The Best- Vol. 2","Trafalgar Law - PRB02-002","","PRB02-002","SR","Heavily Played Foil","","","","","","0","",""
"8929553","One Piece Card Game","Premium Booster -The Best- Vol. 2","Trafalgar Law - PRB02-002","","PRB02-002","SR","Damaged Foil","","","","","","0","",""
"8929544","One Piece Card Game","Premium Booster -The Best- Vol. 2","Trafalgar Law - PRB02-002 (Alternate Art)","","PRB02-002","SR","Near Mint Foil","23.27","","19.4900","17.9900","","0","",""
"8929545","One Piece Card Game","Premium Booster -The Best- Vol. 2","Trafalgar Law - PRB02-002 (Alternate Art)","","PRB02-002","SR","Lightly Played Foil","22.73","","20.5500","20.5500","","0","",""
"8929546","One Piece Card Game","Premium Booster -The Best- Vol. 2","Trafalgar Law - PRB02-002 (Alternate Art)","","PRB02-002","SR","Moderately Played Foil","13.99","","","","","0","",""
"8929547","One Piece Card Game","Premium Booster -The Best- Vol. 2","Trafalgar Law - PRB02-002 (Alternate Art)","","PRB02-002","SR","Heavily Played Foil","","","","","","0","",""
"8929548","One Piece Card Game","Premium Booster -The Best- Vol. 2","Trafalgar Law - PRB02-002 (Alternate Art)","","PRB02-002","SR","Damaged Foil","","","","","","0","",""
"8933684","One Piece Card Game","Premium Booster -The Best- Vol. 2","Trafalgar Law - ST17-002 (Alternate Art)","","ST17-002","SR","Near Mint Foil","21.47","","14.3100","13.0000","","0","",""
"8933685","One Piece Card Game","Premium Booster -The Best- Vol. 2","Trafalgar Law - ST17-002 (Alternate Art)","","ST17-002","SR","Lightly Played Foil","23.43","","21.0100","21.0100","","0","",""
"8933686","One Piece Card Game","Premium Booster -The Best- Vol. 2","Trafalgar Law - ST17-002 (Alternate Art)","","ST17-002","SR","Moderately Played Foil","16.32","","","","","0","",""
"8933687","One Piece Card Game","Premium Booster -The Best- Vol. 2","Trafalgar Law - ST17-002 (Alternate Art)","","ST17-002","SR","Heavily Played Foil","","","","","","0","",""
"8933688","One Piece Card Game","Premium Booster -The Best- Vol. 2","Trafalgar Law - ST17-002 (Alternate Art)","","ST17-002","SR","Damaged Foil","","","","","","0","",""
"8947152","One Piece Card Game","Premium Booster -The Best- Vol. 2","Trafalgar Law - ST17-002 (Reprint)","","ST17-002","SR","Near Mint Foil","0.35","","1.6000","0.1100","","0","",""
"8947153","One Piece Card Game","Premium Booster -The Best- Vol. 2","Trafalgar Law - ST17-002 (Reprint)","","ST17-002","SR","Lightly Played Foil","0.34","","1.7600","0.2600","","0","",""
"8947154","One Piece Card Game","Premium Booster -The Best- Vol. 2","Trafalgar Law - ST17-002 (Reprint)","","ST17-002","SR","Moderately Played Foil","","","2.0600","0.5700","","0","",""
"8947155","One Piece Card Game","Premium Booster -The Best- Vol. 2","Trafalgar Law - ST17-002 (Reprint)","","ST17-002","SR","Heavily Played Foil","","","","","","0","",""
"8947156","One Piece Card Game","Premium Booster -The Best- Vol. 2","Trafalgar Law - ST17-002 (Reprint)","","ST17-002","SR","Damaged Foil","","","","","","0","",""
"8933714","One Piece Card Game","Premium Booster -The Best- Vol. 2","Urouge (Alternate Art)","","OP07-021","R","Near Mint Foil","1.60","","2.9600","1.4700","","0","",""
"8933715","One Piece Card Game","Premium Booster -The Best- Vol. 2","Urouge (Alternate Art)","","OP07-021","R","Lightly Played Foil","1.76","","4.5900","3.1000","","0","",""
"8933716","One Piece Card Game","Premium Booster -The Best- Vol. 2","Urouge (Alternate Art)","","OP07-021","R","Moderately Played Foil","0.86","","","","","0","",""
"8933717","One Piece Card Game","Premium Booster -The Best- Vol. 2","Urouge (Alternate Art)","","OP07-021","R","Heavily Played Foil","","","","","","0","",""
"8933718","One Piece Card Game","Premium Booster -The Best- Vol. 2","Urouge (Alternate Art)","","OP07-021","R","Damaged Foil","","","1.9800","0.4900","","0","",""
"8961790","One Piece Card Game","Premium Booster -The Best- Vol. 2","Urouge (Reprint)","","OP07-021","R","Near Mint Foil","0.12","","1.5200","0.0300","","0","",""
"8961791","One Piece Card Game","Premium Booster -The Best- Vol. 2","Urouge (Reprint)","","OP07-021","R","Lightly Played Foil","0.25","","1.5200","0.0300","","0","",""
"8961792","One Piece Card Game","Premium Booster -The Best- Vol. 2","Urouge (Reprint)","","OP07-021","R","Moderately Played Foil","","","1.7900","0.3000","","0","",""
"8961793","One Piece Card Game","Premium Booster -The Best- Vol. 2","Urouge (Reprint)","","OP07-021","R","Heavily Played Foil","","","","","","0","",""
"8961794","One Piece Card Game","Premium Booster -The Best- Vol. 2","Urouge (Reprint)","","OP07-021","R","Damaged Foil","","","","","","0","",""
"8947082","One Piece Card Game","Premium Booster -The Best- Vol. 2","Uso-Hachi (Alternate Art)","","ST18-001","C","Near Mint Foil","25.48","","25.9600","25.9600","","0","",""
"8947083","One Piece Card Game","Premium Booster -The Best- Vol. 2","Uso-Hachi (Alternate Art)","","ST18-001","C","Lightly Played Foil","29.24","","","","","0","",""
"8947084","One Piece Card Game","Premium Booster -The Best- Vol. 2","Uso-Hachi (Alternate Art)","","ST18-001","C","Moderately Played Foil","","","","","","0","",""
"8947085","One Piece Card Game","Premium Booster -The Best- Vol. 2","Uso-Hachi (Alternate Art)","","ST18-001","C","Heavily Played Foil","","","","","","0","",""
"8947086","One Piece Card Game","Premium Booster -The Best- Vol. 2","Uso-Hachi (Alternate Art)","","ST18-001","C","Damaged Foil","","","","","","0","",""
"8947087","One Piece Card Game","Premium Booster -The Best- Vol. 2","Uso-Hachi (Pirate Foil)","","ST18-001","C","Near Mint Foil","3.28","","4.0600","2.5700","","0","",""
"8947088","One Piece Card Game","Premium Booster -The Best- Vol. 2","Uso-Hachi (Pirate Foil)","","ST18-001","C","Lightly Played Foil","3.07","","4.5500","3.0600","","0","",""
"8947089","One Piece Card Game","Premium Booster -The Best- Vol. 2","Uso-Hachi (Pirate Foil)","","ST18-001","C","Moderately Played Foil","2.74","","","","","0","",""
"8947090","One Piece Card Game","Premium Booster -The Best- Vol. 2","Uso-Hachi (Pirate Foil)","","ST18-001","C","Heavily Played Foil","2.25","","","","","0","",""
"8947091","One Piece Card Game","Premium Booster -The Best- Vol. 2","Uso-Hachi (Pirate Foil)","","ST18-001","C","Damaged Foil","","","","","","0","",""
"8947077","One Piece Card Game","Premium Booster -The Best- Vol. 2","Uso-Hachi (Reprint)","","ST18-001","C","Near Mint","3.08","","3.6000","2.0000","","0","",""
"8947078","One Piece Card Game","Premium Booster -The Best- Vol. 2","Uso-Hachi (Reprint)","","ST18-001","C","Lightly Played","2.67","","4.3300","2.8400","","0","",""
"8947079","One Piece Card Game","Premium Booster -The Best- Vol. 2","Uso-Hachi (Reprint)","","ST18-001","C","Moderately Played","2.68","","","","","0","",""
"8947080","One Piece Card Game","Premium Booster -The Best- Vol. 2","Uso-Hachi (Reprint)","","ST18-001","C","Heavily Played","","","3.4900","2.0000","","0","",""
"8947081","One Piece Card Game","Premium Booster -The Best- Vol. 2","Uso-Hachi (Reprint)","","ST18-001","C","Damaged","","","","","","0","",""
"8947047","One Piece Card Game","Premium Booster -The Best- Vol. 2","Uta (Reprint)","","OP09-002","R","Near Mint Foil","0.25","","1.5900","0.1000","","0","",""
"8947048","One Piece Card Game","Premium Booster -The Best- Vol. 2","Uta (Reprint)","","OP09-002","R","Lightly Played Foil","0.21","","1.6900","0.2000","","0","",""
"8947049","One Piece Card Game","Premium Booster -The Best- Vol. 2","Uta (Reprint)","","OP09-002","R","Moderately Played Foil","","","1.7900","0.1000","","0","",""
"8947050","One Piece Card Game","Premium Booster -The Best- Vol. 2","Uta (Reprint)","","OP09-002","R","Heavily Played Foil","","","","","","0","",""
"8947051","One Piece Card Game","Premium Booster -The Best- Vol. 2","Uta (Reprint)","","OP09-002","R","Damaged Foil","","","","","","0","",""
"8947622","One Piece Card Game","Premium Booster -The Best- Vol. 2","Vinsmoke Sora (Pirate Foil)","","OP06-063","UC","Near Mint Foil","0.24","","1.5000","0.0100","","0","",""
"8947623","One Piece Card Game","Premium Booster -The Best- Vol. 2","Vinsmoke Sora (Pirate Foil)","","OP06-063","UC","Lightly Played Foil","0.28","","1.6900","0.2000","","0","",""
"8947624","One Piece Card Game","Premium Booster -The Best- Vol. 2","Vinsmoke Sora (Pirate Foil)","","OP06-063","UC","Moderately Played Foil","","","2.3400","0.3500","","0","",""
"8947625","One Piece Card Game","Premium Booster -The Best- Vol. 2","Vinsmoke Sora (Pirate Foil)","","OP06-063","UC","Heavily Played Foil","","","1.8900","0.4000","","0","",""
"8947626","One Piece Card Game","Premium Booster -The Best- Vol. 2","Vinsmoke Sora (Pirate Foil)","","OP06-063","UC","Damaged Foil","","","","","","0","",""
"8947607","One Piece Card Game","Premium Booster -The Best- Vol. 2","Vinsmoke Sora (Reprint)","","OP06-063","UC","Near Mint","0.05","","1.5000","0.0100","","0","",""
"8947608","One Piece Card Game","Premium Booster -The Best- Vol. 2","Vinsmoke Sora (Reprint)","","OP06-063","UC","Lightly Played","0.10","","1.5400","0.0500","","0","",""
"8947609","One Piece Card Game","Premium Booster -The Best- Vol. 2","Vinsmoke Sora (Reprint)","","OP06-063","UC","Moderately Played","","","2.1900","0.2000","","0","",""
"8947610","One Piece Card Game","Premium Booster -The Best- Vol. 2","Vinsmoke Sora (Reprint)","","OP06-063","UC","Heavily Played","","","","","","0","",""
"8947611","One Piece Card Game","Premium Booster -The Best- Vol. 2","Vinsmoke Sora (Reprint)","","OP06-063","UC","Damaged","","","99.0000","99.0000","","0","",""
"8947602","One Piece Card Game","Premium Booster -The Best- Vol. 2","White Snake (Pirate Foil)","","OP06-059","UC","Near Mint Foil","0.24","","1.5300","0.0400","","0","",""
"8947603","One Piece Card Game","Premium Booster -The Best- Vol. 2","White Snake (Pirate Foil)","","OP06-059","UC","Lightly Played Foil","0.36","","1.6900","0.2000","","0","",""
"8947604","One Piece Card Game","Premium Booster -The Best- Vol. 2","White Snake (Pirate Foil)","","OP06-059","UC","Moderately Played Foil","","","2.2900","0.3000","","0","",""
"8947605","One Piece Card Game","Premium Booster -The Best- Vol. 2","White Snake (Pirate Foil)","","OP06-059","UC","Heavily Played Foil","","","","","","0","",""
"8947606","One Piece Card Game","Premium Booster -The Best- Vol. 2","White Snake (Pirate Foil)","","OP06-059","UC","Damaged Foil","","","","","","0","",""
"8947597","One Piece Card Game","Premium Booster -The Best- Vol. 2","White Snake (Reprint)","","OP06-059","UC","Near Mint","0.08","","1.5000","0.0100","","0","",""
"8947598","One Piece Card Game","Premium Booster -The Best- Vol. 2","White Snake (Reprint)","","OP06-059","UC","Lightly Played","","","1.5400","0.0500","","0","",""
"8947599","One Piece Card Game","Premium Booster -The Best- Vol. 2","White Snake (Reprint)","","OP06-059","UC","Moderately Played","","","2.1400","0.1500","","0","",""
"8947600","One Piece Card Game","Premium Booster -The Best- Vol. 2","White Snake (Reprint)","","OP06-059","UC","Heavily Played","","","","","","0","",""
"8947601","One Piece Card Game","Premium Booster -The Best- Vol. 2","White Snake (Reprint)","","OP06-059","UC","Damaged","","","99.0000","99.0000","","0","",""
"8947682","One Piece Card Game","Premium Booster -The Best- Vol. 2","X.Drake (Alternate Art)","","OP10-114","UC","Near Mint Foil","36.39","","17.9000","17.9000","","0","",""
"8947683","One Piece Card Game","Premium Booster -The Best- Vol. 2","X.Drake (Alternate Art)","","OP10-114","UC","Lightly Played Foil","16.13","","17.6200","16.1300","","0","",""
"8947684","One Piece Card Game","Premium Booster -The Best- Vol. 2","X.Drake (Alternate Art)","","OP10-114","UC","Moderately Played Foil","","","","","","0","",""
"8947685","One Piece Card Game","Premium Booster -The Best- Vol. 2","X.Drake (Alternate Art)","","OP10-114","UC","Heavily Played Foil","","","","","","0","",""
"8947686","One Piece Card Game","Premium Booster -The Best- Vol. 2","X.Drake (Alternate Art)","","OP10-114","UC","Damaged Foil","","","","","","0","",""
"8947647","One Piece Card Game","Premium Booster -The Best- Vol. 2","X.Drake (Pirate Foil)","","OP10-114","UC","Near Mint Foil","0.21","","1.5600","0.0700","","0","",""
"8947648","One Piece Card Game","Premium Booster -The Best- Vol. 2","X.Drake (Pirate Foil)","","OP10-114","UC","Lightly Played Foil","0.25","","1.6700","0.1800","","0","",""
"8947649","One Piece Card Game","Premium Booster -The Best- Vol. 2","X.Drake (Pirate Foil)","","OP10-114","UC","Moderately Played Foil","","","","","","0","",""
"8947650","One Piece Card Game","Premium Booster -The Best- Vol. 2","X.Drake (Pirate Foil)","","OP10-114","UC","Heavily Played Foil","","","","","","0","",""
"8947651","One Piece Card Game","Premium Booster -The Best- Vol. 2","X.Drake (Pirate Foil)","","OP10-114","UC","Damaged Foil","","","","","","0","",""
"8947662","One Piece Card Game","Premium Booster -The Best- Vol. 2","X.Drake (Reprint)","","OP10-114","UC","Near Mint","0.10","","1.5000","0.0100","","0","",""
"8947663","One Piece Card Game","Premium Booster -The Best- Vol. 2","X.Drake (Reprint)","","OP10-114","UC","Lightly Played","0.15","","1.6200","0.1300","","0","",""
"8947664","One Piece Card Game","Premium Booster -The Best- Vol. 2","X.Drake (Reprint)","","OP10-114","UC","Moderately Played","","","2.1400","0.1500","","0","",""
"8947665","One Piece Card Game","Premium Booster -The Best- Vol. 2","X.Drake (Reprint)","","OP10-114","UC","Heavily Played","","","","","","0","",""
"8947666","One Piece Card Game","Premium Booster -The Best- Vol. 2","X.Drake (Reprint)","","OP10-114","UC","Damaged","","","99.0000","99.0000","","0","",""
"8946937","One Piece Card Game","Premium Booster -The Best- Vol. 2","You Can Be My Samurai!! (Pirate Foil)","","OP01-055","C","Near Mint Foil","2.51","","3.9400","2.4500","","0","",""
"8946938","One Piece Card Game","Premium Booster -The Best- Vol. 2","You Can Be My Samurai!! (Pirate Foil)","","OP01-055","C","Lightly Played Foil","1.89","","2.4800","0.9900","","0","",""
"8946939","One Piece Card Game","Premium Booster -The Best- Vol. 2","You Can Be My Samurai!! (Pirate Foil)","","OP01-055","C","Moderately Played Foil","","","","","","0","",""
"8946940","One Piece Card Game","Premium Booster -The Best- Vol. 2","You Can Be My Samurai!! (Pirate Foil)","","OP01-055","C","Heavily Played Foil","0.37","","","","","0","",""
"8946941","One Piece Card Game","Premium Booster -The Best- Vol. 2","You Can Be My Samurai!! (Pirate Foil)","","OP01-055","C","Damaged Foil","","","","","","0","",""
"8946932","One Piece Card Game","Premium Booster -The Best- Vol. 2","You Can Be My Samurai!! (Reprint)","","OP01-055","C","Near Mint","2.19","","2.4900","1.0000","","0","",""
"8946933","One Piece Card Game","Premium Booster -The Best- Vol. 2","You Can Be My Samurai!! (Reprint)","","OP01-055","C","Lightly Played","0.56","","1.7400","0.2500","","0","",""
"8946934","One Piece Card Game","Premium Booster -The Best- Vol. 2","You Can Be My Samurai!! (Reprint)","","OP01-055","C","Moderately Played","0.15","","13.8300","1.8400","","0","",""
"8946935","One Piece Card Game","Premium Booster -The Best- Vol. 2","You Can Be My Samurai!! (Reprint)","","OP01-055","C","Heavily Played","","","","","","0","",""
"8946936","One Piece Card Game","Premium Booster -The Best- Vol. 2","You Can Be My Samurai!! (Reprint)","","OP01-055","C","Damaged","","","","","","0","",""
"8947713","One Piece Card Game","Premium Booster -The Best- Vol. 2","You're the One Who Should Disappear (Alternate Art)","","OP06-115","R","Near Mint Foil","22.13","","21.5000","20.0000","","0","",""
"8947714","One Piece Card Game","Premium Booster -The Best- Vol. 2","You're the One Who Should Disappear (Alternate Art)","","OP06-115","R","Lightly Played Foil","26.14","","21.0000","21.0000","","0","",""
"8947715","One Piece Card Game","Premium Booster -The Best- Vol. 2","You're the One Who Should Disappear (Alternate Art)","","OP06-115","R","Moderately Played Foil","20.99","","","","","0","",""
"8947716","One Piece Card Game","Premium Booster -The Best- Vol. 2","You're the One Who Should Disappear (Alternate Art)","","OP06-115","R","Heavily Played Foil","","","","","","0","",""
"8947717","One Piece Card Game","Premium Booster -The Best- Vol. 2","You're the One Who Should Disappear (Alternate Art)","","OP06-115","R","Damaged Foil","","","","","","0","",""
"8947708","One Piece Card Game","Premium Booster -The Best- Vol. 2","You're the One Who Should Disappear (Reprint)","","OP06-115","R","Near Mint Foil","1.17","","2.1900","0.7000","","0","",""
"8947709","One Piece Card Game","Premium Booster -The Best- Vol. 2","You're the One Who Should Disappear (Reprint)","","OP06-115","R","Lightly Played Foil","1.33","","2.3500","0.8600","","0","",""
"8947710","One Piece Card Game","Premium Booster -The Best- Vol. 2","You're the One Who Should Disappear (Reprint)","","OP06-115","R","Moderately Played Foil","1.90","","2.4900","1.0000","","0","",""
"8947711","One Piece Card Game","Premium Booster -The Best- Vol. 2","You're the One Who Should Disappear (Reprint)","","OP06-115","R","Heavily Played Foil","","","","","","0","",""
"8947712","One Piece Card Game","Premium Booster -The Best- Vol. 2","You're the One Who Should Disappear (Reprint)","","OP06-115","R","Damaged Foil","","","","","","0","",""
